#
# A fatal error has been detected by the Java Runtime Environment:
#
#  EXCEPTION_ACCESS_VIOLATION (0xc0000005) at pc=0x000001eeea9689da, pid=22464, tid=7856
#
# JRE version: OpenJDK Runtime Environment Temurin-21.0.10+7 (21.0.10+7) (build 21.0.10+7-LTS)
# Java VM: OpenJDK 64-Bit Server VM Temurin-21.0.10+7 (21.0.10+7-LTS, mixed mode, sharing, tiered, compressed oops, compressed class ptrs, parallel gc, windows-amd64)
# Problematic frame:
# j  org.eclipse.jdt.internal.compiler.lookup.ParameterizedGenericMethodBinding.computeCompatibleMethod18(Lorg/eclipse/jdt/internal/compiler/lookup/MethodBinding;[Lorg/eclipse/jdt/internal/compiler/lookup/TypeBinding;Lorg/eclipse/jdt/internal/compiler/lookup/Scope;Lorg/eclipse/jdt/internal/compiler/lookup/InvocationSite;)Lorg/eclipse/jdt/internal/compiler/lookup/MethodBinding;+31
#
# No core dump will be written. Minidumps are not enabled by default on client versions of Windows
#
# If you would like to submit a bug report, please visit:
#   https://github.com/adoptium/adoptium-support/issues
#

---------------  S U M M A R Y ------------

Command Line: --add-modules=ALL-SYSTEM --add-opens=java.base/java.util=ALL-UNNAMED --add-opens=java.base/java.lang=ALL-UNNAMED --add-opens=java.base/sun.nio.fs=ALL-UNNAMED -Declipse.application=org.eclipse.jdt.ls.core.id1 -Dosgi.bundles.defaultStartLevel=4 -Declipse.product=org.eclipse.jdt.ls.core.product -Djava.import.generatesMetadataFilesAtProjectRoot=false -DDetectVMInstallationsJob.disabled=true -Dfile.encoding=utf8 -XX:+UseParallelGC -XX:GCTimeRatio=4 -XX:AdaptiveSizePolicyWeight=90 -Dsun.zip.disableMemoryMapping=true -Xmx2G -Xms100m -Xlog:disable -javaagent:c:\Users\Akanksha.Surve\.antigravity\extensions\redhat.java-1.54.0-win32-x64\lombok\lombok-1.18.39-4050.jar -XX:+HeapDumpOnOutOfMemoryError -XX:HeapDumpPath=c:\Users\Akanksha.Surve\AppData\Roaming\Antigravity\User\workspaceStorage\c3684e1d2115715f3b0a0c14ab701b21\redhat.java -Daether.dependencyCollector.impl=bf c:\Users\Akanksha.Surve\.antigravity\extensions\redhat.java-1.54.0-win32-x64\server\plugins\org.eclipse.equinox.launcher_1.7.100.v20251111-0406.jar -configuration c:\Users\Akanksha.Surve\AppData\Roaming\Antigravity\User\globalStorage\redhat.java\1.54.0\config_win -data c:\Users\Akanksha.Surve\AppData\Roaming\Antigravity\User\workspaceStorage\c3684e1d2115715f3b0a0c14ab701b21\redhat.java\jdt_ws --pipe=\\.\pipe\lsp-e220fb13109f31917bea8e44d43f90fb-sock

Host: Intel(R) Core(TM) i5-14400, 16 cores, 31G,  Windows 11 , 64 bit Build 26100 (10.0.26100.7019)
Time: Thu May  7 11:32:11 2026 India Standard Time elapsed time: 4412.973086 seconds (0d 1h 13m 32s)

---------------  T H R E A D  ---------------

Current thread (0x000001eec2a6c260):  JavaThread "Compiler Processing Task" daemon [_thread_in_Java, id=7856, stack(0x000000144e600000,0x000000144e700000) (1024K)]

Stack: [0x000000144e600000,0x000000144e700000],  sp=0x000000144e6fe150,  free space=1016k
Native frames: (J=compiled Java code, j=interpreted, Vv=VM code, C=native code)
C  0x000001eeea9689da

The last pc belongs to invokeinterface (printed below).

siginfo: EXCEPTION_ACCESS_VIOLATION (0xc0000005), reading address 0xffffffffffffffff


Registers:
RAX=0x000001ee812b4e00, RBX=0x000001eefb5d5ee8, RCX=0x000001eefb5d5ee8, RDX=0x000001ee812f5d68
RSP=0x000000144e6fe150, RBP=0x000000144e6fe1b0, RSI=0x00000000a1890128, RDI=0x00000000a1926198
R8 =0x00000000d55bbfa8, R9 =0x00000000a1890128, R10=0x000001ee80000000, R11=0x000001eeeb9431c0
R12=0x0000000000000000, R13=0x006001eefdc01e88, R14=0x000001ee812f6318, R15=0x000001eec2a6c260
RIP=0x000001eeea9689da, EFLAGS=0x0000000000010206

XMM[0]=0x0000000000000000 0x0000000000000000
XMM[1]=0x0000000000000000 0x0000000000000000
XMM[2]=0x0000000000000000 0x0000000000000000
XMM[3]=0x0000000000000000 0x0000000000000000
XMM[4]=0x0000000000000000 0x0000000000000000
XMM[5]=0x0c98f5818685ba9f 0x4a319941fc018edf
XMM[6]=0xee830681e1ddc99f 0x59db6a41e191dddf
XMM[7]=0x000e178101b4d89f 0x34e63b4167e12cdf
XMM[8]=0x6c5b0f2e45790cf9 0x4fa92cf20cebb1b1
XMM[9]=0x9c1d537299485b5a 0xd9f4a92748ab63d2
XMM[10]=0xdb8b2b2e67b34575 0x03b550f2ce3f33b1
XMM[11]=0x05f1ea6cc7a700ab 0x1e260dceaa761012
XMM[12]=0x5de3b9345de3b934 0x5de3b93472a8eef5
XMM[13]=0x0000000000000000 0x00000000a18a74a0
XMM[14]=0x0000000000000000 0x00000000a18a74c8
XMM[15]=0x0000000000000000 0x00000000d5738e60
  MXCSR=0x00001fa0


Register to memory mapping:

RAX=0x000001ee812b4e00 is a pointer to class: 
org.eclipse.jdt.internal.compiler.lookup.InvocationSite {0x000001ee812b4e08}
 - instance size:     2
 - klass size:        64
 - access:            public interface abstract 
 - flags:             rewritten should_verify_class has_nonstatic_concrete_methods declares_nonstatic_concrete_methods has_localvariable_table has_miranda_methods 
 - state:             fully_initialized
 - name:              'org/eclipse/jdt/internal/compiler/lookup/InvocationSite'
 - super:             'java/lang/Object'
 - sub:               
 - nof implementors:  2
 - arrays:            'org/eclipse/jdt/internal/compiler/lookup/InvocationSite'[]
 - methods:           Array<T>(0x000001eefb5d6408)
 - method ordering:   Array<T>(0x000001ee80a80370)
 - local interfaces:  Array<T>(0x000001eefb5d5690)
 - trans. interfaces: Array<T>(0x000001eefb5d5690)
 - secondary supers: Array<T>(0x000001eefb5d5690)
 - hash_slot:         15
 - bitmap:            0x0000000000000800
 - constants:         constant pool [62] {0x000001eefb5d61a8} for 'org/eclipse/jdt/internal/compiler/lookup/InvocationSite' cache=0x000001eefb73f200
 - class loader data:  loader data: 0x000001eec17cba60 for instance a 'org/eclipse/osgi/internal/loader/EquinoxClassLoader'{0x00000000805042f8}
 - source file:       'InvocationSite.java'
 - inner classes:     Array<T>(0x000001eefb5d5fd0)
 - nest members:     Array<T>(0x000001eefb5d5fe8)
 - permitted subclasses:     Array<T>(0x000001ee80611238)
 - java mirror:       a 'java/lang/Class'{0x0000000080efa9d0} = 'org/eclipse/jdt/internal/compiler/lookup/InvocationSite'
 - vtable length      5  (start addr: 0x000001ee812b4fd0)
 - itable length      0 (start addr: 0x000001ee812b4ff8)
 - ---- static fields (0 words):
 - ---- non-static fields (0 words):
 - non-static oop maps: 
RBX={method} {0x000001eefb5d5ef0} 'freshInferenceContext' '(Lorg/eclipse/jdt/internal/compiler/lookup/Scope;)Lorg/eclipse/jdt/internal/compiler/lookup/InferenceContext18;' in 'org/eclipse/jdt/internal/compiler/lookup/InvocationSite'
RCX={method} {0x000001eefb5d5ef0} 'freshInferenceContext' '(Lorg/eclipse/jdt/internal/compiler/lookup/Scope;)Lorg/eclipse/jdt/internal/compiler/lookup/InferenceContext18;' in 'org/eclipse/jdt/internal/compiler/lookup/InvocationSite'
RDX=0x000001ee812f5d68 is a pointer to class: 
org.eclipse.jdt.internal.compiler.ast.MessageSend {0x000001ee812f5d70}
 - instance size:     15
 - klass size:        250
 - access:            public synchronized 
 - flags:             rewritten has_nonstatic_fields should_verify_class has_nonstatic_concrete_methods has_localvariable_table has_miranda_methods 
 - state:             fully_initialized
 - name:              'org/eclipse/jdt/internal/compiler/ast/MessageSend'
 - super:             'org/eclipse/jdt/internal/compiler/ast/Expression'
 - sub:               'org/eclipse/jdt/internal/codeassist/select/SelectionOnMessageSend'   'org/eclipse/jdt/internal/compiler/ast/JavadocMessageSend'   
 - arrays:            null
 - methods:           Array<T>(0x000001eefb98e568)
 - method ordering:   Array<T>(0x000001ee80a80370)
 - default_methods:   Array<T>(0x000001eefb993aa0)
 - default vtable indices:   Array<T>(0x000001eefb993ab0)
 - local interfaces:  Array<T>(0x000001eefb98c2c0)
 - trans. interfaces: Array<T>(0x000001eefb993998)
 - secondary supers: Array<T>(0x000001eefb993a68)
 - hash_slot:         37
 - bitmap:            0x0400002000008818
 - constants:         constant pool [1531]/operands[7] {0x000001eefb980ec8} for 'org/eclipse/jdt/internal/compiler/ast/MessageSend' cache=0x000001eefd1e2b38
 - class loader data:  loader data: 0x000001eec17cba60 for instance a 'org/eclipse/osgi/internal/loader/EquinoxClassLoader'{0x00000000805042f8}
 - source file:       'MessageSend.java'
 - inner classes:     Array<T>(0x000001eefb993958)
 - nest members:     Array<T>(0x000001eefb993988)
 - permitted subclasses:     Array<T>(0x000001ee80611238)
 - java mirror:       a 'java/lang/Class'{0x00000000812964a8} = 'org/eclipse/jdt/internal/compiler/ast/MessageSend'
 - vtable length      122  (start addr: 0x000001ee812f5f38)
 - itable length      67 (start addr: 0x000001ee812f6308)
 - ---- static fields (1 words):
 - private static volatile synthetic '$SWITCH_TABLE$org$eclipse$jdt$internal$compiler$ast$MessageSend$AssertUtil' '[I' @112 
 - ---- non-static fields (27 words):
 - public 'sourceStart' 'I' @12 
 - public 'sourceEnd' 'I' @16 
 - public 'bits' 'I' @20 
 - public transient '$generatedBy' 'Lorg/eclipse/jdt/internal/compiler/ast/ASTNode;' @24 
 - public 'statementEnd' 'I' @28 
 - public 'implicitConversion' 'I' @32 
 - public 'constant' 'Lorg/eclipse/jdt/internal/compiler/impl/Constant;' @36 
 - public 'resolvedType' 'Lorg/eclipse/jdt/internal/compiler/lookup/TypeBinding;' @40 
 - private 'receiverIsType' 'Z' @44 
 - protected 'argsContainCast' 'Z' @45 
 - public 'argumentsHaveErrors' 'Z' @46 
 - public 'nameSourcePosition' 'J' @48 
 - public 'receiver' 'Lorg/eclipse/jdt/internal/compiler/ast/Expression;' @56 
 - public 'selector' '[C' @60 
 - public 'arguments' '[Lorg/eclipse/jdt/internal/compiler/ast/Expression;' @64 
 - public 'binding' 'Lorg/eclipse/jdt/internal/compiler/lookup/MethodBinding;' @68 
 - public 'syntheticAccessor' 'Lorg/eclipse/jdt/internal/compiler/lookup/MethodBinding;' @72 
 - public 'expectedType' 'Lorg/eclipse/jdt/internal/compiler/lookup/TypeBinding;' @76 
 - public 'actualReceiverType' 'Lorg/eclipse/jdt/internal/compiler/lookup/TypeBinding;' @80 
 - public 'valueCast' 'Lorg/eclipse/jdt/internal/compiler/lookup/TypeBinding;' @84 
 - public 'typeArguments' '[Lorg/eclipse/jdt/internal/compiler/ast/TypeReference;' @88 
 - public 'genericTypeArguments' '[Lorg/eclipse/jdt/internal/compiler/lookup/TypeBinding;' @92 
 - public 'expressionContext' 'Lorg/eclipse/jdt/internal/compiler/ast/ExpressionContext;' @96 
 - private 'inferenceContexts' 'Ljava/util/Map;' @100 
 - private 'solutionsPerTargetType' 'Ljava/util/HashMap;' @104 
 - public 'argumentTypes' '[Lorg/eclipse/jdt/internal/compiler/lookup/TypeBinding;' @108 
 - public 'closeTracker' 'Lorg/eclipse/jdt/internal/compiler/ast/FakedTrackingVariable;' @112 
 - 'flowUpdateOnBooleanResult' 'Ljava/util/function/BiConsumer;' @116 
 - non-static oop maps: 24-24 36-40 56-116 
RSP=0x000000144e6fe150 is pointing into the stack for thread: 0x000001eec2a6c260
RBP=0x000000144e6fe1b0 is pointing into the stack for thread: 0x000001eec2a6c260
RSI=0x00000000a1890128 is an oop: org.eclipse.jdt.internal.compiler.lookup.MethodScope 
{0x00000000a1890128} - klass: 'org/eclipse/jdt/internal/compiler/lookup/MethodScope'
 - ---- fields (total size 15 words):
 - public 'kind' 'I' @12  2 (0x00000002)
 - public final 'parent' 'Lorg/eclipse/jdt/internal/compiler/lookup/Scope;' @16  a 'org/eclipse/jdt/internal/compiler/lookup/ClassScope'{0x00000000a183a018} (0xa183a018)
 - public final 'compilationUnitScope' 'Lorg/eclipse/jdt/internal/compiler/lookup/CompilationUnitScope;' @20  a 'org/eclipse/jdt/internal/compiler/lookup/CompilationUnitScope'{0x00000000a01e12b0} (0xa01e12b0)
 - private 'commonTypeBindings' 'Ljava/util/Map;' @24  null (0x00000000)
 - private 'nullDefaultRanges' 'Ljava/util/ArrayList;' @28  null (0x00000000)
 - public 'localIndex' 'I' @32  2 (0x00000002)
 - public 'startIndex' 'I' @36  0 (0x00000000)
 - public 'offset' 'I' @40  0 (0x00000000)
 - public 'maxOffset' 'I' @44  0 (0x00000000)
 - public 'subscopeCount' 'I' @48  0 (0x00000000)
 - public 'insideTypeDeclarationAnnotations' 'Z' @52  false (0x00)
 - public 'resolvingGuardExpression' 'Z' @53  false (0x00)
 - private 'reparentLocals' 'Z' @54  false (0x00)
 - public 'locals' '[Lorg/eclipse/jdt/internal/compiler/lookup/LocalVariableBinding;' @56  a 'org/eclipse/jdt/internal/compiler/lookup/LocalVariableBinding'[5] {0x00000000a18901a0} (0xa18901a0)
 - public 'shiftScopes' '[Lorg/eclipse/jdt/internal/compiler/lookup/BlockScope;' @60  null (0x00000000)
 - public 'subscopes' '[Lorg/eclipse/jdt/internal/compiler/lookup/Scope;' @64  a 'org/eclipse/jdt/internal/compiler/lookup/Scope'[1] {0x00000000a18901c8} (0xa18901c8)
 - public 'enclosingCase' 'Lorg/eclipse/jdt/internal/compiler/ast/CaseStatement;' @68  null (0x00000000)
 - public 'blockStatement' 'Lorg/eclipse/jdt/internal/compiler/ast/Statement;' @72  null (0x00000000)
 - private 'trackingVariables' 'Ljava/util/List;' @76  null (0x00000000)
 - public 'finallyInfo' 'Lorg/eclipse/jdt/internal/compiler/flow/FlowInfo;' @80  null (0x00000000)
 - public 'isStatic' 'Z' @55  false (0x00)
 - public 'lastVisibleFieldID' 'I' @84  -1 (0xffffffff)
 - public 'analysisIndex' 'I' @88  2 (0x00000002)
 - public 'lastIndex' 'I' @92  0 (0x00000000)
 - public 'isConstructorCall' 'Z' @96  false (0x00)
 - public 'isPropagatingInnerClassEmulation' 'Z' @97  false (0x00)
 - public 'hasMissingSwitchDefault' 'Z' @98  false (0x00)
 - public 'referenceContext' 'Lorg/eclipse/jdt/internal/compiler/impl/ReferenceContext;' @100  a 'org/eclipse/jdt/internal/compiler/ast/MethodDeclaration'{0x00000000a00fa8a8} (0xa00fa8a8)
 - public 'initializedField' 'Lorg/eclipse/jdt/internal/compiler/lookup/FieldBinding;' @104  null (0x00000000)
 - public 'definiteInits' '[J' @108  [J{0x00000000a18901e0} (0xa18901e0)
 - public 'extraDefiniteInits' '[[J' @112  a {type array long}[4] {0x00000000a1890210} (0xa1890210)
 - public 'extraSyntheticArguments' '[Lorg/eclipse/jdt/internal/compiler/lookup/SyntheticArgumentBinding;' @116  null (0x00000000)
RDI=0x00000000a1926198 is an oop: org.eclipse.jdt.internal.compiler.ast.MessageSend 
{0x00000000a1926198} - klass: 'org/eclipse/jdt/internal/compiler/ast/MessageSend'
 - ---- fields (total size 15 words):
 - public 'sourceStart' 'I' @12  5639 (0x00001607)
 - public 'sourceEnd' 'I' @16  5733 (0x00001665)
 - public 'bits' 'I' @20  -2147483648 (0x80000000)
 - public transient '$generatedBy' 'Lorg/eclipse/jdt/internal/compiler/ast/ASTNode;' @24  null (0x00000000)
 - public 'statementEnd' 'I' @28  -1 (0xffffffff)
 - public 'implicitConversion' 'I' @32  0 (0x00000000)
 - public 'constant' 'Lorg/eclipse/jdt/internal/compiler/impl/Constant;' @36  a 'org/eclipse/jdt/internal/compiler/impl/DoubleConstant'{0x0000000083da8548} (0x83da8548)
 - public 'resolvedType' 'Lorg/eclipse/jdt/internal/compiler/lookup/TypeBinding;' @40  null (0x00000000)
 - private 'receiverIsType' 'Z' @44  false (0x00)
 - protected 'argsContainCast' 'Z' @45  false (0x00)
 - public 'argumentsHaveErrors' 'Z' @46  false (0x00)
 - public 'nameSourcePosition' 'J' @48  24532853200467 (0x0000165000001653)
 - public 'receiver' 'Lorg/eclipse/jdt/internal/compiler/ast/Expression;' @56  a 'org/eclipse/jdt/internal/compiler/ast/MessageSend'{0x00000000a1926210} (0xa1926210)
 - public 'selector' '[C' @60  [C{0x00000000a0e68f68} (0xa0e68f68)
 - public 'arguments' '[Lorg/eclipse/jdt/internal/compiler/ast/Expression;' @64  a 'org/eclipse/jdt/internal/compiler/ast/Expression'[1] {0x00000000a19263a8} (0xa19263a8)
 - public 'binding' 'Lorg/eclipse/jdt/internal/compiler/lookup/MethodBinding;' @68  null (0x00000000)
 - public 'syntheticAccessor' 'Lorg/eclipse/jdt/internal/compiler/lookup/MethodBinding;' @72  null (0x00000000)
 - public 'expectedType' 'Lorg/eclipse/jdt/internal/compiler/lookup/TypeBinding;' @76  a 'org/eclipse/jdt/internal/compiler/lookup/ParameterizedTypeBinding'{0x00000000a1925008} (0xa1925008)
 - public 'actualReceiverType' 'Lorg/eclipse/jdt/internal/compiler/lookup/TypeBinding;' @80  a 'org/eclipse/jdt/internal/compiler/lookup/BinaryTypeBinding'{0x00000000a1924008} (0xa1924008)
 - public 'valueCast' 'Lorg/eclipse/jdt/internal/compiler/lookup/TypeBinding;' @84  null (0x00000000)
 - public 'typeArguments' '[Lorg/eclipse/jdt/internal/compiler/ast/TypeReference;' @88  null (0x00000000)
 - public 'genericTypeArguments' '[Lorg/eclipse/jdt/internal/compiler/lookup/TypeBinding;' @92  null (0x00000000)
 - public 'expressionContext' 'Lorg/eclipse/jdt/internal/compiler/ast/ExpressionContext;' @96  a 'org/eclipse/jdt/internal/compiler/ast/ExpressionContext$1'{0x0000000083d28290} (0x83d28290)
 - private 'inferenceContexts' 'Ljava/util/Map;' @100  null (0x00000000)
 - private 'solutionsPerTargetType' 'Ljava/util/HashMap;' @104  null (0x00000000)
 - public 'argumentTypes' '[Lorg/eclipse/jdt/internal/compiler/lookup/TypeBinding;' @108  a 'org/eclipse/jdt/internal/compiler/lookup/TypeBinding'[1] {0x00000000d55bbfa8} (0xd55bbfa8)
 - public 'closeTracker' 'Lorg/eclipse/jdt/internal/compiler/ast/FakedTrackingVariable;' @112  null (0x00000000)
 - 'flowUpdateOnBooleanResult' 'Ljava/util/function/BiConsumer;' @116  null (0x00000000)
R8 =0x00000000d55bbfa8 is an oop: [Lorg.eclipse.jdt.internal.compiler.lookup.TypeBinding; 
{0x00000000d55bbfa8} - klass: 'org/eclipse/jdt/internal/compiler/lookup/TypeBinding'[]
 - length: 1
R9 =0x00000000a1890128 is an oop: org.eclipse.jdt.internal.compiler.lookup.MethodScope 
{0x00000000a1890128} - klass: 'org/eclipse/jdt/internal/compiler/lookup/MethodScope'
 - ---- fields (total size 15 words):
 - public 'kind' 'I' @12  2 (0x00000002)
 - public final 'parent' 'Lorg/eclipse/jdt/internal/compiler/lookup/Scope;' @16  a 'org/eclipse/jdt/internal/compiler/lookup/ClassScope'{0x00000000a183a018} (0xa183a018)
 - public final 'compilationUnitScope' 'Lorg/eclipse/jdt/internal/compiler/lookup/CompilationUnitScope;' @20  a 'org/eclipse/jdt/internal/compiler/lookup/CompilationUnitScope'{0x00000000a01e12b0} (0xa01e12b0)
 - private 'commonTypeBindings' 'Ljava/util/Map;' @24  null (0x00000000)
 - private 'nullDefaultRanges' 'Ljava/util/ArrayList;' @28  null (0x00000000)
 - public 'localIndex' 'I' @32  2 (0x00000002)
 - public 'startIndex' 'I' @36  0 (0x00000000)
 - public 'offset' 'I' @40  0 (0x00000000)
 - public 'maxOffset' 'I' @44  0 (0x00000000)
 - public 'subscopeCount' 'I' @48  0 (0x00000000)
 - public 'insideTypeDeclarationAnnotations' 'Z' @52  false (0x00)
 - public 'resolvingGuardExpression' 'Z' @53  false (0x00)
 - private 'reparentLocals' 'Z' @54  false (0x00)
 - public 'locals' '[Lorg/eclipse/jdt/internal/compiler/lookup/LocalVariableBinding;' @56  a 'org/eclipse/jdt/internal/compiler/lookup/LocalVariableBinding'[5] {0x00000000a18901a0} (0xa18901a0)
 - public 'shiftScopes' '[Lorg/eclipse/jdt/internal/compiler/lookup/BlockScope;' @60  null (0x00000000)
 - public 'subscopes' '[Lorg/eclipse/jdt/internal/compiler/lookup/Scope;' @64  a 'org/eclipse/jdt/internal/compiler/lookup/Scope'[1] {0x00000000a18901c8} (0xa18901c8)
 - public 'enclosingCase' 'Lorg/eclipse/jdt/internal/compiler/ast/CaseStatement;' @68  null (0x00000000)
 - public 'blockStatement' 'Lorg/eclipse/jdt/internal/compiler/ast/Statement;' @72  null (0x00000000)
 - private 'trackingVariables' 'Ljava/util/List;' @76  null (0x00000000)
 - public 'finallyInfo' 'Lorg/eclipse/jdt/internal/compiler/flow/FlowInfo;' @80  null (0x00000000)
 - public 'isStatic' 'Z' @55  false (0x00)
 - public 'lastVisibleFieldID' 'I' @84  -1 (0xffffffff)
 - public 'analysisIndex' 'I' @88  2 (0x00000002)
 - public 'lastIndex' 'I' @92  0 (0x00000000)
 - public 'isConstructorCall' 'Z' @96  false (0x00)
 - public 'isPropagatingInnerClassEmulation' 'Z' @97  false (0x00)
 - public 'hasMissingSwitchDefault' 'Z' @98  false (0x00)
 - public 'referenceContext' 'Lorg/eclipse/jdt/internal/compiler/impl/ReferenceContext;' @100  a 'org/eclipse/jdt/internal/compiler/ast/MethodDeclaration'{0x00000000a00fa8a8} (0xa00fa8a8)
 - public 'initializedField' 'Lorg/eclipse/jdt/internal/compiler/lookup/FieldBinding;' @104  null (0x00000000)
 - public 'definiteInits' '[J' @108  [J{0x00000000a18901e0} (0xa18901e0)
 - public 'extraDefiniteInits' '[[J' @112  a {type array long}[4] {0x00000000a1890210} (0xa1890210)
 - public 'extraSyntheticArguments' '[Lorg/eclipse/jdt/internal/compiler/lookup/SyntheticArgumentBinding;' @116  null (0x00000000)
R10=0x000001ee80000000 is pointing into metadata
R11=0x000001eeeb9431c0 is at entry_point+32 in (nmethod*)0x000001eeeb943010
Compiled method (c1) 4412994 13776       1       org.eclipse.jdt.internal.compiler.ast.ASTNode::checkingPotentialCompatibility (2 bytes)
 total in heap  [0x000001eeeb943010,0x000001eeeb9432a8] = 664
 relocation     [0x000001eeeb943170,0x000001eeeb943198] = 40
 main code      [0x000001eeeb9431a0,0x000001eeeb943230] = 144
 stub code      [0x000001eeeb943230,0x000001eeeb943268] = 56
 oops           [0x000001eeeb943268,0x000001eeeb943270] = 8
 metadata       [0x000001eeeb943270,0x000001eeeb943278] = 8
 scopes data    [0x000001eeeb943278,0x000001eeeb943280] = 8
 scopes pcs     [0x000001eeeb943280,0x000001eeeb9432a0] = 32
 dependencies   [0x000001eeeb9432a0,0x000001eeeb9432a8] = 8
R12=0x0 is null
R13=0x006001eefdc01e88 is an unknown value
R14=0x000001ee812f6318 is pointing into metadata
R15=0x000001eec2a6c260 is a thread

Top of Stack: (sp=0x000000144e6fe150)
0x000000144e6fe150:   000001eeea958b78 00000000a1890128
0x000000144e6fe160:   00000000a1926198 000000144e6fe168
0x000000144e6fe170:   000001eefb68751f 000000000000001d
0x000000144e6fe180:   000001eefd844670 006001eefdc01e88
0x000000144e6fe190:   0000000080efa480 000001eefb689540
0x000000144e6fe1a0:   0000000000000000 000000144e6fe2a0
0x000000144e6fe1b0:   00000000a1926198 000001eee5b285dc
0x000000144e6fe1c0:   0000000000000000 0000000000000000
0x000000144e6fe1d0:   0000000000000000 0000000000000000
0x000000144e6fe1e0:   0000000000000000 0000000000000000
0x000000144e6fe1f0:   0000000000000000 0000000000000000
0x000000144e6fe200:   0000000000000000 0000000000000000
0x000000144e6fe210:   0000000000000000 0000000000000000
0x000000144e6fe220:   0000000000000000 0000000000000000
0x000000144e6fe230:   0000000000000000 0000000000000000
0x000000144e6fe240:   0000000000000000 0000000000000000
0x000000144e6fe250:   0000000000000000 0000000000000000
0x000000144e6fe260:   0000000000000000 0000000000000000
0x000000144e6fe270:   0000000000000000 00000000a19243a8
0x000000144e6fe280:   00000000a1926198 00000000a1890128
0x000000144e6fe290:   00000000d55bbfa8 00000000a1924228
0x000000144e6fe2a0:   0000000000000002 00000000a1923f78
0x000000144e6fe2b0:   0000000000000001 000000004f9b3c51
0x000000144e6fe2c0:   0000000180003478 000001eeec944500
0x000000144e6fe2d0:   00000000a00fe158 0000000000000000
0x000000144e6fe2e0:   4f9b73ca00000000 00000000d572a480
0x000000144e6fe2f0:   00000000a00fe148 000001eeec4f84ec
0x000000144e6fe300:   00000000a1924228 00000000a1926198
0x000000144e6fe310:   00000000a01e1208 00000000a1890128
0x000000144e6fe320:   00000000d55bbfa8 00000000a19243a8
0x000000144e6fe330:   00000000a18336f0 000001eeebe35ad8
0x000000144e6fe340:   00000000a1832570 00000000a1832570 

Instructions: (pc=0x000001eeea9689da)
0x000001eeea9688da:   ed 02 41 83 fd 02 0f 8c 84 00 00 00 4c 8b 6b 08
0x000001eeea9688ea:   45 0f b7 6d 2e 4c 2b 2a 41 83 ed 01 4e 8b 6c ec
0x000001eeea9688fa:   08 4d 85 ed 75 0e f6 42 08 01 75 58 f0 48 83 4a
0x000001eeea96890a:   08 01 eb 50 45 8b 6d 08 49 ba 00 00 00 80 ee 01
0x000001eeea96891a:   00 00 4d 03 ea 4d 8b d5 4c 33 6a 08 49 f7 c5 fc
0x000001eeea96892a:   ff ff ff 74 2f 41 f6 c5 02 75 29 48 83 7a 08 00
0x000001eeea96893a:   74 1e 48 83 7a 08 01 74 17 4d 8b ea 4c 33 6a 08
0x000001eeea96894a:   49 f7 c5 fc ff ff ff 74 0b 48 83 4a 08 02 eb 04
0x000001eeea96895a:   4c 89 6a 08 48 83 c2 10 4c 8b 6a d8 41 83 ed 04
0x000001eeea96896a:   41 c1 e5 03 49 03 d5 48 89 55 d8 4c 8d 6c 24 08
0x000001eeea96897a:   4c 89 6d f0 ff 63 50 4c 8b 75 c8 4e 8d 74 f5 00
0x000001eeea96898a:   8b 51 08 49 ba 00 00 00 80 ee 01 00 00 49 03 d2
0x000001eeea96899a:   48 8b cb 44 8b b2 ac 00 00 00 4e 8d b4 f2 d0 01
0x000001eeea9689aa:   00 00 4d 8b 2e 49 3b c5 74 15 4d 85 ed 0f 84 4b
0x000001eeea9689ba:   03 00 00 49 83 c6 10 4d 8b 2e 49 3b c5 75 eb 4c
0x000001eeea9689ca:   8b 6d c0 4c 8b 6d d8 4d 85 ed 0f 84 97 00 00 00
0x000001eeea9689da:   4d 8b 75 18 4c 3b f2 0f 85 0f 00 00 00 49 83 45
0x000001eeea9689ea:   20 01 49 83 5d 20 00 e9 73 00 00 00 4d 85 f6 0f
0x000001eeea9689fa:   84 43 00 00 00 4d 8b 75 28 4c 3b f2 0f 85 0f 00
0x000001eeea968a0a:   00 00 49 83 45 30 01 49 83 5d 30 00 e9 4e 00 00
0x000001eeea968a1a:   00 4d 85 f6 74 0f 49 83 45 08 01 49 83 5d 08 00
0x000001eeea968a2a:   e9 3a 00 00 00 49 89 55 28 41 be 01 00 00 00 4d
0x000001eeea968a3a:   89 75 30 e9 27 00 00 00 49 3b 55 28 0f 85 0f 00
0x000001eeea968a4a:   00 00 49 83 45 30 01 49 83 5d 30 00 e9 0e 00 00
0x000001eeea968a5a:   00 49 89 55 18 41 be 01 00 00 00 4d 89 75 20 49
0x000001eeea968a6a:   83 c5 38 4c 89 6d d8 48 8b 43 08 48 8b 40 08 48
0x000001eeea968a7a:   8b 40 18 8b 5b 2c 83 eb f6 f7 db 4c 8b f2 45 8b
0x000001eeea968a8a:   ae ac 00 00 00 4f 8d ac ee d0 01 00 00 4d 8d 34
0x000001eeea968a9a:   de 49 8b 5d 00 48 3b c3 74 16 48 85 db 0f 84 5b
0x000001eeea968aaa:   02 00 00 49 83 c5 10 49 8b 5d 00 48 3b c3 75 ea
0x000001eeea968aba:   45 8b 6d 08 4b 8b 1c 2e 48 85 db 0f 84 71 01 00
0x000001eeea968aca:   00 48 8b 55 d8 48 85 d2 0f 84 3d 01 00 00 80 7a 


Stack slot to memory mapping:

stack at sp + 0 slots: 0x000001eeea958b78 is at code_begin+2744 in an Interpreter codelet
return entry points  [0x000001eeea9580c0, 0x000001eeea958c60]  2976 bytes
stack at sp + 1 slots: 0x00000000a1890128 is an oop: org.eclipse.jdt.internal.compiler.lookup.MethodScope 
{0x00000000a1890128} - klass: 'org/eclipse/jdt/internal/compiler/lookup/MethodScope'
 - ---- fields (total size 15 words):
 - public 'kind' 'I' @12  2 (0x00000002)
 - public final 'parent' 'Lorg/eclipse/jdt/internal/compiler/lookup/Scope;' @16  a 'org/eclipse/jdt/internal/compiler/lookup/ClassScope'{0x00000000a183a018} (0xa183a018)
 - public final 'compilationUnitScope' 'Lorg/eclipse/jdt/internal/compiler/lookup/CompilationUnitScope;' @20  a 'org/eclipse/jdt/internal/compiler/lookup/CompilationUnitScope'{0x00000000a01e12b0} (0xa01e12b0)
 - private 'commonTypeBindings' 'Ljava/util/Map;' @24  null (0x00000000)
 - private 'nullDefaultRanges' 'Ljava/util/ArrayList;' @28  null (0x00000000)
 - public 'localIndex' 'I' @32  2 (0x00000002)
 - public 'startIndex' 'I' @36  0 (0x00000000)
 - public 'offset' 'I' @40  0 (0x00000000)
 - public 'maxOffset' 'I' @44  0 (0x00000000)
 - public 'subscopeCount' 'I' @48  0 (0x00000000)
 - public 'insideTypeDeclarationAnnotations' 'Z' @52  false (0x00)
 - public 'resolvingGuardExpression' 'Z' @53  false (0x00)
 - private 'reparentLocals' 'Z' @54  false (0x00)
 - public 'locals' '[Lorg/eclipse/jdt/internal/compiler/lookup/LocalVariableBinding;' @56  a 'org/eclipse/jdt/internal/compiler/lookup/LocalVariableBinding'[5] {0x00000000a18901a0} (0xa18901a0)
 - public 'shiftScopes' '[Lorg/eclipse/jdt/internal/compiler/lookup/BlockScope;' @60  null (0x00000000)
 - public 'subscopes' '[Lorg/eclipse/jdt/internal/compiler/lookup/Scope;' @64  a 'org/eclipse/jdt/internal/compiler/lookup/Scope'[1] {0x00000000a18901c8} (0xa18901c8)
 - public 'enclosingCase' 'Lorg/eclipse/jdt/internal/compiler/ast/CaseStatement;' @68  null (0x00000000)
 - public 'blockStatement' 'Lorg/eclipse/jdt/internal/compiler/ast/Statement;' @72  null (0x00000000)
 - private 'trackingVariables' 'Ljava/util/List;' @76  null (0x00000000)
 - public 'finallyInfo' 'Lorg/eclipse/jdt/internal/compiler/flow/FlowInfo;' @80  null (0x00000000)
 - public 'isStatic' 'Z' @55  false (0x00)
 - public 'lastVisibleFieldID' 'I' @84  -1 (0xffffffff)
 - public 'analysisIndex' 'I' @88  2 (0x00000002)
 - public 'lastIndex' 'I' @92  0 (0x00000000)
 - public 'isConstructorCall' 'Z' @96  false (0x00)
 - public 'isPropagatingInnerClassEmulation' 'Z' @97  false (0x00)
 - public 'hasMissingSwitchDefault' 'Z' @98  false (0x00)
 - public 'referenceContext' 'Lorg/eclipse/jdt/internal/compiler/impl/ReferenceContext;' @100  a 'org/eclipse/jdt/internal/compiler/ast/MethodDeclaration'{0x00000000a00fa8a8} (0xa00fa8a8)
 - public 'initializedField' 'Lorg/eclipse/jdt/internal/compiler/lookup/FieldBinding;' @104  null (0x00000000)
 - public 'definiteInits' '[J' @108  [J{0x00000000a18901e0} (0xa18901e0)
 - public 'extraDefiniteInits' '[[J' @112  a {type array long}[4] {0x00000000a1890210} (0xa1890210)
 - public 'extraSyntheticArguments' '[Lorg/eclipse/jdt/internal/compiler/lookup/SyntheticArgumentBinding;' @116  null (0x00000000)
stack at sp + 2 slots: 0x00000000a1926198 is an oop: org.eclipse.jdt.internal.compiler.ast.MessageSend 
{0x00000000a1926198} - klass: 'org/eclipse/jdt/internal/compiler/ast/MessageSend'
 - ---- fields (total size 15 words):
 - public 'sourceStart' 'I' @12  5639 (0x00001607)
 - public 'sourceEnd' 'I' @16  5733 (0x00001665)
 - public 'bits' 'I' @20  -2147483648 (0x80000000)
 - public transient '$generatedBy' 'Lorg/eclipse/jdt/internal/compiler/ast/ASTNode;' @24  null (0x00000000)
 - public 'statementEnd' 'I' @28  -1 (0xffffffff)
 - public 'implicitConversion' 'I' @32  0 (0x00000000)
 - public 'constant' 'Lorg/eclipse/jdt/internal/compiler/impl/Constant;' @36  a 'org/eclipse/jdt/internal/compiler/impl/DoubleConstant'{0x0000000083da8548} (0x83da8548)
 - public 'resolvedType' 'Lorg/eclipse/jdt/internal/compiler/lookup/TypeBinding;' @40  null (0x00000000)
 - private 'receiverIsType' 'Z' @44  false (0x00)
 - protected 'argsContainCast' 'Z' @45  false (0x00)
 - public 'argumentsHaveErrors' 'Z' @46  false (0x00)
 - public 'nameSourcePosition' 'J' @48  24532853200467 (0x0000165000001653)
 - public 'receiver' 'Lorg/eclipse/jdt/internal/compiler/ast/Expression;' @56  a 'org/eclipse/jdt/internal/compiler/ast/MessageSend'{0x00000000a1926210} (0xa1926210)
 - public 'selector' '[C' @60  [C{0x00000000a0e68f68} (0xa0e68f68)
 - public 'arguments' '[Lorg/eclipse/jdt/internal/compiler/ast/Expression;' @64  a 'org/eclipse/jdt/internal/compiler/ast/Expression'[1] {0x00000000a19263a8} (0xa19263a8)
 - public 'binding' 'Lorg/eclipse/jdt/internal/compiler/lookup/MethodBinding;' @68  null (0x00000000)
 - public 'syntheticAccessor' 'Lorg/eclipse/jdt/internal/compiler/lookup/MethodBinding;' @72  null (0x00000000)
 - public 'expectedType' 'Lorg/eclipse/jdt/internal/compiler/lookup/TypeBinding;' @76  a 'org/eclipse/jdt/internal/compiler/lookup/ParameterizedTypeBinding'{0x00000000a1925008} (0xa1925008)
 - public 'actualReceiverType' 'Lorg/eclipse/jdt/internal/compiler/lookup/TypeBinding;' @80  a 'org/eclipse/jdt/internal/compiler/lookup/BinaryTypeBinding'{0x00000000a1924008} (0xa1924008)
 - public 'valueCast' 'Lorg/eclipse/jdt/internal/compiler/lookup/TypeBinding;' @84  null (0x00000000)
 - public 'typeArguments' '[Lorg/eclipse/jdt/internal/compiler/ast/TypeReference;' @88  null (0x00000000)
 - public 'genericTypeArguments' '[Lorg/eclipse/jdt/internal/compiler/lookup/TypeBinding;' @92  null (0x00000000)
 - public 'expressionContext' 'Lorg/eclipse/jdt/internal/compiler/ast/ExpressionContext;' @96  a 'org/eclipse/jdt/internal/compiler/ast/ExpressionContext$1'{0x0000000083d28290} (0x83d28290)
 - private 'inferenceContexts' 'Ljava/util/Map;' @100  null (0x00000000)
 - private 'solutionsPerTargetType' 'Ljava/util/HashMap;' @104  null (0x00000000)
 - public 'argumentTypes' '[Lorg/eclipse/jdt/internal/compiler/lookup/TypeBinding;' @108  a 'org/eclipse/jdt/internal/compiler/lookup/TypeBinding'[1] {0x00000000d55bbfa8} (0xd55bbfa8)
 - public 'closeTracker' 'Lorg/eclipse/jdt/internal/compiler/ast/FakedTrackingVariable;' @112  null (0x00000000)
 - 'flowUpdateOnBooleanResult' 'Ljava/util/function/BiConsumer;' @116  null (0x00000000)
stack at sp + 3 slots: 0x000000144e6fe168 is pointing into the stack for thread: 0x000001eec2a6c260
stack at sp + 4 slots: 0x000001eefb68751f is pointing into metadata
stack at sp + 5 slots: 0x000000000000001d is an unknown value
stack at sp + 6 slots: 0x000001eefd844670 is pointing into metadata
stack at sp + 7 slots: 0x006001eefdc01e88 is an unknown value

invokeinterface  185 invokeinterface  [0x000001eeea9682c0, 0x000001eeea968dd8]  2840 bytes
[MachCode]
  0x000001eeea9682c0: 4883 ec08 | c5fa 1104 | 24eb 1f48 | 83ec 10c5 | fb11 0424 | eb14 4883 | ec10 4889 | 0424 48c7 
  0x000001eeea9682e0: 4424 0800 | 0000 00eb | 0150 4c89 | 6dc0 410f | b755 0148 | 8b4d d0c1 | e202 8b5c | d138 c1eb 
  0x000001eeea968300: 1081 e3ff | 0000 0081 | fbb9 0000 | 000f 84b4 | 0000 00bb | b900 0000 | e805 0000 | 00e9 9900 
  0x000001eeea968320: 0000 488b | d348 8d44 | 2408 4c89 | 6dc0 498b | cfc5 f877 | 4989 afb0 | 0300 0049 | 8987 a003 
  0x000001eeea968340: 0000 4883 | ec20 40f6 | c40f 0f84 | 1900 0000 | 4883 ec08 | 48b8 3001 | 42ec fe7f | 0000 ffd0 
  0x000001eeea968360: 4883 c408 | e90c 0000 | 0048 b830 | 0142 ecfe | 7f00 00ff | d048 83c4 | 2049 c787 | a003 0000 
  0x000001eeea968380: 0000 0000 | 49c7 87b0 | 0300 0000 | 0000 0049 | c787 a803 | 0000 0000 | 0000 c5f8 | 7749 837f 
  0x000001eeea9683a0: 0800 0f84 | 0500 0000 | e953 8bfe | ff4c 8b6d | c04c 8b75 | c84e 8d74 | f500 c341 | 0fb7 5501 
  0x000001eeea9683c0: 488b 4dd0 | c1e2 0248 | 8b44 d140 | 488b 5cd1 | 488b 54d1 | 508b ca81 | e1ff 0000 | 0048 8b4c 
  0x000001eeea9683e0: ccf8 448b | eac1 ea1c | 49ba 70e4 | d0ec fe7f | 0000 498b | 14d2 5241 | 8bd5 4c8b | 6dc0 448b 
  0x000001eeea968400: f241 81e6 | 0000 8000 | 0f84 9503 | 0000 8bc2 | 2500 0010 | 000f 8478 | 0100 0048 | 3b01 488b 
  0x000001eeea968420: 45d8 4885 | c00f 8412 | 0000 0048 | 8340 0801 | 4883 5808 | 0048 83c0 | 3848 8945 | d848 8b45 
  0x000001eeea968440: d848 85c0 | 0f84 3d01 | 0000 8078 | c80b 0f85 | 3301 0000 | 4883 c008 | 4c8b 68f8 | 4183 ed00 
  0x000001eeea968460: 4183 fd02 | 0f8c 1201 | 0000 4c8b | 6b08 450f | b76d 2e4c | 2b28 4183 | ed01 4e8b | 6cec 084d 
  0x000001eeea968480: 85ed 750e | f640 0801 | 7558 f048 | 8348 0801 | eb50 458b | 6d08 49ba | 0000 0080 | ee01 0000 
  0x000001eeea9684a0: 4d03 ea4d | 8bd5 4c33 | 6808 49f7 | c5fc ffff | ff74 2f41 | f6c5 0275 | 2948 8378 | 0800 741e 
  0x000001eeea9684c0: 4883 7808 | 0174 174d | 8bea 4c33 | 6808 49f7 | c5fc ffff | ff74 0b48 | 8348 0802 | eb04 4c89 
  0x000001eeea9684e0: 6808 4883 | c010 4c8b | 68e8 4183 | ed02 4183 | fd02 0f8c | 8400 0000 | 4c8b 6b08 | 450f b76d 
  0x000001eeea968500: 2e4c 2b28 | 4183 ed01 | 4e8b 6cec | 084d 85ed | 750e f640 | 0801 7558 | f048 8348 | 0801 eb50 
  0x000001eeea968520: 458b 6d08 | 49ba 0000 | 0080 ee01 | 0000 4d03 | ea4d 8bd5 | 4c33 6808 | 49f7 c5fc | ffff ff74 
  0x000001eeea968540: 2f41 f6c5 | 0275 2948 | 8378 0800 | 741e 4883 | 7808 0174 | 174d 8bea | 4c33 6808 | 49f7 c5fc 
  0x000001eeea968560: ffff ff74 | 0b48 8348 | 0802 eb04 | 4c89 6808 | 4883 c010 | 4c8b 68d8 | 4183 ed04 | 41c1 e503 
  0x000001eeea968580: 4903 c548 | 8945 d84c | 8d6c 2408 | 4c89 6df0 | ff63 508b | 4108 49ba | 0000 0080 | ee01 0000 
  0x000001eeea9685a0: 4903 c24c | 8b75 d84d | 85f6 0f84 | 9500 0000 | 498b 5618 | 483b d00f | 850f 0000 | 0049 8346 
  0x000001eeea9685c0: 2001 4983 | 5e20 00e9 | 7100 0000 | 4885 d20f | 8442 0000 | 0049 8b56 | 2848 3bd0 | 0f85 0f00 
  0x000001eeea9685e0: 0000 4983 | 4630 0149 | 835e 3000 | e94c 0000 | 0048 85d2 | 740f 4983 | 4608 0149 | 835e 0800 
  0x000001eeea968600: e938 0000 | 0049 8946 | 28ba 0100 | 0000 4989 | 5630 e926 | 0000 0049 | 3b46 280f | 850f 0000 
  0x000001eeea968620: 0049 8346 | 3001 4983 | 5e30 00e9 | 0d00 0000 | 4989 4618 | ba01 0000 | 0049 8956 | 2049 83c6 
  0x000001eeea968640: 384c 8975 | d848 8b9c | d8d0 0100 | 0048 8b55 | d848 85d2 | 0f84 3d01 | 0000 807a | c80b 0f85 
  0x000001eeea968660: 3301 0000 | 4883 c208 | 4c8b 6af8 | 4183 ed00 | 4183 fd02 | 0f8c 1201 | 0000 4c8b | 6b08 450f 
  0x000001eeea968680: b76d 2e4c | 2b2a 4183 | ed01 4e8b | 6cec 084d | 85ed 750e | f642 0801 | 7558 f048 | 834a 0801 
  0x000001eeea9686a0: eb50 458b | 6d08 49ba | 0000 0080 | ee01 0000 | 4d03 ea4d | 8bd5 4c33 | 6a08 49f7 | c5fc ffff 
  0x000001eeea9686c0: ff74 2f41 | f6c5 0275 | 2948 837a | 0800 741e | 4883 7a08 | 0174 174d | 8bea 4c33 | 6a08 49f7 
  0x000001eeea9686e0: c5fc ffff | ff74 0b48 | 834a 0802 | eb04 4c89 | 6a08 4883 | c210 4c8b | 6ae8 4183 | ed02 4183 
  0x000001eeea968700: fd02 0f8c | 8400 0000 | 4c8b 6b08 | 450f b76d | 2e4c 2b2a | 4183 ed01 | 4e8b 6cec | 084d 85ed 
  0x000001eeea968720: 750e f642 | 0801 7558 | f048 834a | 0801 eb50 | 458b 6d08 | 49ba 0000 | 0080 ee01 | 0000 4d03 
  0x000001eeea968740: ea4d 8bd5 | 4c33 6a08 | 49f7 c5fc | ffff ff74 | 2f41 f6c5 | 0275 2948 | 837a 0800 | 741e 4883 
  0x000001eeea968760: 7a08 0174 | 174d 8bea | 4c33 6a08 | 49f7 c5fc | ffff ff74 | 0b48 834a | 0802 eb04 | 4c89 6a08 
  0x000001eeea968780: 4883 c210 | 4c8b 6ad8 | 4183 ed04 | 41c1 e503 | 4903 d548 | 8955 d84c | 8d6c 2408 | 4c89 6df0 
  0x000001eeea9687a0: ff63 5044 | 8bf2 4181 | e600 0010 | 000f 84ce | 0100 0044 | 8b71 0849 | ba00 0000 | 80ee 0100 
  0x000001eeea9687c0: 004d 03f2 | 4c3b f00f | 843f 0000 | 0044 8b68 | 144b 3b04 | 2e0f 8431 | 0000 0041 | 83fd 200f 
  0x000001eeea9687e0: 851f 0000 | 0051 5749 | 8b7e 288b | 0f48 83c7 | 0848 85c0 | f248 af5f | 5975 0949 | 8946 20e9 
  0x000001eeea968800: 0800 0000 | 498b d6e9 | fc04 0000 | 488b 55d8 | 4885 d20f | 8412 0000 | 0048 8342 | 0801 4883 
  0x000001eeea968820: 5a08 0048 | 83c2 3848 | 8955 d848 | 8b55 d848 | 85d2 0f84 | 3d01 0000 | 807a c80b | 0f85 3301 
  0x000001eeea968840: 0000 4883 | c208 4c8b | 6af8 4183 | ed00 4183 | fd02 0f8c | 1201 0000 | 4c8b 6b08 | 450f b76d 
  0x000001eeea968860: 2e4c 2b2a | 4183 ed01 | 4e8b 6cec | 084d 85ed | 750e f642 | 0801 7558 | f048 834a | 0801 eb50 
  0x000001eeea968880: 458b 6d08 | 49ba 0000 | 0080 ee01 | 0000 4d03 | ea4d 8bd5 | 4c33 6a08 | 49f7 c5fc | ffff ff74 
  0x000001eeea9688a0: 2f41 f6c5 | 0275 2948 | 837a 0800 | 741e 4883 | 7a08 0174 | 174d 8bea | 4c33 6a08 | 49f7 c5fc 
  0x000001eeea9688c0: ffff ff74 | 0b48 834a | 0802 eb04 | 4c89 6a08 | 4883 c210 | 4c8b 6ae8 | 4183 ed02 | 4183 fd02 
  0x000001eeea9688e0: 0f8c 8400 | 0000 4c8b | 6b08 450f | b76d 2e4c | 2b2a 4183 | ed01 4e8b | 6cec 084d | 85ed 750e 
  0x000001eeea968900: f642 0801 | 7558 f048 | 834a 0801 | eb50 458b | 6d08 49ba | 0000 0080 | ee01 0000 | 4d03 ea4d 
  0x000001eeea968920: 8bd5 4c33 | 6a08 49f7 | c5fc ffff | ff74 2f41 | f6c5 0275 | 2948 837a | 0800 741e | 4883 7a08 
  0x000001eeea968940: 0174 174d | 8bea 4c33 | 6a08 49f7 | c5fc ffff | ff74 0b48 | 834a 0802 | eb04 4c89 | 6a08 4883 
  0x000001eeea968960: c210 4c8b | 6ad8 4183 | ed04 41c1 | e503 4903 | d548 8955 | d84c 8d6c | 2408 4c89 | 6df0 ff63 
  0x000001eeea968980: 504c 8b75 | c84e 8d74 | f500 8b51 | 0849 ba00 | 0000 80ee | 0100 0049 | 03d2 488b | cb44 8bb2 
  0x000001eeea9689a0: ac00 0000 | 4e8d b4f2 | d001 0000 | 4d8b 2e49 | 3bc5 7415 | 4d85 ed0f | 844b 0300 | 0049 83c6 
  0x000001eeea9689c0: 104d 8b2e | 493b c575 | eb4c 8b6d | c04c 8b6d | d84d 85ed | 0f84 9700 | 0000 4d8b | 7518 4c3b 
  0x000001eeea9689e0: f20f 850f | 0000 0049 | 8345 2001 | 4983 5d20 | 00e9 7300 | 0000 4d85 | f60f 8443 | 0000 004d 
  0x000001eeea968a00: 8b75 284c | 3bf2 0f85 | 0f00 0000 | 4983 4530 | 0149 835d | 3000 e94e | 0000 004d | 85f6 740f 
  0x000001eeea968a20: 4983 4508 | 0149 835d | 0800 e93a | 0000 0049 | 8955 2841 | be01 0000 | 004d 8975 | 30e9 2700 
  0x000001eeea968a40: 0000 493b | 5528 0f85 | 0f00 0000 | 4983 4530 | 0149 835d | 3000 e90e | 0000 0049 | 8955 1841 
  0x000001eeea968a60: be01 0000 | 004d 8975 | 2049 83c5 | 384c 896d | d848 8b43 | 0848 8b40 | 0848 8b40 | 188b 5b2c 
  0x000001eeea968a80: 83eb f6f7 | db4c 8bf2 | 458b aeac | 0000 004f | 8dac eed0 | 0100 004d | 8d34 de49 | 8b5d 0048 
  0x000001eeea968aa0: 3bc3 7416 | 4885 db0f | 845b 0200 | 0049 83c5 | 1049 8b5d | 0048 3bc3 | 75ea 458b | 6d08 4b8b 
  0x000001eeea968ac0: 1c2e 4885 | db0f 8471 | 0100 0048 | 8b55 d848 | 85d2 0f84 | 3d01 0000 | 807a c80b | 0f85 3301 
  0x000001eeea968ae0: 0000 4883 | c208 4c8b | 6af8 4183 | ed00 4183 | fd02 0f8c | 1201 0000 | 4c8b 6b08 | 450f b76d 
  0x000001eeea968b00: 2e4c 2b2a | 4183 ed01 | 4e8b 6cec | 084d 85ed | 750e f642 | 0801 7558 | f048 834a | 0801 eb50 
  0x000001eeea968b20: 458b 6d08 | 49ba 0000 | 0080 ee01 | 0000 4d03 | ea4d 8bd5 | 4c33 6a08 | 49f7 c5fc | ffff ff74 
  0x000001eeea968b40: 2f41 f6c5 | 0275 2948 | 837a 0800 | 741e 4883 | 7a08 0174 | 174d 8bea | 4c33 6a08 | 49f7 c5fc 
  0x000001eeea968b60: ffff ff74 | 0b48 834a | 0802 eb04 | 4c89 6a08 | 4883 c210 | 4c8b 6ae8 | 4183 ed02 | 4183 fd02 
  0x000001eeea968b80: 0f8c 8400 | 0000 4c8b | 6b08 450f | b76d 2e4c | 2b2a 4183 | ed01 4e8b | 6cec 084d | 85ed 750e 
  0x000001eeea968ba0: f642 0801 | 7558 f048 | 834a 0801 | eb50 458b | 6d08 49ba | 0000 0080 | ee01 0000 | 4d03 ea4d 
  0x000001eeea968bc0: 8bd5 4c33 | 6a08 49f7 | c5fc ffff | ff74 2f41 | f6c5 0275 | 2948 837a | 0800 741e | 4883 7a08 
  0x000001eeea968be0: 0174 174d | 8bea 4c33 | 6a08 49f7 | c5fc ffff | ff74 0b48 | 834a 0802 | eb04 4c89 | 6a08 4883 
  0x000001eeea968c00: c210 4c8b | 6ad8 4183 | ed04 41c1 | e503 4903 | d548 8955 | d84c 8d6c | 2408 4c89 | 6df0 ff63 
  0x000001eeea968c20: 5048 b940 | 53a4 ecfe | 7f00 0048 | 83e4 f048 | b8b0 c366 | ecfe 7f00 | 00ff d0f4 | 5b4c 8b6d 
  0x000001eeea968c40: c04c 8b75 | c84e 8d74 | f500 4c8b | c1e8 0500 | 0000 e996 | 0000 0048 | 8d44 2408 | 4c89 6dc0 
  0x000001eeea968c60: 498b cfc5 | f877 4989 | afb0 0300 | 0049 8987 | a003 0000 | 4883 ec20 | 40f6 c40f | 0f84 1900 
  0x000001eeea968c80: 0000 4883 | ec08 48b8 | 9010 42ec | fe7f 0000 | ffd0 4883 | c408 e90c | 0000 0048 | b890 1042 
  0x000001eeea968ca0: ecfe 7f00 | 00ff d048 | 83c4 2049 | c787 a003 | 0000 0000 | 0000 49c7 | 87b0 0300 | 0000 0000 
  0x000001eeea968cc0: 0049 c787 | a803 0000 | 0000 0000 | c5f8 7749 | 837f 0800 | 0f84 0500 | 0000 e921 | 82fe ff4c 
  0x000001eeea968ce0: 8b6d c04c | 8b75 c84e | 8d74 f500 | c348 b940 | 53a4 ecfe | 7f00 0048 | 83e4 f048 | b8b0 c366 
  0x000001eeea968d00: ecfe 7f00 | 00ff d0f4 | 5b4c 8b6d | c04c 8b75 | c84e 8d74 | f500 e805 | 0000 00e9 | 9900 0000 
  0x000001eeea968d20: 4c8b c048 | 8d44 2408 | 4c89 6dc0 | 498b cfc5 | f877 4989 | afb0 0300 | 0049 8987 | a003 0000 
  0x000001eeea968d40: 4883 ec20 | 40f6 c40f | 0f84 1900 | 0000 4883 | ec08 48b8 | 7016 42ec | fe7f 0000 | ffd0 4883 
  0x000001eeea968d60: c408 e90c | 0000 0048 | b870 1642 | ecfe 7f00 | 00ff d048 | 83c4 2049 | c787 a003 | 0000 0000 
  0x000001eeea968d80: 0000 49c7 | 87b0 0300 | 0000 0000 | 0049 c787 | a803 0000 | 0000 0000 | c5f8 7749 | 837f 0800 
  0x000001eeea968da0: 0f84 0500 | 0000 e955 | 81fe ff4c | 8b6d c04c | 8b75 c84e | 8d74 f500 | c348 b940 | 53a4 ecfe 
  0x000001eeea968dc0: 7f00 0048 | 83e4 f048 | b8b0 c366 | ecfe 7f00 | 00ff d0f4 | 0f1f 4000 
[/MachCode]

---------------  P R O C E S S  ---------------

Threads class SMR info:
_java_thread_list=0x000001eed71541f0, length=48, elements={
0x000001eee02fa780, 0x000001eee02ac6e0, 0x000001eee02ae8c0, 0x000001eef82998b0,
0x000001eef829a3b0, 0x000001eef829f970, 0x000001eef82a7f50, 0x000001eef82ae390,
0x000001eef82afd30, 0x000001eef84be240, 0x000001eefe0b2070, 0x000001eefe6ac700,
0x000001eefe6acd90, 0x000001eefe6aee60, 0x000001eefe6ae7d0, 0x000001eefe6ad420,
0x000001eefe6adab0, 0x000001eefe6af4f0, 0x000001eefe6ac070, 0x000001eeff65cb60,
0x000001eeff65b7b0, 0x000001eeff65aa90, 0x000001eeff660d00, 0x000001eeff661a20,
0x000001eeff660670, 0x000001eeff65f2c0, 0x000001eeff65ec30, 0x000001eeff661390,
0x000001eeff65ffe0, 0x000001eeff65e5a0, 0x000001eeff6620b0, 0x000001eeff65f950,
0x000001eec440ccf0, 0x000001eec440bfd0, 0x000001eec440c660, 0x000001eec4409870,
0x000001eec440d380, 0x000001eec4409f00, 0x000001eec440ac20, 0x000001eec440e730,
0x000001eec3278010, 0x000001eec2a6c8f0, 0x000001eec2a6e9c0, 0x000001eec2a6cf80,
0x000001eec42b2b30, 0x000001eec2a6bbd0, 0x000001eec2a6c260, 0x000001eec42af4b0
}

Java Threads: ( => current thread )
  0x000001eee02fa780 JavaThread "main"                              [_thread_blocked, id=16792, stack(0x000000144c600000,0x000000144c700000) (1024K)]
  0x000001eee02ac6e0 JavaThread "Reference Handler"          daemon [_thread_blocked, id=21520, stack(0x000000144ca00000,0x000000144cb00000) (1024K)]
  0x000001eee02ae8c0 JavaThread "Finalizer"                  daemon [_thread_blocked, id=1232, stack(0x000000144cb00000,0x000000144cc00000) (1024K)]
  0x000001eef82998b0 JavaThread "Signal Dispatcher"          daemon [_thread_blocked, id=21508, stack(0x000000144cc00000,0x000000144cd00000) (1024K)]
  0x000001eef829a3b0 JavaThread "Attach Listener"            daemon [_thread_blocked, id=19200, stack(0x000000144cd00000,0x000000144ce00000) (1024K)]
  0x000001eef829f970 JavaThread "Service Thread"             daemon [_thread_blocked, id=2188, stack(0x000000144ce00000,0x000000144cf00000) (1024K)]
  0x000001eef82a7f50 JavaThread "Monitor Deflation Thread"   daemon [_thread_blocked, id=16144, stack(0x000000144cf00000,0x000000144d000000) (1024K)]
  0x000001eef82ae390 JavaThread "C2 CompilerThread0"         daemon [_thread_blocked, id=16376, stack(0x000000144d000000,0x000000144d100000) (1024K)]
  0x000001eef82afd30 JavaThread "C1 CompilerThread0"         daemon [_thread_blocked, id=13472, stack(0x000000144d100000,0x000000144d200000) (1024K)]
  0x000001eef84be240 JavaThread "Common-Cleaner"             daemon [_thread_blocked, id=21864, stack(0x000000144d500000,0x000000144d600000) (1024K)]
  0x000001eefe0b2070 JavaThread "Notification Thread"        daemon [_thread_blocked, id=22284, stack(0x000000144d700000,0x000000144d800000) (1024K)]
  0x000001eefe6ac700 JavaThread "Active Thread: Equinox Container: e2238904-d3d0-4e8b-847b-7411764cec6c"        [_thread_blocked, id=22472, stack(0x000000144e100000,0x000000144e200000) (1024K)]
  0x000001eefe6acd90 JavaThread "Refresh Thread: Equinox Container: e2238904-d3d0-4e8b-847b-7411764cec6c" daemon [_thread_blocked, id=22392, stack(0x000000144d600000,0x000000144d700000) (1024K)]
  0x000001eefe6aee60 JavaThread "Framework Event Dispatcher: Equinox Container: e2238904-d3d0-4e8b-847b-7411764cec6c" daemon [_thread_blocked, id=22396, stack(0x000000144d800000,0x000000144d900000) (1024K)]
  0x000001eefe6ae7d0 JavaThread "Start Level: Equinox Container: e2238904-d3d0-4e8b-847b-7411764cec6c" daemon [_thread_blocked, id=22520, stack(0x000000144df00000,0x000000144e000000) (1024K)]
  0x000001eefe6ad420 JavaThread "Bundle File Closer"         daemon [_thread_blocked, id=22040, stack(0x000000144e700000,0x000000144e800000) (1024K)]
  0x000001eefe6adab0 JavaThread "SCR Component Actor"        daemon [_thread_blocked, id=12956, stack(0x000000144e500000,0x000000144e600000) (1024K)]
  0x000001eefe6af4f0 JavaThread "Worker-JM"                         [_thread_blocked, id=16968, stack(0x000000144e900000,0x000000144ea00000) (1024K)]
  0x000001eefe6ac070 JavaThread "JNA Cleaner"                daemon [_thread_blocked, id=21744, stack(0x000000144f000000,0x000000144f100000) (1024K)]
  0x000001eeff65cb60 JavaThread "Java indexing"              daemon [_thread_in_native, id=4944, stack(0x000000144f500000,0x000000144f600000) (1024K)]
  0x000001eeff65b7b0 JavaThread "Thread-1"                   daemon [_thread_in_native, id=18128, stack(0x000000144fc00000,0x000000144fd00000) (1024K)]
  0x000001eeff65aa90 JavaThread "Thread-2"                   daemon [_thread_in_native, id=6212, stack(0x000000144fd00000,0x000000144fe00000) (1024K)]
  0x000001eeff660d00 JavaThread "Thread-3"                   daemon [_thread_in_native, id=16932, stack(0x000000144fe00000,0x000000144ff00000) (1024K)]
  0x000001eeff661a20 JavaThread "Thread-4"                   daemon [_thread_in_native, id=17868, stack(0x000000144ff00000,0x0000001450000000) (1024K)]
  0x000001eeff660670 JavaThread "Thread-5"                   daemon [_thread_in_native, id=16520, stack(0x0000001450000000,0x0000001450100000) (1024K)]
  0x000001eeff65f2c0 JavaThread "Thread-6"                   daemon [_thread_in_native, id=22080, stack(0x0000001450100000,0x0000001450200000) (1024K)]
  0x000001eeff65ec30 JavaThread "Thread-7"                   daemon [_thread_in_native, id=18272, stack(0x0000001450200000,0x0000001450300000) (1024K)]
  0x000001eeff661390 JavaThread "Thread-8"                   daemon [_thread_in_native, id=22208, stack(0x0000001450300000,0x0000001450400000) (1024K)]
  0x000001eeff65ffe0 JavaThread "Thread-9"                   daemon [_thread_in_native, id=14596, stack(0x0000001450400000,0x0000001450500000) (1024K)]
  0x000001eeff65e5a0 JavaThread "Thread-10"                  daemon [_thread_in_native, id=7152, stack(0x0000001450500000,0x0000001450600000) (1024K)]
  0x000001eeff6620b0 JavaThread "Thread-11"                  daemon [_thread_in_native, id=22344, stack(0x0000001450600000,0x0000001450700000) (1024K)]
  0x000001eeff65f950 JavaThread "Thread-12"                  daemon [_thread_in_native, id=22032, stack(0x0000001450700000,0x0000001450800000) (1024K)]
  0x000001eec440ccf0 JavaThread "Thread-13"                  daemon [_thread_in_native, id=22228, stack(0x0000001450800000,0x0000001450900000) (1024K)]
  0x000001eec440bfd0 JavaThread "Thread-14"                  daemon [_thread_in_native, id=21576, stack(0x0000001450900000,0x0000001450a00000) (1024K)]
  0x000001eec440c660 JavaThread "Thread-15"                  daemon [_thread_in_native, id=22012, stack(0x0000001450a00000,0x0000001450b00000) (1024K)]
  0x000001eec4409870 JavaThread "Thread-16"                  daemon [_thread_in_native, id=21692, stack(0x0000001450b00000,0x0000001450c00000) (1024K)]
  0x000001eec440d380 JavaThread "Thread-17"                  daemon [_thread_in_native, id=22140, stack(0x0000001450c00000,0x0000001450d00000) (1024K)]
  0x000001eec4409f00 JavaThread "pool-2-thread-1"                   [_thread_blocked, id=21816, stack(0x0000001450d00000,0x0000001450e00000) (1024K)]
  0x000001eec440ac20 JavaThread "WorkspaceEventsHandler"            [_thread_blocked, id=22176, stack(0x0000001450e00000,0x0000001450f00000) (1024K)]
  0x000001eec440e730 JavaThread "pool-1-thread-1"                   [_thread_blocked, id=22428, stack(0x0000001450f00000,0x0000001451000000) (1024K)]
  0x000001eec3278010 JavaThread "Worker-11: Java indexing... "        [_thread_blocked, id=16940, stack(0x000000144c300000,0x000000144c400000) (1024K)]
  0x000001eec2a6c8f0 JavaThread "Worker-16"                         [_thread_blocked, id=15616, stack(0x000000144c500000,0x000000144c600000) (1024K)]
  0x000001eec2a6e9c0 JavaThread "Worker-18: Building"               [_thread_blocked, id=5896, stack(0x000000144c400000,0x000000144c500000) (1024K)]
  0x000001eec2a6cf80 JavaThread "Worker-19"                         [_thread_blocked, id=6916, stack(0x000000144d200000,0x000000144d300000) (1024K)]
  0x000001eec42b2b30 JavaThread "C2 CompilerThread1"         daemon [_thread_in_native, id=21632, stack(0x000000144d300000,0x000000144d400000) (1024K)]
  0x000001eec2a6bbd0 JavaThread "Compiler Source File Reader" daemon [_thread_blocked, id=11060, stack(0x000000144d400000,0x000000144d500000) (1024K)]
=>0x000001eec2a6c260 JavaThread "Compiler Processing Task"   daemon [_thread_in_Java, id=7856, stack(0x000000144e600000,0x000000144e700000) (1024K)]
  0x000001eec42af4b0 JavaThread "C2 CompilerThread2"         daemon [_thread_blocked, id=13928, stack(0x000000144eb00000,0x000000144ec00000) (1024K)]
Total: 48

Other Threads:
  0x000001eee0290390 VMThread "VM Thread"                           [id=21560, stack(0x000000144c900000,0x000000144ca00000) (1024K)]
  0x000001eee03668c0 WatcherThread "VM Periodic Task Thread"        [id=21536, stack(0x000000144c800000,0x000000144c900000) (1024K)]
  0x000001eee0319e30 WorkerThread "GC Thread#0"                     [id=11620, stack(0x000000144c700000,0x000000144c800000) (1024K)]
  0x000001eefe72d270 WorkerThread "GC Thread#1"                     [id=22240, stack(0x000000144d900000,0x000000144da00000) (1024K)]
  0x000001eefe5b12b0 WorkerThread "GC Thread#2"                     [id=22244, stack(0x000000144da00000,0x000000144db00000) (1024K)]
  0x000001eefe5b1660 WorkerThread "GC Thread#3"                     [id=21976, stack(0x000000144db00000,0x000000144dc00000) (1024K)]
  0x000001eefe5b1a10 WorkerThread "GC Thread#4"                     [id=21712, stack(0x000000144dc00000,0x000000144dd00000) (1024K)]
  0x000001eefe8c7040 WorkerThread "GC Thread#5"                     [id=22156, stack(0x000000144dd00000,0x000000144de00000) (1024K)]
  0x000001eefe8c73f0 WorkerThread "GC Thread#6"                     [id=22164, stack(0x000000144de00000,0x000000144df00000) (1024K)]
  0x000001eefea0e580 WorkerThread "GC Thread#7"                     [id=21564, stack(0x000000144e200000,0x000000144e300000) (1024K)]
  0x000001eefed6b600 WorkerThread "GC Thread#8"                     [id=22180, stack(0x000000144e000000,0x000000144e100000) (1024K)]
  0x000001eefed6b9b0 WorkerThread "GC Thread#9"                     [id=22076, stack(0x000000144e300000,0x000000144e400000) (1024K)]
  0x000001eefebc13d0 WorkerThread "GC Thread#10"                    [id=22132, stack(0x000000144e400000,0x000000144e500000) (1024K)]
  0x000001eefe677920 WorkerThread "GC Thread#11"                    [id=22192, stack(0x000000144e800000,0x000000144e900000) (1024K)]
  0x000001eefe6787e0 WorkerThread "GC Thread#12"                    [id=21984, stack(0x000000144ea00000,0x000000144eb00000) (1024K)]
Total: 15

Threads with active compile tasks:
C2 CompilerThread1  4413089 25827       4       org.eclipse.jdt.internal.compiler.ast.Annotation::resolveType (1555 bytes)
Total: 1

VM state: not at safepoint (normal execution)

VM Mutex/Monitor currently owned by a thread: None

Heap address: 0x0000000080000000, size: 2048 MB, Compressed Oops mode: 32-bit

CDS archive(s) mapped at: [0x000001ee80000000-0x000001ee80ba0000-0x000001ee80ba0000), size 12189696, SharedBaseAddress: 0x000001ee80000000, ArchiveRelocationMode: 1.
Compressed class space mapped at: 0x000001ee81000000-0x000001eec1000000, reserved size: 1073741824
Narrow klass base: 0x000001ee80000000, Narrow klass shift: 0, Narrow klass range: 0x100000000

GC Precious Log:
 CardTable entry size: 512
 CPUs: 16 total, 16 available
 Memory: 32454M
 Large Page Support: Disabled
 NUMA Support: Disabled
 Compressed Oops: Enabled (32-bit)
 Alignments: Space 512K, Generation 512K, Heap 2M
 Heap Min Capacity: 100M
 Heap Initial Capacity: 100M
 Heap Max Capacity: 2G
 Pre-touch: Disabled
 Parallel Workers: 13

Heap:
 PSYoungGen      total 1536K, used 1210K [0x00000000d5580000, 0x00000000d5800000, 0x0000000100000000)
  eden space 1024K, 74% used [0x00000000d5580000,0x00000000d563e9b8,0x00000000d5680000)
  from space 512K, 87% used [0x00000000d5700000,0x00000000d5770000,0x00000000d5780000)
  to   space 512K, 0% used [0x00000000d5780000,0x00000000d5780000,0x00000000d5800000)
 ParOldGen       total 550912K, used 550643K [0x0000000080000000, 0x00000000a1a00000, 0x00000000d5580000)
  object space 550912K, 99% used [0x0000000080000000,0x00000000a19bcfa0,0x00000000a1a00000)
 Metaspace       used 76632K, committed 78336K, reserved 1179648K
  class space    used 7435K, committed 8192K, reserved 1048576K

Card table byte_map: [0x000001eedfca0000,0x000001eee00b0000] _byte_map_base: 0x000001eedf8a0000

Marking Bits: (ParMarkBitMap*) 0x00007ffeecd03450
 Begin Bits: [0x000001eef27b0000, 0x000001eef47b0000)
 End Bits:   [0x000001eef47b0000, 0x000001eef67b0000)

Polling page: 0x000001eede120000

Metaspace:

Usage:
  Non-class:     67.57 MB used.
      Class:      7.26 MB used.
       Both:     74.84 MB used.

Virtual space:
  Non-class space:      128.00 MB reserved,      68.50 MB ( 54%) committed,  2 nodes.
      Class space:        1.00 GB reserved,       8.00 MB ( <1%) committed,  1 nodes.
             Both:        1.12 GB reserved,      76.50 MB (  7%) committed. 

Chunk freelists:
   Non-Class:  10.66 MB
       Class:  8.03 MB
        Both:  18.69 MB

MaxMetaspaceSize: unlimited
CompressedClassSpaceSize: 1.00 GB
Initial GC threshold: 21.00 MB
Current GC threshold: 120.56 MB
CDS: on
 - commit_granule_bytes: 65536.
 - commit_granule_words: 8192.
 - virtual_space_node_default_size: 8388608.
 - enlarge_chunks_in_place: 1.
 - use_allocation_guard: 0.


Internal statistics:

num_allocs_failed_limit: 9.
num_arena_births: 1644.
num_arena_deaths: 22.
num_vsnodes_births: 3.
num_vsnodes_deaths: 0.
num_space_committed: 1224.
num_space_uncommitted: 0.
num_chunks_returned_to_freelist: 35.
num_chunks_taken_from_freelist: 5597.
num_chunk_merges: 20.
num_chunk_splits: 3332.
num_chunks_enlarged: 1709.
num_inconsistent_stats: 0.

CodeHeap 'non-profiled nmethods': size=119168Kb used=34908Kb max_used=34908Kb free=84259Kb
 bounds [0x000001eeeb0a0000, 0x000001eeed2c0000, 0x000001eef2500000]
CodeHeap 'profiled nmethods': size=119104Kb used=51034Kb max_used=51034Kb free=68069Kb
 bounds [0x000001eee3500000, 0x000001eee66f0000, 0x000001eeea950000]
CodeHeap 'non-nmethods': size=7488Kb used=1461Kb max_used=3293Kb free=6026Kb
 bounds [0x000001eeea950000, 0x000001eeeaca0000, 0x000001eeeb0a0000]
CodeCache: size=245760Kb, used=87403Kb, max_used=89235Kb, free=158354Kb
 total_blobs=21692, nmethods=20918, adapters=677, full_count=0
Compilation: enabled, stopped_count=0, restarted_count=0

Compilation events (20 events):
Event: 4411.922 Thread 0x000001eec42b2b30 25805       4       org.eclipse.jdt.internal.compiler.parser.Parser::consumeMethodInvocationName (195 bytes)
Event: 4411.923 Thread 0x000001eef82ae390 nmethod 25808 0x000001eeed28f510 code [0x000001eeed2933c0, 0x000001eeed299988]
Event: 4411.923 Thread 0x000001eef82ae390 25809       4       org.eclipse.jdt.internal.compiler.SourceElementParser::consumeMethodInvocationPrimary (61 bytes)
Event: 4411.929 Thread 0x000001eef82ae390 nmethod 25809 0x000001eeed2a1390 code [0x000001eeed2a1580, 0x000001eeed2a1c38]
Event: 4411.929 Thread 0x000001eef82ae390 25804       4       org.eclipse.jdt.internal.compiler.SourceElementParser::addUnknownRef (55 bytes)
Event: 4411.930 Thread 0x000001eef82ae390 nmethod 25804 0x000001eeed2a2110 code [0x000001eeed2a22e0, 0x000001eeed2a2568]
Event: 4411.943 Thread 0x000001eec42b2b30 nmethod 25805 0x000001eeed2a2810 code [0x000001eeed2a2aa0, 0x000001eeed2a3fb8]
Event: 4412.926 Thread 0x000001eec42b2b30 25819   !   4       org.eclipse.jdt.internal.core.builder.ClasspathDirectory::findClass (144 bytes)
Event: 4412.926 Thread 0x000001eef82ae390 25820   !   4       org.eclipse.jdt.internal.core.builder.ClasspathMultiDirectory::directoryList (367 bytes)
Event: 4412.930 Thread 0x000001eec42b2b30 nmethod 25819 0x000001eeed2a4b90 code [0x000001eeed2a4dc0, 0x000001eeed2a5230]
Event: 4412.930 Thread 0x000001eef82afd30 25821 %     3       org.eclipse.jdt.internal.compiler.lookup.Scope::getTypeOrPackage @ 1016 (1525 bytes)
Event: 4412.933 Thread 0x000001eec42b2b30 25822       4       org.eclipse.jdt.internal.core.builder.ClasspathJar::isPackage (55 bytes)
Event: 4412.939 Thread 0x000001eef82afd30 nmethod 25821% 0x000001eee66c4790 code [0x000001eee66c5320, 0x000001eee66ce850]
Event: 4412.939 Thread 0x000001eef82afd30 25825   !   3       org.eclipse.jdt.internal.compiler.lookup.SourceTypeBinding::resolveTypesWithSuspendedTempErrorHandlingPolicy (2061 bytes)
Event: 4412.941 Thread 0x000001eec42b2b30 nmethod 25822 0x000001eeed2a5610 code [0x000001eeed2a5880, 0x000001eeed2a6468]
Event: 4412.941 Thread 0x000001eec42b2b30 25827       4       org.eclipse.jdt.internal.compiler.ast.Annotation::resolveType (1555 bytes)
Event: 4412.945 Thread 0x000001eef82afd30 nmethod 25825 0x000001eee66d1410 code [0x000001eee66d1e20, 0x000001eee66d9b28]
Event: 4412.960 Thread 0x000001eef82afd30 25829       3       org.eclipse.jdt.internal.compiler.lookup.Scope::getImplicitMethod (1194 bytes)
Event: 4412.966 Thread 0x000001eef82afd30 nmethod 25829 0x000001eee66dcb10 code [0x000001eee66dd320, 0x000001eee66e30e8]
Event: 4412.966 Thread 0x000001eec42af4b0 25831   !   4       lombok.eclipse.agent.PatchExtensionMethod::resolveType (870 bytes)

GC Heap History (20 events):
Event: 4412.844 GC heap before
{Heap before GC invocations=3361 (full 5):
 PSYoungGen      total 1536K, used 1199K [0x00000000d5580000, 0x00000000d5880000, 0x0000000100000000)
  eden space 512K, 90% used [0x00000000d5580000,0x00000000d55f3d18,0x00000000d5600000)
  from space 1024K, 71% used [0x00000000d5600000,0x00000000d56b80e8,0x00000000d5700000)
  to   space 1024K, 0% used [0x00000000d5780000,0x00000000d5780000,0x00000000d5880000)
 ParOldGen       total 547840K, used 547553K [0x0000000080000000, 0x00000000a1700000, 0x00000000d5580000)
  object space 547840K, 99% used [0x0000000080000000,0x00000000a16b84b0,0x00000000a1700000)
 Metaspace       used 76632K, committed 78336K, reserved 1179648K
  class space    used 7435K, committed 8192K, reserved 1048576K
}
Event: 4412.845 GC heap after
{Heap after GC invocations=3361 (full 5):
 PSYoungGen      total 1536K, used 603K [0x00000000d5580000, 0x00000000d5880000, 0x0000000100000000)
  eden space 512K, 0% used [0x00000000d5580000,0x00000000d5580000,0x00000000d5600000)
  from space 1024K, 58% used [0x00000000d5780000,0x00000000d5816cd8,0x00000000d5880000)
  to   space 1024K, 0% used [0x00000000d5600000,0x00000000d5600000,0x00000000d5700000)
 ParOldGen       total 548352K, used 548051K [0x0000000080000000, 0x00000000a1780000, 0x00000000d5580000)
  object space 548352K, 99% used [0x0000000080000000,0x00000000a1734c38,0x00000000a1780000)
 Metaspace       used 76632K, committed 78336K, reserved 1179648K
  class space    used 7435K, committed 8192K, reserved 1048576K
}
Event: 4412.921 GC heap before
{Heap before GC invocations=3362 (full 5):
 PSYoungGen      total 1536K, used 1108K [0x00000000d5580000, 0x00000000d5880000, 0x0000000100000000)
  eden space 512K, 98% used [0x00000000d5580000,0x00000000d55fe460,0x00000000d5600000)
  from space 1024K, 58% used [0x00000000d5780000,0x00000000d5816cd8,0x00000000d5880000)
  to   space 1024K, 0% used [0x00000000d5600000,0x00000000d5600000,0x00000000d5700000)
 ParOldGen       total 548352K, used 548051K [0x0000000080000000, 0x00000000a1780000, 0x00000000d5580000)
  object space 548352K, 99% used [0x0000000080000000,0x00000000a1734c38,0x00000000a1780000)
 Metaspace       used 76632K, committed 78336K, reserved 1179648K
  class space    used 7435K, committed 8192K, reserved 1048576K
}
Event: 4412.922 GC heap after
{Heap after GC invocations=3362 (full 5):
 PSYoungGen      total 1536K, used 660K [0x00000000d5580000, 0x00000000d5800000, 0x0000000100000000)
  eden space 512K, 0% used [0x00000000d5580000,0x00000000d5580000,0x00000000d5600000)
  from space 1024K, 64% used [0x00000000d5600000,0x00000000d56a51f0,0x00000000d5700000)
  to   space 1024K, 0% used [0x00000000d5700000,0x00000000d5700000,0x00000000d5800000)
 ParOldGen       total 548864K, used 548547K [0x0000000080000000, 0x00000000a1800000, 0x00000000d5580000)
  object space 548864K, 99% used [0x0000000080000000,0x00000000a17b0c18,0x00000000a1800000)
 Metaspace       used 76632K, committed 78336K, reserved 1179648K
  class space    used 7435K, committed 8192K, reserved 1048576K
}
Event: 4412.923 GC heap before
{Heap before GC invocations=3363 (full 5):
 PSYoungGen      total 1536K, used 1172K [0x00000000d5580000, 0x00000000d5800000, 0x0000000100000000)
  eden space 512K, 99% used [0x00000000d5580000,0x00000000d55fffd0,0x00000000d5600000)
  from space 1024K, 64% used [0x00000000d5600000,0x00000000d56a51f0,0x00000000d5700000)
  to   space 1024K, 0% used [0x00000000d5700000,0x00000000d5700000,0x00000000d5800000)
 ParOldGen       total 548864K, used 548547K [0x0000000080000000, 0x00000000a1800000, 0x00000000d5580000)
  object space 548864K, 99% used [0x0000000080000000,0x00000000a17b0c18,0x00000000a1800000)
 Metaspace       used 76632K, committed 78336K, reserved 1179648K
  class space    used 7435K, committed 8192K, reserved 1048576K
}
Event: 4412.924 GC heap after
{Heap after GC invocations=3363 (full 5):
 PSYoungGen      total 1536K, used 480K [0x00000000d5580000, 0x00000000d5800000, 0x0000000100000000)
  eden space 512K, 0% used [0x00000000d5580000,0x00000000d5580000,0x00000000d5600000)
  from space 1024K, 46% used [0x00000000d5700000,0x00000000d5778000,0x00000000d5800000)
  to   space 1024K, 0% used [0x00000000d5600000,0x00000000d5600000,0x00000000d5700000)
 ParOldGen       total 549376K, used 549056K [0x0000000080000000, 0x00000000a1880000, 0x00000000d5580000)
  object space 549376K, 99% used [0x0000000080000000,0x00000000a1830018,0x00000000a1880000)
 Metaspace       used 76632K, committed 78336K, reserved 1179648K
  class space    used 7435K, committed 8192K, reserved 1048576K
}
Event: 4412.926 GC heap before
{Heap before GC invocations=3364 (full 5):
 PSYoungGen      total 1536K, used 992K [0x00000000d5580000, 0x00000000d5800000, 0x0000000100000000)
  eden space 512K, 100% used [0x00000000d5580000,0x00000000d5600000,0x00000000d5600000)
  from space 1024K, 46% used [0x00000000d5700000,0x00000000d5778000,0x00000000d5800000)
  to   space 1024K, 0% used [0x00000000d5600000,0x00000000d5600000,0x00000000d5700000)
 ParOldGen       total 549376K, used 549056K [0x0000000080000000, 0x00000000a1880000, 0x00000000d5580000)
  object space 549376K, 99% used [0x0000000080000000,0x00000000a1830018,0x00000000a1880000)
 Metaspace       used 76632K, committed 78336K, reserved 1179648K
  class space    used 7435K, committed 8192K, reserved 1048576K
}
Event: 4412.927 GC heap after
{Heap after GC invocations=3364 (full 5):
 PSYoungGen      total 1536K, used 416K [0x00000000d5580000, 0x00000000d5780000, 0x0000000100000000)
  eden space 512K, 0% used [0x00000000d5580000,0x00000000d5580000,0x00000000d5600000)
  from space 1024K, 40% used [0x00000000d5600000,0x00000000d5668000,0x00000000d5700000)
  to   space 512K, 0% used [0x00000000d5700000,0x00000000d5700000,0x00000000d5780000)
 ParOldGen       total 549888K, used 549383K [0x0000000080000000, 0x00000000a1900000, 0x00000000d5580000)
  object space 549888K, 99% used [0x0000000080000000,0x00000000a1881ed8,0x00000000a1900000)
 Metaspace       used 76632K, committed 78336K, reserved 1179648K
  class space    used 7435K, committed 8192K, reserved 1048576K
}
Event: 4412.930 GC heap before
{Heap before GC invocations=3365 (full 5):
 PSYoungGen      total 1536K, used 927K [0x00000000d5580000, 0x00000000d5780000, 0x0000000100000000)
  eden space 512K, 99% used [0x00000000d5580000,0x00000000d55fffb0,0x00000000d5600000)
  from space 1024K, 40% used [0x00000000d5600000,0x00000000d5668000,0x00000000d5700000)
  to   space 512K, 0% used [0x00000000d5700000,0x00000000d5700000,0x00000000d5780000)
 ParOldGen       total 549888K, used 549383K [0x0000000080000000, 0x00000000a1900000, 0x00000000d5580000)
  object space 549888K, 99% used [0x0000000080000000,0x00000000a1881ed8,0x00000000a1900000)
 Metaspace       used 76632K, committed 78336K, reserved 1179648K
  class space    used 7435K, committed 8192K, reserved 1048576K
}
Event: 4412.931 GC heap after
{Heap after GC invocations=3365 (full 5):
 PSYoungGen      total 1536K, used 320K [0x00000000d5580000, 0x00000000d5780000, 0x0000000100000000)
  eden space 1024K, 0% used [0x00000000d5580000,0x00000000d5580000,0x00000000d5680000)
  from space 512K, 62% used [0x00000000d5700000,0x00000000d5750000,0x00000000d5780000)
  to   space 512K, 0% used [0x00000000d5680000,0x00000000d5680000,0x00000000d5700000)
 ParOldGen       total 549888K, used 549527K [0x0000000080000000, 0x00000000a1900000, 0x00000000d5580000)
  object space 549888K, 99% used [0x0000000080000000,0x00000000a18a5ed8,0x00000000a1900000)
 Metaspace       used 76632K, committed 78336K, reserved 1179648K
  class space    used 7435K, committed 8192K, reserved 1048576K
}
Event: 4412.937 GC heap before
{Heap before GC invocations=3366 (full 5):
 PSYoungGen      total 1536K, used 1337K [0x00000000d5580000, 0x00000000d5780000, 0x0000000100000000)
  eden space 1024K, 99% used [0x00000000d5580000,0x00000000d567e660,0x00000000d5680000)
  from space 512K, 62% used [0x00000000d5700000,0x00000000d5750000,0x00000000d5780000)
  to   space 512K, 0% used [0x00000000d5680000,0x00000000d5680000,0x00000000d5700000)
 ParOldGen       total 549888K, used 549527K [0x0000000080000000, 0x00000000a1900000, 0x00000000d5580000)
  object space 549888K, 99% used [0x0000000080000000,0x00000000a18a5ed8,0x00000000a1900000)
 Metaspace       used 76632K, committed 78336K, reserved 1179648K
  class space    used 7435K, committed 8192K, reserved 1048576K
}
Event: 4412.938 GC heap after
{Heap after GC invocations=3366 (full 5):
 PSYoungGen      total 1536K, used 497K [0x00000000d5580000, 0x00000000d5880000, 0x0000000100000000)
  eden space 1024K, 0% used [0x00000000d5580000,0x00000000d5580000,0x00000000d5680000)
  from space 512K, 97% used [0x00000000d5680000,0x00000000d56fc728,0x00000000d5700000)
  to   space 1024K, 0% used [0x00000000d5780000,0x00000000d5780000,0x00000000d5880000)
 ParOldGen       total 549888K, used 549663K [0x0000000080000000, 0x00000000a1900000, 0x00000000d5580000)
  object space 549888K, 99% used [0x0000000080000000,0x00000000a18c7ed8,0x00000000a1900000)
 Metaspace       used 76632K, committed 78336K, reserved 1179648K
  class space    used 7435K, committed 8192K, reserved 1048576K
}
Event: 4412.947 GC heap before
{Heap before GC invocations=3367 (full 5):
 PSYoungGen      total 1536K, used 1521K [0x00000000d5580000, 0x00000000d5880000, 0x0000000100000000)
  eden space 1024K, 100% used [0x00000000d5580000,0x00000000d5680000,0x00000000d5680000)
  from space 512K, 97% used [0x00000000d5680000,0x00000000d56fc728,0x00000000d5700000)
  to   space 1024K, 0% used [0x00000000d5780000,0x00000000d5780000,0x00000000d5880000)
 ParOldGen       total 549888K, used 549663K [0x0000000080000000, 0x00000000a1900000, 0x00000000d5580000)
  object space 549888K, 99% used [0x0000000080000000,0x00000000a18c7ed8,0x00000000a1900000)
 Metaspace       used 76632K, committed 78336K, reserved 1179648K
  class space    used 7435K, committed 8192K, reserved 1048576K
}
Event: 4412.948 GC heap after
{Heap after GC invocations=3367 (full 5):
 PSYoungGen      total 2048K, used 544K [0x00000000d5580000, 0x00000000d5880000, 0x0000000100000000)
  eden space 1024K, 0% used [0x00000000d5580000,0x00000000d5580000,0x00000000d5680000)
  from space 1024K, 53% used [0x00000000d5780000,0x00000000d5808020,0x00000000d5880000)
  to   space 1024K, 0% used [0x00000000d5680000,0x00000000d5680000,0x00000000d5780000)
 ParOldGen       total 550400K, used 549931K [0x0000000080000000, 0x00000000a1980000, 0x00000000d5580000)
  object space 550400K, 99% used [0x0000000080000000,0x00000000a190af60,0x00000000a1980000)
 Metaspace       used 76632K, committed 78336K, reserved 1179648K
  class space    used 7435K, committed 8192K, reserved 1048576K
}
Event: 4412.951 GC heap before
{Heap before GC invocations=3368 (full 5):
 PSYoungGen      total 2048K, used 1555K [0x00000000d5580000, 0x00000000d5880000, 0x0000000100000000)
  eden space 1024K, 98% used [0x00000000d5580000,0x00000000d567ccd0,0x00000000d5680000)
  from space 1024K, 53% used [0x00000000d5780000,0x00000000d5808020,0x00000000d5880000)
  to   space 1024K, 0% used [0x00000000d5680000,0x00000000d5680000,0x00000000d5780000)
 ParOldGen       total 550400K, used 549931K [0x0000000080000000, 0x00000000a1980000, 0x00000000d5580000)
  object space 550400K, 99% used [0x0000000080000000,0x00000000a190af60,0x00000000a1980000)
 Metaspace       used 76632K, committed 78336K, reserved 1179648K
  class space    used 7435K, committed 8192K, reserved 1048576K
}
Event: 4412.952 GC heap after
{Heap after GC invocations=3368 (full 5):
 PSYoungGen      total 2048K, used 480K [0x00000000d5580000, 0x00000000d5800000, 0x0000000100000000)
  eden space 1024K, 0% used [0x00000000d5580000,0x00000000d5580000,0x00000000d5680000)
  from space 1024K, 46% used [0x00000000d5680000,0x00000000d56f8000,0x00000000d5780000)
  to   space 512K, 0% used [0x00000000d5780000,0x00000000d5780000,0x00000000d5800000)
 ParOldGen       total 550400K, used 550243K [0x0000000080000000, 0x00000000a1980000, 0x00000000d5580000)
  object space 550400K, 99% used [0x0000000080000000,0x00000000a1958fa0,0x00000000a1980000)
 Metaspace       used 76632K, committed 78336K, reserved 1179648K
  class space    used 7435K, committed 8192K, reserved 1048576K
}
Event: 4412.955 GC heap before
{Heap before GC invocations=3369 (full 5):
 PSYoungGen      total 2048K, used 1504K [0x00000000d5580000, 0x00000000d5800000, 0x0000000100000000)
  eden space 1024K, 100% used [0x00000000d5580000,0x00000000d5680000,0x00000000d5680000)
  from space 1024K, 46% used [0x00000000d5680000,0x00000000d56f8000,0x00000000d5780000)
  to   space 512K, 0% used [0x00000000d5780000,0x00000000d5780000,0x00000000d5800000)
 ParOldGen       total 550400K, used 550243K [0x0000000080000000, 0x00000000a1980000, 0x00000000d5580000)
  object space 550400K, 99% used [0x0000000080000000,0x00000000a1958fa0,0x00000000a1980000)
 Metaspace       used 76632K, committed 78336K, reserved 1179648K
  class space    used 7435K, committed 8192K, reserved 1048576K
}
Event: 4412.956 GC heap after
{Heap after GC invocations=3369 (full 5):
 PSYoungGen      total 1536K, used 468K [0x00000000d5580000, 0x00000000d5800000, 0x0000000100000000)
  eden space 1024K, 0% used [0x00000000d5580000,0x00000000d5580000,0x00000000d5680000)
  from space 512K, 91% used [0x00000000d5780000,0x00000000d57f5000,0x00000000d5800000)
  to   space 512K, 0% used [0x00000000d5700000,0x00000000d5700000,0x00000000d5780000)
 ParOldGen       total 550912K, used 550507K [0x0000000080000000, 0x00000000a1a00000, 0x00000000d5580000)
  object space 550912K, 99% used [0x0000000080000000,0x00000000a199afa0,0x00000000a1a00000)
 Metaspace       used 76632K, committed 78336K, reserved 1179648K
  class space    used 7435K, committed 8192K, reserved 1048576K
}
Event: 4412.961 GC heap before
{Heap before GC invocations=3370 (full 5):
 PSYoungGen      total 1536K, used 1492K [0x00000000d5580000, 0x00000000d5800000, 0x0000000100000000)
  eden space 1024K, 100% used [0x00000000d5580000,0x00000000d5680000,0x00000000d5680000)
  from space 512K, 91% used [0x00000000d5780000,0x00000000d57f5000,0x00000000d5800000)
  to   space 512K, 0% used [0x00000000d5700000,0x00000000d5700000,0x00000000d5780000)
 ParOldGen       total 550912K, used 550507K [0x0000000080000000, 0x00000000a1a00000, 0x00000000d5580000)
  object space 550912K, 99% used [0x0000000080000000,0x00000000a199afa0,0x00000000a1a00000)
 Metaspace       used 76632K, committed 78336K, reserved 1179648K
  class space    used 7435K, committed 8192K, reserved 1048576K
}
Event: 4412.962 GC heap after
{Heap after GC invocations=3370 (full 5):
 PSYoungGen      total 1536K, used 448K [0x00000000d5580000, 0x00000000d5800000, 0x0000000100000000)
  eden space 1024K, 0% used [0x00000000d5580000,0x00000000d5580000,0x00000000d5680000)
  from space 512K, 87% used [0x00000000d5700000,0x00000000d5770000,0x00000000d5780000)
  to   space 512K, 0% used [0x00000000d5780000,0x00000000d5780000,0x00000000d5800000)
 ParOldGen       total 550912K, used 550643K [0x0000000080000000, 0x00000000a1a00000, 0x00000000d5580000)
  object space 550912K, 99% used [0x0000000080000000,0x00000000a19bcfa0,0x00000000a1a00000)
 Metaspace       used 76632K, committed 78336K, reserved 1179648K
  class space    used 7435K, committed 8192K, reserved 1048576K
}

Dll operation events (10 events):
Event: 0.011 Loaded shared library c:\Users\Akanksha.Surve\.antigravity\extensions\redhat.java-1.54.0-win32-x64\jre\21.0.10-win32-x86_64\bin\java.dll
Event: 0.064 Loaded shared library c:\Users\Akanksha.Surve\.antigravity\extensions\redhat.java-1.54.0-win32-x64\jre\21.0.10-win32-x86_64\bin\zip.dll
Event: 0.086 Loaded shared library C:\Users\Akanksha.Surve\.antigravity\extensions\redhat.java-1.54.0-win32-x64\jre\21.0.10-win32-x86_64\bin\instrument.dll
Event: 0.092 Loaded shared library C:\Users\Akanksha.Surve\.antigravity\extensions\redhat.java-1.54.0-win32-x64\jre\21.0.10-win32-x86_64\bin\net.dll
Event: 0.094 Loaded shared library C:\Users\Akanksha.Surve\.antigravity\extensions\redhat.java-1.54.0-win32-x64\jre\21.0.10-win32-x86_64\bin\nio.dll
Event: 0.098 Loaded shared library C:\Users\Akanksha.Surve\.antigravity\extensions\redhat.java-1.54.0-win32-x64\jre\21.0.10-win32-x86_64\bin\zip.dll
Event: 0.115 Loaded shared library C:\Users\Akanksha.Surve\.antigravity\extensions\redhat.java-1.54.0-win32-x64\jre\21.0.10-win32-x86_64\bin\jimage.dll
Event: 0.215 Loaded shared library c:\Users\Akanksha.Surve\.antigravity\extensions\redhat.java-1.54.0-win32-x64\jre\21.0.10-win32-x86_64\bin\verify.dll
Event: 2.130 Loaded shared library C:\Users\Akanksha.Surve\AppData\Roaming\Antigravity\User\globalStorage\redhat.java\1.54.0\config_win\org.eclipse.equinox.launcher\org.eclipse.equinox.launcher.win32.win32.x86_64_1.3.0.v20260203-2149\eclipse_11919.dll
Event: 5.861 Loaded shared library C:\Users\Akanksha.Surve\AppData\Local\Temp\jna-907455049\jna8339053133745203325.dll

Deoptimization events (20 events):
Event: 4411.820 Thread 0x000001eeff65cb60 Uncommon trap: trap_request=0xffffff45 fr.pc=0x000001eeecece534 relative=0x00000000000001d4
Event: 4411.820 Thread 0x000001eeff65cb60 Uncommon trap: reason=unstable_if action=reinterpret pc=0x000001eeecece534 method=org.eclipse.jdt.internal.compiler.parser.Parser.markEnclosingMemberWithLocalOrFunctionalType(Lorg/eclipse/jdt/internal/compiler/parser/Parser$LocalTypeKind;)V @ 19 c2
Event: 4411.820 Thread 0x000001eeff65cb60 DEOPT PACKING pc=0x000001eeecece534 sp=0x000000144f5fec10
Event: 4411.820 Thread 0x000001eeff65cb60 DEOPT UNPACKING pc=0x000001eeea9a3aa2 sp=0x000000144f5feb98 mode 2
Event: 4411.821 Thread 0x000001eeff65cb60 Uncommon trap: trap_request=0xffffffbe fr.pc=0x000001eeed157e84 relative=0x0000000000001204
Event: 4411.821 Thread 0x000001eeff65cb60 Uncommon trap: reason=profile_predicate action=maybe_recompile pc=0x000001eeed157e84 method=org.eclipse.jdt.internal.core.JavaProject.internalDefaultRootModules(Ljava/lang/Iterable;Ljava/util/function/Function;Ljava/util/function/Function;Ljava/lang/Strin
Event: 4411.821 Thread 0x000001eeff65cb60 DEOPT PACKING pc=0x000001eeed157e84 sp=0x000000144f5fe8b0
Event: 4411.821 Thread 0x000001eeff65cb60 DEOPT UNPACKING pc=0x000001eeea9a3aa2 sp=0x000000144f5fe870 mode 2
Event: 4412.922 Thread 0x000001eec2a6e9c0 Uncommon trap: trap_request=0xffffffde fr.pc=0x000001eeebb689cc relative=0x000000000000192c
Event: 4412.922 Thread 0x000001eec2a6e9c0 Uncommon trap: reason=class_check action=maybe_recompile pc=0x000001eeebb689cc method=org.eclipse.jdt.internal.core.builder.ClasspathMultiDirectory.directoryList(Ljava/lang/String;)[Ljava/lang/String; @ 105 c2
Event: 4412.922 Thread 0x000001eec2a6e9c0 DEOPT PACKING pc=0x000001eeebb689cc sp=0x000000144c4fe060
Event: 4412.922 Thread 0x000001eec2a6e9c0 DEOPT UNPACKING pc=0x000001eeea9a3aa2 sp=0x000000144c4fdff0 mode 2
Event: 4412.922 Thread 0x000001eec2a6e9c0 Uncommon trap: trap_request=0xffffffde fr.pc=0x000001eeebb689cc relative=0x000000000000192c
Event: 4412.922 Thread 0x000001eec2a6e9c0 Uncommon trap: reason=class_check action=maybe_recompile pc=0x000001eeebb689cc method=org.eclipse.jdt.internal.core.builder.ClasspathMultiDirectory.directoryList(Ljava/lang/String;)[Ljava/lang/String; @ 105 c2
Event: 4412.922 Thread 0x000001eec2a6e9c0 DEOPT PACKING pc=0x000001eeebb689cc sp=0x000000144c4fdcd0
Event: 4412.922 Thread 0x000001eec2a6e9c0 DEOPT UNPACKING pc=0x000001eeea9a3aa2 sp=0x000000144c4fdc60 mode 2
Event: 4412.922 Thread 0x000001eec2a6e9c0 Uncommon trap: trap_request=0xffffffde fr.pc=0x000001eeebb689cc relative=0x000000000000192c
Event: 4412.922 Thread 0x000001eec2a6e9c0 Uncommon trap: reason=class_check action=maybe_recompile pc=0x000001eeebb689cc method=org.eclipse.jdt.internal.core.builder.ClasspathMultiDirectory.directoryList(Ljava/lang/String;)[Ljava/lang/String; @ 105 c2
Event: 4412.922 Thread 0x000001eec2a6e9c0 DEOPT PACKING pc=0x000001eeebb689cc sp=0x000000144c4fdcd0
Event: 4412.922 Thread 0x000001eec2a6e9c0 DEOPT UNPACKING pc=0x000001eeea9a3aa2 sp=0x000000144c4fdc60 mode 2

Classes loaded (20 events):
Event: 308.093 Loading class java/util/stream/Nodes$CollectorTask done
Event: 308.094 Loading class java/util/stream/Nodes$CollectorTask$OfRef done
Event: 308.096 Loading class java/util/function/LongFunction
Event: 308.096 Loading class java/util/function/LongFunction done
Event: 308.097 Loading class java/util/stream/Nodes$ConcNode
Event: 308.097 Loading class java/util/stream/Nodes$AbstractConcNode
Event: 308.097 Loading class java/util/stream/Nodes$AbstractConcNode done
Event: 308.097 Loading class java/util/stream/Nodes$ConcNode done
Event: 308.117 Loading class java/util/stream/Nodes$ToArrayTask$OfRef
Event: 308.117 Loading class java/util/stream/Nodes$ToArrayTask
Event: 308.117 Loading class java/util/stream/Nodes$ToArrayTask done
Event: 308.117 Loading class java/util/stream/Nodes$ToArrayTask$OfRef done
Event: 308.120 Loading class java/io/ObjectOutputStream$BlockDataOutputStream
Event: 308.120 Loading class java/io/ObjectOutputStream$BlockDataOutputStream done
Event: 308.120 Loading class java/io/ObjectOutputStream$HandleTable
Event: 308.120 Loading class java/io/ObjectOutputStream$HandleTable done
Event: 308.120 Loading class java/io/ObjectOutputStream$ReplaceTable
Event: 308.121 Loading class java/io/ObjectOutputStream$ReplaceTable done
Event: 4412.943 Loading class jdk/internal/module/IllegalAccessLogger
Event: 4412.943 Loading class jdk/internal/module/IllegalAccessLogger done

Classes unloaded (11 events):
Event: 6.242 Thread 0x000001eee0290390 Unloading class 0x000001ee811ab400 'java/lang/invoke/LambdaForm$MH+0x000001ee811ab400'
Event: 6.242 Thread 0x000001eee0290390 Unloading class 0x000001ee811ab000 'java/lang/invoke/LambdaForm$MH+0x000001ee811ab000'
Event: 6.242 Thread 0x000001eee0290390 Unloading class 0x000001ee811aac00 'java/lang/invoke/LambdaForm$MH+0x000001ee811aac00'
Event: 6.242 Thread 0x000001eee0290390 Unloading class 0x000001ee811aa800 'java/lang/invoke/LambdaForm$MH+0x000001ee811aa800'
Event: 6.242 Thread 0x000001eee0290390 Unloading class 0x000001ee811aa400 'java/lang/invoke/LambdaForm$BMH+0x000001ee811aa400'
Event: 6.242 Thread 0x000001eee0290390 Unloading class 0x000001ee811aa000 'java/lang/invoke/LambdaForm$DMH+0x000001ee811aa000'
Event: 6.242 Thread 0x000001eee0290390 Unloading class 0x000001ee811a8c00 'java/lang/invoke/LambdaForm$DMH+0x000001ee811a8c00'
Event: 12.525 Thread 0x000001eee0290390 Unloading class 0x000001ee81615400 'java/lang/invoke/LambdaForm$DMH+0x000001ee81615400'
Event: 12.526 Thread 0x000001eee0290390 Unloading class 0x000001ee81615000 'java/lang/invoke/LambdaForm$DMH+0x000001ee81615000'
Event: 12.526 Thread 0x000001eee0290390 Unloading class 0x000001ee81614800 'java/lang/invoke/LambdaForm$DMH+0x000001ee81614800'
Event: 12.526 Thread 0x000001eee0290390 Unloading class 0x000001ee81614c00 'java/lang/invoke/LambdaForm$DMH+0x000001ee81614c00'

Classes redefined (0 events):
No events

Internal exceptions (20 events):
Event: 3532.305 Thread 0x000001eec2a6c8f0 Exception <a 'sun/nio/fs/WindowsException'{0x00000000d577fc90}> (0x00000000d577fc90) 
thrown [s\src\hotspot\share\prims\jni.cpp, line 520]
Event: 3532.305 Thread 0x000001eec2a6c8f0 Exception <a 'sun/nio/fs/WindowsException'{0x00000000d5780578}> (0x00000000d5780578) 
thrown [s\src\hotspot\share\prims\jni.cpp, line 520]
Event: 3532.305 Thread 0x000001eec2a6c8f0 Exception <a 'sun/nio/fs/WindowsException'{0x00000000d57826a0}> (0x00000000d57826a0) 
thrown [s\src\hotspot\share\prims\jni.cpp, line 520]
Event: 3532.305 Thread 0x000001eec2a6c8f0 Exception <a 'sun/nio/fs/WindowsException'{0x00000000d5782f88}> (0x00000000d5782f88) 
thrown [s\src\hotspot\share\prims\jni.cpp, line 520]
Event: 3532.305 Thread 0x000001eec2a6c8f0 Exception <a 'sun/nio/fs/WindowsException'{0x00000000d57847e0}> (0x00000000d57847e0) 
thrown [s\src\hotspot\share\prims\jni.cpp, line 520]
Event: 3532.305 Thread 0x000001eec2a6c8f0 Exception <a 'sun/nio/fs/WindowsException'{0x00000000d57850c8}> (0x00000000d57850c8) 
thrown [s\src\hotspot\share\prims\jni.cpp, line 520]
Event: 3532.306 Thread 0x000001eec2a6c8f0 Exception <a 'sun/nio/fs/WindowsException'{0x00000000d57866e0}> (0x00000000d57866e0) 
thrown [s\src\hotspot\share\prims\jni.cpp, line 520]
Event: 3532.306 Thread 0x000001eec2a6c8f0 Exception <a 'sun/nio/fs/WindowsException'{0x00000000d5787220}> (0x00000000d5787220) 
thrown [s\src\hotspot\share\prims\jni.cpp, line 520]
Event: 3532.306 Thread 0x000001eec2a6c8f0 Exception <a 'sun/nio/fs/WindowsException'{0x00000000d5788838}> (0x00000000d5788838) 
thrown [s\src\hotspot\share\prims\jni.cpp, line 520]
Event: 3532.306 Thread 0x000001eec2a6c8f0 Exception <a 'sun/nio/fs/WindowsException'{0x00000000d5789120}> (0x00000000d5789120) 
thrown [s\src\hotspot\share\prims\jni.cpp, line 520]
Event: 3532.306 Thread 0x000001eec2a6c8f0 Exception <a 'sun/nio/fs/WindowsException'{0x00000000d578aa18}> (0x00000000d578aa18) 
thrown [s\src\hotspot\share\prims\jni.cpp, line 520]
Event: 3532.306 Thread 0x000001eec2a6c8f0 Exception <a 'sun/nio/fs/WindowsException'{0x00000000d578b300}> (0x00000000d578b300) 
thrown [s\src\hotspot\share\prims\jni.cpp, line 520]
Event: 3532.307 Thread 0x000001eec2a6c8f0 Exception <a 'sun/nio/fs/WindowsException'{0x00000000d578cb68}> (0x00000000d578cb68) 
thrown [s\src\hotspot\share\prims\jni.cpp, line 520]
Event: 3532.307 Thread 0x000001eec2a6c8f0 Exception <a 'sun/nio/fs/WindowsException'{0x00000000d578d450}> (0x00000000d578d450) 
thrown [s\src\hotspot\share\prims\jni.cpp, line 520]
Event: 3532.307 Thread 0x000001eec2a6c8f0 Exception <a 'sun/nio/fs/WindowsException'{0x00000000d578ef90}> (0x00000000d578ef90) 
thrown [s\src\hotspot\share\prims\jni.cpp, line 520]
Event: 3532.307 Thread 0x000001eec2a6c8f0 Exception <a 'sun/nio/fs/WindowsException'{0x00000000d578f878}> (0x00000000d578f878) 
thrown [s\src\hotspot\share\prims\jni.cpp, line 520]
Event: 3532.308 Thread 0x000001eec2a6c8f0 Exception <a 'sun/nio/fs/WindowsException'{0x00000000d5790e90}> (0x00000000d5790e90) 
thrown [s\src\hotspot\share\prims\jni.cpp, line 520]
Event: 3532.308 Thread 0x000001eec2a6c8f0 Exception <a 'sun/nio/fs/WindowsException'{0x00000000d57919c8}> (0x00000000d57919c8) 
thrown [s\src\hotspot\share\prims\jni.cpp, line 520]
Event: 4411.635 Thread 0x000001eeff65cb60 Exception <a 'sun/nio/fs/WindowsException'{0x00000000d59fcf38}> (0x00000000d59fcf38) 
thrown [s\src\hotspot\share\prims\jni.cpp, line 520]
Event: 4411.815 Thread 0x000001eeff65cb60 Exception <a 'sun/nio/fs/WindowsException'{0x00000000d569a080}> (0x00000000d569a080) 
thrown [s\src\hotspot\share\prims\jni.cpp, line 520]

ZGC Phase Switch (0 events):
No events

VM Operations (20 events):
Event: 4412.844 Executing safepoint VM operation: ParallelGCFailedAllocation (Allocation Failure)
Event: 4412.845 Executing safepoint VM operation: ParallelGCFailedAllocation (Allocation Failure) done
Event: 4412.921 Executing safepoint VM operation: ParallelGCFailedAllocation (Allocation Failure)
Event: 4412.922 Executing safepoint VM operation: ParallelGCFailedAllocation (Allocation Failure) done
Event: 4412.923 Executing safepoint VM operation: ParallelGCFailedAllocation (Allocation Failure)
Event: 4412.924 Executing safepoint VM operation: ParallelGCFailedAllocation (Allocation Failure) done
Event: 4412.926 Executing safepoint VM operation: ParallelGCFailedAllocation (Allocation Failure)
Event: 4412.927 Executing safepoint VM operation: ParallelGCFailedAllocation (Allocation Failure) done
Event: 4412.930 Executing safepoint VM operation: ParallelGCFailedAllocation (Allocation Failure)
Event: 4412.931 Executing safepoint VM operation: ParallelGCFailedAllocation (Allocation Failure) done
Event: 4412.937 Executing safepoint VM operation: ParallelGCFailedAllocation (Allocation Failure)
Event: 4412.938 Executing safepoint VM operation: ParallelGCFailedAllocation (Allocation Failure) done
Event: 4412.947 Executing safepoint VM operation: ParallelGCFailedAllocation (Allocation Failure)
Event: 4412.948 Executing safepoint VM operation: ParallelGCFailedAllocation (Allocation Failure) done
Event: 4412.951 Executing safepoint VM operation: ParallelGCFailedAllocation (Allocation Failure)
Event: 4412.952 Executing safepoint VM operation: ParallelGCFailedAllocation (Allocation Failure) done
Event: 4412.955 Executing safepoint VM operation: ParallelGCFailedAllocation (Allocation Failure)
Event: 4412.956 Executing safepoint VM operation: ParallelGCFailedAllocation (Allocation Failure) done
Event: 4412.961 Executing safepoint VM operation: ParallelGCFailedAllocation (Allocation Failure)
Event: 4412.962 Executing safepoint VM operation: ParallelGCFailedAllocation (Allocation Failure) done

Memory protections (0 events):
No events

Nmethod flushes (20 events):
Event: 40.426 Thread 0x000001eee0290390 flushing  nmethod 0x000001eee58e5610
Event: 40.426 Thread 0x000001eee0290390 flushing  nmethod 0x000001eee590bc10
Event: 40.426 Thread 0x000001eee0290390 flushing  nmethod 0x000001eee590ce90
Event: 40.426 Thread 0x000001eee0290390 flushing osr nmethod 0x000001eee591af90
Event: 40.426 Thread 0x000001eee0290390 flushing  nmethod 0x000001eee592b290
Event: 40.426 Thread 0x000001eee0290390 flushing  nmethod 0x000001eee593b310
Event: 40.426 Thread 0x000001eee0290390 flushing  nmethod 0x000001eee593bc90
Event: 40.426 Thread 0x000001eee0290390 flushing  nmethod 0x000001eee596a890
Event: 40.426 Thread 0x000001eee0290390 flushing  nmethod 0x000001eee5989290
Event: 40.426 Thread 0x000001eee0290390 flushing  nmethod 0x000001eee59f8090
Event: 40.426 Thread 0x000001eee0290390 flushing  nmethod 0x000001eee5bb2b90
Event: 40.426 Thread 0x000001eee0290390 flushing  nmethod 0x000001eee5bc1410
Event: 40.426 Thread 0x000001eee0290390 flushing  nmethod 0x000001eee5be8d90
Event: 40.426 Thread 0x000001eee0290390 flushing  nmethod 0x000001eee5c0fd10
Event: 40.426 Thread 0x000001eee0290390 flushing  nmethod 0x000001eee5c10e10
Event: 40.426 Thread 0x000001eee0290390 flushing  nmethod 0x000001eee5c15290
Event: 40.426 Thread 0x000001eee0290390 flushing  nmethod 0x000001eee5c19810
Event: 40.426 Thread 0x000001eee0290390 flushing  nmethod 0x000001eee5c71e90
Event: 40.426 Thread 0x000001eee0290390 flushing  nmethod 0x000001eee5caeb90
Event: 40.426 Thread 0x000001eee0290390 flushing  nmethod 0x000001eee5cbad90

Events (20 events):
Event: 3532.309 Thread 0x000001eec2a6cf80 Thread added: 0x000001eec2a6bbd0
Event: 3532.310 Thread 0x000001eec2a6b540 Thread added: 0x000001eec2a6e330
Event: 3532.310 Thread 0x000001eec2a6bbd0 Thread added: 0x000001eec2a6e9c0
Event: 3532.310 Thread 0x000001eec2a6b540 Thread added: 0x000001eec2a6f6e0
Event: 3532.310 Thread 0x000001eec2a6cf80 Thread added: 0x000001eec2a6f050
Event: 3532.310 Thread 0x000001eec2a6f050 Thread exited: 0x000001eec2a6f050
Event: 3532.310 Thread 0x000001eec2a6b540 Thread exited: 0x000001eec2a6b540
Event: 3532.310 Thread 0x000001eec2a6cf80 Thread exited: 0x000001eec2a6cf80
Event: 3532.310 Thread 0x000001eec2a6f6e0 Thread exited: 0x000001eec2a6f6e0
Event: 3532.310 Thread 0x000001eec2a6e9c0 Thread exited: 0x000001eec2a6e9c0
Event: 3532.310 Thread 0x000001eec2a6e330 Thread exited: 0x000001eec2a6e330
Event: 3532.311 Thread 0x000001eec2a6bbd0 Thread exited: 0x000001eec2a6bbd0
Event: 3532.311 Thread 0x000001eec2a6d610 Thread exited: 0x000001eec2a6d610
Event: 3532.311 Thread 0x000001eec2a6dca0 Thread exited: 0x000001eec2a6dca0
Event: 4411.428 Thread 0x000001eec3278010 Thread added: 0x000001eec2a6e9c0
Event: 4411.621 Thread 0x000001eec3278010 Thread added: 0x000001eec2a6cf80
Event: 4411.637 Thread 0x000001eef82ae390 Thread added: 0x000001eec42b2b30
Event: 4411.742 Thread 0x000001eec2a6e9c0 Thread added: 0x000001eec2a6bbd0
Event: 4412.944 Thread 0x000001eec2a6e9c0 Thread added: 0x000001eec2a6c260
Event: 4412.966 Thread 0x000001eef82afd30 Thread added: 0x000001eec42af4b0


Dynamic libraries:
0x00007ff6c26f0000 - 0x00007ff6c26fe000 	c:\Users\Akanksha.Surve\.antigravity\extensions\redhat.java-1.54.0-win32-x64\jre\21.0.10-win32-x86_64\bin\java.exe
0x00007fff7cf80000 - 0x00007fff7d1e8000 	C:\WINDOWS\SYSTEM32\ntdll.dll
0x00007fff7c1b0000 - 0x00007fff7c279000 	C:\WINDOWS\System32\KERNEL32.DLL
0x00007fff7a700000 - 0x00007fff7aaf8000 	C:\WINDOWS\System32\KERNELBASE.dll
0x00007fff7a180000 - 0x00007fff7a2cb000 	C:\WINDOWS\System32\ucrtbase.dll
0x00007ffeee440000 - 0x00007ffeee458000 	c:\Users\Akanksha.Surve\.antigravity\extensions\redhat.java-1.54.0-win32-x64\jre\21.0.10-win32-x86_64\bin\jli.dll
0x00007fff13fb0000 - 0x00007fff13fce000 	c:\Users\Akanksha.Surve\.antigravity\extensions\redhat.java-1.54.0-win32-x64\jre\21.0.10-win32-x86_64\bin\VCRUNTIME140.dll
0x00007fff7beb0000 - 0x00007fff7c077000 	C:\WINDOWS\System32\USER32.dll
0x00007fff7a4c0000 - 0x00007fff7a4e7000 	C:\WINDOWS\System32\win32u.dll
0x00007fff7c8c0000 - 0x00007fff7c8eb000 	C:\WINDOWS\System32\GDI32.dll
0x00007fff7a390000 - 0x00007fff7a4bc000 	C:\WINDOWS\System32\gdi32full.dll
0x00007fff7a0d0000 - 0x00007fff7a173000 	C:\WINDOWS\System32\msvcp_win.dll
0x00007fff794e0000 - 0x00007fff79774000 	C:\WINDOWS\WinSxS\amd64_microsoft.windows.common-controls_6595b64144ccf1df_6.0.26100.7019_none_3e06ffa0e335b8a8\COMCTL32.dll
0x00007fff7c080000 - 0x00007fff7c129000 	C:\WINDOWS\System32\msvcrt.dll
0x00007fff7c280000 - 0x00007fff7c2b1000 	C:\WINDOWS\System32\IMM32.DLL
0x00007fff667e0000 - 0x00007fff667ec000 	c:\Users\Akanksha.Surve\.antigravity\extensions\redhat.java-1.54.0-win32-x64\jre\21.0.10-win32-x86_64\bin\vcruntime140_1.dll
0x00007ffeee0b0000 - 0x00007ffeee13d000 	c:\Users\Akanksha.Surve\.antigravity\extensions\redhat.java-1.54.0-win32-x64\jre\21.0.10-win32-x86_64\bin\msvcp140.dll
0x00007ffeec040000 - 0x00007ffeecde1000 	c:\Users\Akanksha.Surve\.antigravity\extensions\redhat.java-1.54.0-win32-x64\jre\21.0.10-win32-x86_64\bin\server\jvm.dll
0x00007fff7c800000 - 0x00007fff7c8b4000 	C:\WINDOWS\System32\ADVAPI32.dll
0x00007fff7b990000 - 0x00007fff7ba36000 	C:\WINDOWS\System32\sechost.dll
0x00007fff7ce20000 - 0x00007fff7cf38000 	C:\WINDOWS\System32\RPCRT4.dll
0x00007fff7c780000 - 0x00007fff7c7f4000 	C:\WINDOWS\System32\WS2_32.dll
0x00007fff79f30000 - 0x00007fff79f8e000 	C:\WINDOWS\SYSTEM32\POWRPROF.dll
0x00007fff6a0a0000 - 0x00007fff6a0ab000 	C:\WINDOWS\SYSTEM32\VERSION.dll
0x00007fff738c0000 - 0x00007fff738f5000 	C:\WINDOWS\SYSTEM32\WINMM.dll
0x00007fff79f10000 - 0x00007fff79f24000 	C:\WINDOWS\SYSTEM32\UMPDC.dll
0x00007fff784c0000 - 0x00007fff784db000 	C:\WINDOWS\SYSTEM32\kernel.appcore.dll
0x00007fff5da60000 - 0x00007fff5da6a000 	c:\Users\Akanksha.Surve\.antigravity\extensions\redhat.java-1.54.0-win32-x64\jre\21.0.10-win32-x86_64\bin\jimage.dll
0x00007fff79890000 - 0x00007fff79ad2000 	C:\WINDOWS\SYSTEM32\DBGHELP.DLL
0x00007fff7c8f0000 - 0x00007fff7cc7b000 	C:\WINDOWS\System32\combase.dll
0x00007fff7baa0000 - 0x00007fff7bb77000 	C:\WINDOWS\System32\OLEAUT32.dll
0x00007fff79780000 - 0x00007fff797bc000 	C:\WINDOWS\SYSTEM32\dbgcore.DLL
0x00007fff7ac70000 - 0x00007fff7ad15000 	C:\WINDOWS\System32\bcryptPrimitives.dll
0x00007fff5d150000 - 0x00007fff5d15f000 	c:\Users\Akanksha.Surve\.antigravity\extensions\redhat.java-1.54.0-win32-x64\jre\21.0.10-win32-x86_64\bin\instrument.dll
0x00007ffeee420000 - 0x00007ffeee440000 	c:\Users\Akanksha.Surve\.antigravity\extensions\redhat.java-1.54.0-win32-x64\jre\21.0.10-win32-x86_64\bin\java.dll
0x00007fff7ada0000 - 0x00007fff7b4ef000 	C:\WINDOWS\System32\SHELL32.dll
0x00007fff7ab00000 - 0x00007fff7ac6b000 	C:\WINDOWS\System32\wintypes.dll
0x00007fff77020000 - 0x00007fff7787d000 	C:\WINDOWS\SYSTEM32\windows.storage.dll
0x00007fff7bcf0000 - 0x00007fff7bde2000 	C:\WINDOWS\System32\SHCORE.dll
0x00007fff7c390000 - 0x00007fff7c3f7000 	C:\WINDOWS\System32\shlwapi.dll
0x00007fff79ff0000 - 0x00007fff7a019000 	C:\WINDOWS\SYSTEM32\profapi.dll
0x00007ffeee400000 - 0x00007ffeee418000 	c:\Users\Akanksha.Surve\.antigravity\extensions\redhat.java-1.54.0-win32-x64\jre\21.0.10-win32-x86_64\bin\zip.dll
0x00007ffeee3f0000 - 0x00007ffeee400000 	C:\Users\Akanksha.Surve\.antigravity\extensions\redhat.java-1.54.0-win32-x64\jre\21.0.10-win32-x86_64\bin\net.dll
0x00007fff731f0000 - 0x00007fff73318000 	C:\WINDOWS\SYSTEM32\WINHTTP.dll
0x00007fff78a30000 - 0x00007fff78a9b000 	C:\WINDOWS\system32\mswsock.dll
0x00007ffeee3d0000 - 0x00007ffeee3e6000 	C:\Users\Akanksha.Surve\.antigravity\extensions\redhat.java-1.54.0-win32-x64\jre\21.0.10-win32-x86_64\bin\nio.dll
0x00007ffeee0a0000 - 0x00007ffeee0b0000 	c:\Users\Akanksha.Surve\.antigravity\extensions\redhat.java-1.54.0-win32-x64\jre\21.0.10-win32-x86_64\bin\verify.dll
0x00007fff140f0000 - 0x00007fff14135000 	C:\Users\Akanksha.Surve\AppData\Roaming\Antigravity\User\globalStorage\redhat.java\1.54.0\config_win\org.eclipse.equinox.launcher\org.eclipse.equinox.launcher.win32.win32.x86_64_1.3.0.v20260203-2149\eclipse_11919.dll
0x00007fff7c400000 - 0x00007fff7c597000 	C:\WINDOWS\System32\ole32.dll
0x00007fff79c00000 - 0x00007fff79c1b000 	C:\WINDOWS\SYSTEM32\CRYPTSP.dll
0x00007fff78ed0000 - 0x00007fff78f0a000 	C:\WINDOWS\system32\rsaenh.dll
0x00007fff78aa0000 - 0x00007fff78acb000 	C:\WINDOWS\SYSTEM32\USERENV.dll
0x00007fff79fc0000 - 0x00007fff79fea000 	C:\WINDOWS\SYSTEM32\bcrypt.dll
0x00007fff79120000 - 0x00007fff7912c000 	C:\WINDOWS\SYSTEM32\CRYPTBASE.dll
0x00007fff77d60000 - 0x00007fff77d94000 	C:\WINDOWS\SYSTEM32\IPHLPAPI.DLL
0x00007fff7c380000 - 0x00007fff7c38a000 	C:\WINDOWS\System32\NSI.dll
0x00007fff14000000 - 0x00007fff14049000 	C:\Users\Akanksha.Surve\AppData\Local\Temp\jna-907455049\jna8339053133745203325.dll
0x00007fff7bdf0000 - 0x00007fff7bdf8000 	C:\WINDOWS\System32\PSAPI.DLL
0x00007fff73410000 - 0x00007fff7342e000 	C:\WINDOWS\SYSTEM32\dhcpcsvc6.DLL
0x00007fff73380000 - 0x00007fff733a3000 	C:\WINDOWS\SYSTEM32\dhcpcsvc.DLL
0x00007fff79850000 - 0x00007fff79886000 	C:\WINDOWS\SYSTEM32\ntmarta.dll

JVMTI agents:
c:\Users\Akanksha.Surve\.antigravity\extensions\redhat.java-1.54.0-win32-x64\lombok\lombok-1.18.39-4050.jar path:c:\Users\Akanksha.Surve\.antigravity\extensions\redhat.java-1.54.0-win32-x64\jre\21.0.10-win32-x86_64\bin\instrument.dll, loaded, initialized, instrumentlib options:none

dbghelp: loaded successfully - version: 4.0.5 - missing functions: none
symbol engine: initialized successfully - sym options: 0x614 - pdb path: .;c:\Users\Akanksha.Surve\.antigravity\extensions\redhat.java-1.54.0-win32-x64\jre\21.0.10-win32-x86_64\bin;C:\WINDOWS\SYSTEM32;C:\WINDOWS\WinSxS\amd64_microsoft.windows.common-controls_6595b64144ccf1df_6.0.26100.7019_none_3e06ffa0e335b8a8;c:\Users\Akanksha.Surve\.antigravity\extensions\redhat.java-1.54.0-win32-x64\jre\21.0.10-win32-x86_64\bin\server;C:\Users\Akanksha.Surve\AppData\Roaming\Antigravity\User\globalStorage\redhat.java\1.54.0\config_win\org.eclipse.equinox.launcher\org.eclipse.equinox.launcher.win32.win32.x86_64_1.3.0.v20260203-2149;C:\Users\Akanksha.Surve\AppData\Local\Temp\jna-907455049

VM Arguments:
jvm_args: --add-modules=ALL-SYSTEM --add-opens=java.base/java.util=ALL-UNNAMED --add-opens=java.base/java.lang=ALL-UNNAMED --add-opens=java.base/sun.nio.fs=ALL-UNNAMED -Declipse.application=org.eclipse.jdt.ls.core.id1 -Dosgi.bundles.defaultStartLevel=4 -Declipse.product=org.eclipse.jdt.ls.core.product -Djava.import.generatesMetadataFilesAtProjectRoot=false -DDetectVMInstallationsJob.disabled=true -Dfile.encoding=utf8 -XX:+UseParallelGC -XX:GCTimeRatio=4 -XX:AdaptiveSizePolicyWeight=90 -Dsun.zip.disableMemoryMapping=true -Xmx2G -Xms100m -Xlog:disable -javaagent:c:\Users\Akanksha.Surve\.antigravity\extensions\redhat.java-1.54.0-win32-x64\lombok\lombok-1.18.39-4050.jar -XX:+HeapDumpOnOutOfMemoryError -XX:HeapDumpPath=c:\Users\Akanksha.Surve\AppData\Roaming\Antigravity\User\workspaceStorage\c3684e1d2115715f3b0a0c14ab701b21\redhat.java -Daether.dependencyCollector.impl=bf 
java_command: c:\Users\Akanksha.Surve\.antigravity\extensions\redhat.java-1.54.0-win32-x64\server\plugins\org.eclipse.equinox.launcher_1.7.100.v20251111-0406.jar -configuration c:\Users\Akanksha.Surve\AppData\Roaming\Antigravity\User\globalStorage\redhat.java\1.54.0\config_win -data c:\Users\Akanksha.Surve\AppData\Roaming\Antigravity\User\workspaceStorage\c3684e1d2115715f3b0a0c14ab701b21\redhat.java\jdt_ws --pipe=\\.\pipe\lsp-e220fb13109f31917bea8e44d43f90fb-sock
java_class_path (initial): c:\Users\Akanksha.Surve\.antigravity\extensions\redhat.java-1.54.0-win32-x64\server\plugins\org.eclipse.equinox.launcher_1.7.100.v20251111-0406.jar
Launcher Type: SUN_STANDARD

[Global flags]
    uintx AdaptiveSizePolicyWeight                 = 90                                        {product} {command line}
     intx CICompilerCount                          = 12                                        {product} {ergonomic}
    uintx GCTimeRatio                              = 4                                         {product} {command line}
     bool HeapDumpOnOutOfMemoryError               = true                                   {manageable} {command line}
    ccstr HeapDumpPath                             = c:\Users\Akanksha.Surve\AppData\Roaming\Antigravity\User\workspaceStorage\c3684e1d2115715f3b0a0c14ab701b21\redhat.java         {manageable} {command line}
   size_t InitialHeapSize                          = 104857600                                 {product} {command line}
   size_t MaxHeapSize                              = 2147483648                                {product} {command line}
   size_t MaxNewSize                               = 715653120                                 {product} {ergonomic}
   size_t MinHeapDeltaBytes                        = 524288                                    {product} {ergonomic}
   size_t MinHeapSize                              = 104857600                                 {product} {command line}
   size_t NewSize                                  = 34603008                                  {product} {ergonomic}
    uintx NonNMethodCodeHeapSize                   = 7602480                                {pd product} {ergonomic}
    uintx NonProfiledCodeHeapSize                  = 122027880                              {pd product} {ergonomic}
   size_t OldSize                                  = 70254592                                  {product} {ergonomic}
    uintx ProfiledCodeHeapSize                     = 122027880                              {pd product} {ergonomic}
    uintx ReservedCodeCacheSize                    = 251658240                              {pd product} {ergonomic}
     bool SegmentedCodeCache                       = true                                      {product} {ergonomic}
   size_t SoftMaxHeapSize                          = 2147483648                             {manageable} {ergonomic}
     bool UseCompressedOops                        = true                           {product lp64_product} {ergonomic}
     bool UseLargePagesIndividualAllocation        = false                                  {pd product} {ergonomic}
     bool UseParallelGC                            = true                                      {product} {command line}

Logging:
Log output configuration:
 #0: stdout all=off uptime,level,tags foldmultilines=false
 #1: stderr all=off uptime,level,tags foldmultilines=false

Release file:
JAVA_VERSION="21.0.10" 
MODULES="java.base java.compiler java.datatransfer java.xml java.prefs java.desktop java.instrument java.logging java.management java.security.sasl java.naming java.rmi java.management.rmi java.net.http java.scripting java.security.jgss java.transaction.xa java.sql java.sql.rowset java.xml.crypto java.se java.smartcardio jdk.accessibility jdk.internal.jvmstat jdk.attach jdk.charsets jdk.internal.opt jdk.zipfs jdk.compiler jdk.crypto.ec jdk.crypto.cryptoki jdk.crypto.mscapi jdk.dynalink jdk.internal.ed jdk.editpad jdk.hotspot.agent jdk.httpserver jdk.internal.le jdk.internal.vm.ci jdk.internal.vm.compiler jdk.internal.vm.compiler.management jdk.jartool jdk.javadoc jdk.jcmd jdk.management jdk.management.agent jdk.jconsole jdk.jdeps jdk.jdwp.agent jdk.jdi jdk.jfr jdk.jshell jdk.jsobject jdk.jstatd jdk.localedata jdk.management.jfr jdk.naming.dns jdk.naming.rmi jdk.net jdk.nio.mapmode jdk.random jdk.sctp jdk.security.auth jdk.security.jgss jdk.unsupported jdk.unsupported.desktop jdk.xml.dom" 

Environment Variables:
PATH=C:\Program Files\Common Files\Oracle\Java\javapath;C:\Program Files (x86)\Common Files\Oracle\Java\javapath;C:\WINDOWS\system32;C:\WINDOWS;C:\WINDOWS\System32\Wbem;C:\WINDOWS\System32\WindowsPowerShell\v1.0\;C:\WINDOWS\System32\OpenSSH\;C:\Program Files\PuTTY\;C:\Program Files\nodejs\;C:\Users\Akanksha.Surve\AppData\Local\Microsoft\WindowsApps;C:\Users\Akanksha.Surve\AppData\Roaming\npm;C:\Users\Akanksha.Surve\AppData\Local\Programs\Git\cmd;C:\Users\Akanksha.Surve\AppData\Local\Programs\Antigravity\bin
USERNAME=Akanksha.Surve
OS=Windows_NT
PROCESSOR_IDENTIFIER=Intel64 Family 6 Model 191 Stepping 2, GenuineIntel
TMP=C:\Users\AKANKS~1.SUR\AppData\Local\Temp
TEMP=C:\Users\AKANKS~1.SUR\AppData\Local\Temp




Periodic native trim disabled

---------------  S Y S T E M  ---------------

OS:
 Windows 11 , 64 bit Build 26100 (10.0.26100.7019)
OS uptime: 0 days 8:19 hours
Hyper-V role detected

CPU: total 16 (initial active 16) (8 cores per cpu, 2 threads per core) family 6 model 191 stepping 2 microcode 0x3a, cx8, cmov, fxsr, ht, mmx, 3dnowpref, sse, sse2, sse3, ssse3, sse4.1, sse4.2, popcnt, lzcnt, tsc, tscinvbit, avx, avx2, aes, erms, clmul, bmi1, bmi2, adx, sha, fma, vzeroupper, clflush, clflushopt, clwb, hv, serialize, rdtscp, rdpid, fsrm, f16c, cet_ibt, cet_ss
Processor Information for the first 16 processors :
  Max Mhz: 2500, Current Mhz: 2500, Mhz Limit: 2500

Memory: 4k page, system-wide physical 32454M (17252M free)
TotalPageFile size 34502M (AvailPageFile size 17649M)
current process WorkingSet (physical memory assigned to process): 960M, peak: 972M
current process commit charge ("private bytes"): 1017M, peak: 1046M

vm_info: OpenJDK 64-Bit Server VM (21.0.10+7-LTS) for windows-amd64 JRE (21.0.10+7-LTS), built on 2026-01-20T00:00:00Z by "admin" with MS VC++ 17.12 (VS2022)

END.
