#
# A fatal error has been detected by the Java Runtime Environment:
#
#  EXCEPTION_ACCESS_VIOLATION (0xc0000005) at pc=0x00007ffec9d402ba, pid=3632, tid=15080
#
# JRE version: OpenJDK Runtime Environment Temurin-21.0.10+7 (21.0.10+7) (build 21.0.10+7-LTS)
# Java VM: OpenJDK 64-Bit Server VM Temurin-21.0.10+7 (21.0.10+7-LTS, mixed mode, sharing, tiered, compressed oops, compressed class ptrs, parallel gc, windows-amd64)
# Problematic frame:
# V  [jvm.dll+0x3d02ba]
#
# No core dump will be written. Minidumps are not enabled by default on client versions of Windows
#
# If you would like to submit a bug report, please visit:
#   https://github.com/adoptium/adoptium-support/issues
#

---------------  S U M M A R Y ------------

Command Line: --add-modules=ALL-SYSTEM --add-opens=java.base/java.util=ALL-UNNAMED --add-opens=java.base/java.lang=ALL-UNNAMED --add-opens=java.base/sun.nio.fs=ALL-UNNAMED -Declipse.application=org.eclipse.jdt.ls.core.id1 -Dosgi.bundles.defaultStartLevel=4 -Declipse.product=org.eclipse.jdt.ls.core.product -Djava.import.generatesMetadataFilesAtProjectRoot=false -DDetectVMInstallationsJob.disabled=true -Dfile.encoding=utf8 -XX:+UseParallelGC -XX:GCTimeRatio=4 -XX:AdaptiveSizePolicyWeight=90 -Dsun.zip.disableMemoryMapping=true -Xmx2G -Xms100m -Xlog:disable -javaagent:c:\Users\Akanksha.Surve\.antigravity\extensions\redhat.java-1.54.0-win32-x64\lombok\lombok-1.18.39-4050.jar -XX:+HeapDumpOnOutOfMemoryError -XX:HeapDumpPath=c:\Users\Akanksha.Surve\AppData\Roaming\Antigravity\User\workspaceStorage\c3684e1d2115715f3b0a0c14ab701b21\redhat.java -Daether.dependencyCollector.impl=bf c:\Users\Akanksha.Surve\.antigravity\extensions\redhat.java-1.54.0-win32-x64\server\plugins\org.eclipse.equinox.launcher_1.7.100.v20251111-0406.jar -configuration c:\Users\Akanksha.Surve\AppData\Roaming\Antigravity\User\globalStorage\redhat.java\1.54.0\config_win -data c:\Users\Akanksha.Surve\AppData\Roaming\Antigravity\User\workspaceStorage\c3684e1d2115715f3b0a0c14ab701b21\redhat.java\jdt_ws --pipe=\\.\pipe\lsp-befa01a1481ae830b4bf49136291d670-sock

Host: Intel(R) Core(TM) i5-14400, 16 cores, 31G,  Windows 11 , 64 bit Build 26100 (10.0.26100.7019)
Time: Thu May  7 17:04:25 2026 India Standard Time elapsed time: 1281.829703 seconds (0d 0h 21m 21s)

---------------  T H R E A D  ---------------

Current thread (0x000001eacb47b130):  JavaThread "Worker-13: Periodic workspace save."        [_thread_in_vm, id=15080, stack(0x0000002b80900000,0x0000002b80a00000) (1024K)]

Stack: [0x0000002b80900000,0x0000002b80a00000],  sp=0x0000002b809fe030,  free space=1016k
Native frames: (J=compiled Java code, j=interpreted, Vv=VM code, C=native code)
V  [jvm.dll+0x3d02ba]
V  [jvm.dll+0x3ca92f]
V  [jvm.dll+0x3d129e]
V  [jvm.dll+0x5dcfec]
V  [jvm.dll+0x5da9de]
V  [jvm.dll+0x5dd67c]
V  [jvm.dll+0x5dc634]
V  [jvm.dll+0x3e0ae2]
V  [jvm.dll+0x3e019a]
C  0x000001eaec8f8095

The last pc belongs to invokestatic (printed below).
Java frames: (J=compiled Java code, j=interpreted, Vv=VM code)
j  com.sun.org.apache.xml.internal.serializer.ToStream.setProp(Ljava/lang/String;Ljava/lang/String;Z)V+5 java.xml@21.0.10
j  com.sun.org.apache.xml.internal.serializer.SerializerBase.setOutputProperty(Ljava/lang/String;Ljava/lang/String;)V+4 java.xml@21.0.10
j  com.sun.org.apache.xml.internal.serializer.ToStream.setEncoding(Ljava/lang/String;)V+4 java.xml@21.0.10
j  com.sun.org.apache.xalan.internal.xsltc.runtime.output.TransletOutputHandlerFactory.getSerializationHandler()Lcom/sun/org/apache/xml/internal/serializer/SerializationHandler;+162 java.xml@21.0.10
j  com.sun.org.apache.xalan.internal.xsltc.trax.TransformerImpl.getOutputHandler(Ljavax/xml/transform/Result;)Lcom/sun/org/apache/xml/internal/serializer/SerializationHandler;+348 java.xml@21.0.10
j  com.sun.org.apache.xalan.internal.xsltc.trax.TransformerImpl.transform(Ljavax/xml/transform/Source;Ljavax/xml/transform/Result;)V+46 java.xml@21.0.10
j  org.eclipse.debug.internal.core.LaunchManager.serializeDocument(Lorg/w3c/dom/Document;Ljava/lang/String;)Ljava/lang/String;+66
j  org.eclipse.debug.internal.core.LaunchManager.serializeDocument(Lorg/w3c/dom/Document;)Ljava/lang/String;+4
j  org.eclipse.debug.core.DebugPlugin.serializeDocument(Lorg/w3c/dom/Document;)Ljava/lang/String;+1
j  org.eclipse.jdt.internal.launching.LaunchingPlugin.writeInstallInfo()V+157
j  org.eclipse.jdt.internal.launching.LaunchingPlugin$1$1.saving(Lorg/eclipse/core/resources/ISaveContext;)V+23
j  org.eclipse.core.internal.resources.SaveManager.executeLifecycle(ILorg/eclipse/core/resources/ISaveParticipant;Lorg/eclipse/core/internal/resources/SaveContext;)V+54
j  org.eclipse.core.internal.resources.SaveManager$1.run()V+16
J 9317 c1 org.eclipse.core.runtime.SafeRunner.run(Lorg/eclipse/core/runtime/ISafeRunnable;)V (20 bytes) @ 0x000001eae67911bc [0x000001eae6791020+0x000000000000019c]
j  org.eclipse.core.internal.resources.SaveManager.broadcastLifecycle(ILjava/util/Map;Lorg/eclipse/core/runtime/MultiStatus;Lorg/eclipse/core/runtime/IProgressMonitor;)V+115
j  org.eclipse.core.internal.resources.SaveManager.save(IZLorg/eclipse/core/internal/resources/Project;Lorg/eclipse/core/runtime/IProgressMonitor;)Lorg/eclipse/core/runtime/IStatus;+144
j  org.eclipse.core.internal.resources.SaveManager.save(ILorg/eclipse/core/internal/resources/Project;Lorg/eclipse/core/runtime/IProgressMonitor;)Lorg/eclipse/core/runtime/IStatus;+5
j  org.eclipse.core.internal.resources.DelayedSnapshotJob.run(Lorg/eclipse/core/runtime/IProgressMonitor;)Lorg/eclipse/core/runtime/IStatus;+37
j  org.eclipse.core.internal.jobs.Worker.run()V+32
v  ~StubRoutines::call_stub 0x000001eaec8e100d

siginfo: EXCEPTION_ACCESS_VIOLATION (0xc0000005), reading address 0x00000000097e1915


Registers:
RAX=0x000000000000001a, RBX=0x000001eac2b3fda0, RCX=0x00000000097e097d, RDX=0x00000000000001ea
RSP=0x0000002b809fe030, RBP=0x000001eac5c954c8, RSI=0x0000000000000000, RDI=0x000001eac2b3fda0
R8 =0x000000000000001c, R9 =0x0000000000000018, R10=0x000001eac823f068, R11=0x0000000000000005
R12=0x000001eac823f068, R13=0x000001eac2b2570d, R14=0x0000000000000001, R15=0x000001eac5c954c8
RIP=0x00007ffec9d402ba, EFLAGS=0x0000000000010202

XMM[0]=0x0000000000000000 0x0000000000000000
XMM[1]=0x0000000000000000 0x0000000000000000
XMM[2]=0x0000000000000000 0x000001eaeec28a10
XMM[3]=0x0000002b809fdd54 0x0000002b809fdd50
XMM[4]=0x0000000000000000 0x0000002b809fe030
XMM[5]=0x000001eacb47b130 0x0000002b809fdd01
XMM[6]=0x9c1d537212c2a0bb 0x5447d83344493af1
XMM[7]=0x5fa576e185d57bd6 0x7f4881ef5486ab2d
XMM[8]=0x0288392eb84b6314 0x86073aadb18d0888
XMM[9]=0xd68d0d74d68d0d74 0xd68d0d74c662fe13
XMM[10]=0x0000000000000000 0x00000000efd5f09f
XMM[11]=0xf29e52a2f29e52a2 0xf29e52a2b90150b5
XMM[12]=0x0000000000000000 0x00000000c662fe13
XMM[13]=0x0000000000000000 0xc8059ccb69459870
XMM[14]=0x0000000000000000 0x00000000a13ffba5
XMM[15]=0x0000000000000000 0x00000000d5585238
  MXCSR=0x00001fa0


Register to memory mapping:

RAX=0x000000000000001a is an unknown value
RBX=0x000001eac2b3fda0 is pointing into metadata
RCX=0x00000000097e097d is an unknown value
RDX=0x00000000000001ea is an unknown value
RSP=0x0000002b809fe030 is pointing into the stack for thread: 0x000001eacb47b130
RBP=0x000001eac5c954c8 points into unknown readable memory: 0x4c2800154c810003 | 03 00 81 4c 15 00 28 4c
RSI=0x0 is null
RDI=0x000001eac2b3fda0 is pointing into metadata
R8 =0x000000000000001c is an unknown value
R9 =0x0000000000000018 is an unknown value
R10=0x000001eac823f068 points into unknown readable memory: 0x656700131da2ffff | ff ff a2 1d 13 00 67 65
R11=0x0000000000000005 is an unknown value
R12=0x000001eac823f068 points into unknown readable memory: 0x656700131da2ffff | ff ff a2 1d 13 00 67 65
R13=0x000001eac2b2570d is pointing into metadata
R14=0x0000000000000001 is an unknown value
R15=0x000001eac5c954c8 points into unknown readable memory: 0x4c2800154c810003 | 03 00 81 4c 15 00 28 4c

Top of Stack: (sp=0x0000002b809fe030)
0x0000002b809fe030:   000001ea813550a0 00007ffec9d3a92f
0x0000002b809fe040:   0000002b809fd8d0 0000002b809fd8d4
0x0000002b809fe050:   0000002b809fdcb0 0000002b809fdcb4
0x0000002b809fe060:   0000000000000000 000001eac823f068
0x0000002b809fe070:   000001eac5c954c8 00007ffec9d4129e
0x0000002b809fe080:   000001ea813550a0 000001eac5c954c8
0x0000002b809fe090:   0000000000000000 000001eac2b3fda0
0x0000002b809fe0a0:   0000002b00000000 0000002b00000000
0x0000002b809fe0b0:   000001ea813550a0 0000002b809fe428
0x0000002b809fe0c0:   000001eac823f068 00007ffec9f4cfec
0x0000002b809fe0d0:   0000000000000000 0000002b809fe1d0
0x0000002b809fe0e0:   000001eacb47b130 0000002b809fdcd4
0x0000002b809fe0f0:   0000ee5d00000000 0000002b809f59d0
0x0000002b809fe100:   0000002b809fdfb0 0000002b809fdfb4
0x0000002b809fe110:   000001eacb47b130 00007ffec9d17650
0x0000002b809fe120:   0000002b809fdb70 0000002b809fdb74
0x0000002b809fe130:   000001eae65a327c 00007ffec9b18806
0x0000002b809fe140:   0000002b809fda40 0000002b809fda44
0x0000002b809fe150:   0000002b809fdcd0 0000002b809fdcd4
0x0000002b809fe160:   0000002b809fdce0 0000002b809fdce4
0x0000002b809fe170:   000001eae65a1d90 0000000000000000
0x0000002b809fe180:   0000002b809fdfc0 0000002b809fdfc4
0x0000002b809fe190:   0000002b809f80c9 00007ffec9b18c26
0x0000002b809fe1a0:   0000002b809fdb80 0000002b809fdb84
0x0000002b809fe1b0:   0000000000000000 000001eac4d33ef8
0x0000002b809fe1c0:   0000002b809fda50 0000002b809fda54
0x0000002b809fe1d0:   0000002b809fdce0 0000002b809fdce4
0x0000002b809fe1e0:   0000002b809fdcf0 0000002b809fdcf4
0x0000002b809fe1f0:   0000000000000121 00007ffeca03486f
0x0000002b809fe200:   0000ee5d8c2d4415 0000002b809fdfd4
0x0000002b809fe210:   0000002b809fe428 0000002b809fe540
0x0000002b809fe220:   000001eac2b2570d 0000000000000001 

Instructions: (pc=0x00007ffec9d402ba)
0x00007ffec9d401ba:   8b 9c 24 90 00 00 00 4c 8b a4 24 98 00 00 00 48
0x00007ffec9d401ca:   8b 05 10 65 8d 00 48 85 c0 74 12 44 8b c7 48 8d
0x00007ffec9d401da:   0d 61 46 67 00 41 8b d5 e8 e9 5c ff ff 48 83 3b
0x00007ffec9d401ea:   00 74 15 48 8b 54 24 20 49 8b cf e8 46 6c cf ff
0x00007ffec9d401fa:   48 8b cb e8 1e 6c cf ff 4d 39 67 18 74 11 48 8b
0x00007ffec9d4020a:   44 24 28 49 89 47 20 49 89 5f 10 4d 89 67 18 4c
0x00007ffec9d4021a:   8b 6c 24 40 4c 8b 64 24 48 48 8b 7c 24 50 48 8b
0x00007ffec9d4022a:   74 24 58 48 8b 6c 24 60 48 8b 5c 24 68 4c 8b 7c
0x00007ffec9d4023a:   24 38 48 83 c4 70 41 5e c3 4c 8d 0d 4e 45 67 00
0x00007ffec9d4024a:   ba 4d 10 00 00 4c 8d 05 6a 45 67 00 48 8d 0d 53
0x00007ffec9d4025a:   35 67 00 e8 0e 40 eb ff cc cc cc cc cc cc cc cc
0x00007ffec9d4026a:   cc cc cc cc cc cc 40 53 80 3d a7 63 8d 00 00 4c
0x00007ffec9d4027a:   8b d2 48 8b d9 74 06 5b e9 49 c0 ff ff 44 8b 01
0x00007ffec9d4028a:   45 33 c9 41 83 e8 01 78 3f 0f 1f 40 00 66 0f 1f
0x00007ffec9d4029a:   84 00 00 00 00 00 43 8d 04 08 d1 f8 48 63 c8 48
0x00007ffec9d402aa:   8b 54 cb 08 48 8b 4a 08 0f b7 51 24 48 8b 49 08
0x00007ffec9d402ba:   4c 39 54 d1 48 73 06 44 8d 48 01 eb 06 74 0e 44
0x00007ffec9d402ca:   8d 40 ff 45 3b c8 7e ce b8 ff ff ff ff 5b c3 cc
0x00007ffec9d402da:   cc cc cc cc cc cc 48 89 5c 24 18 55 56 57 48 81
0x00007ffec9d402ea:   ec e0 00 00 00 48 8b 05 0a 51 89 00 48 33 c4 48
0x00007ffec9d402fa:   89 84 24 d0 00 00 00 33 ff 48 8b f2 48 8b e9 48
0x00007ffec9d4030a:   85 c9 75 04 8b df eb 35 48 8b 8a 28 03 00 00 48
0x00007ffec9d4031a:   8b 59 18 48 8b 41 20 48 2b c3 48 83 f8 08 72 0a
0x00007ffec9d4032a:   48 8d 43 08 48 89 41 18 eb 10 45 33 c0 ba 08 00
0x00007ffec9d4033a:   00 00 e8 ef 67 cf ff 48 8b d8 48 89 2b 48 8b 0d
0x00007ffec9d4034a:   42 24 91 00 48 8d 44 24 58 48 89 84 24 a8 00 00
0x00007ffec9d4035a:   00 48 8d 84 24 99 00 00 00 48 89 84 24 b0 00 00
0x00007ffec9d4036a:   00 c7 44 24 38 0e 00 00 00 48 89 bc 24 c8 00 00
0x00007ffec9d4037a:   00 c7 84 24 bc 00 00 00 08 00 00 00 40 88 bc 24
0x00007ffec9d4038a:   c0 00 00 00 c6 84 24 99 00 00 00 02 48 89 5c 24
0x00007ffec9d4039a:   58 c7 84 24 b8 00 00 00 01 00 00 00 e8 75 d0 4a
0x00007ffec9d403aa:   00 48 89 44 24 28 48 89 74 24 30 48 85 c0 74 16 


Stack slot to memory mapping:

stack at sp + 0 slots: 0x000001ea813550a0 is a pointer to class: 
com.sun.org.apache.xml.internal.serializer.ToStream {0x000001ea813550a8}
 - instance size:     23
 - klass size:        416
 - access:            public synchronized abstract 
 - flags:             rewritten has_nonstatic_fields has_nonstatic_concrete_methods has_miranda_methods has_final_method 
 - state:             fully_initialized
 - name:              'com/sun/org/apache/xml/internal/serializer/ToStream'
 - super:             'com/sun/org/apache/xml/internal/serializer/SerializerBase'
 - sub:               'com/sun/org/apache/xml/internal/serializer/ToXMLStream'   
 - arrays:            null
 - methods:           Array<T>(0x000001eac2b3fda0)
 - method ordering:   Array<T>(0x000001ea80a80370)
 - default_methods:   Array<T>(0x000001eac2b34fe8)
 - default vtable indices:   Array<T>(0x000001eac2b34ff8)
 - local interfaces:  Array<T>(0x000001ea806112b0)
 - trans. interfaces: Array<T>(0x000001eac2b39318)
 - secondary supers: Array<T>(0x000001eac2b3cc08)
 - hash_slot:         20
 - bitmap:            0x2106a0004c200050
 - constants:         constant pool [1330]/operands[25] {0x000001eac2b3d398} for 'com/sun/org/apache/xml/internal/serializer/ToStream' cache=0x000001eac2b41390
 - class loader data:  loader data: 0x000001eae22bbc60 of 'bootstrap'
 - inner classes:     Array<T>(0x000001eac2b2ab40)
 - nest members:     Array<T>(0x000001eac2b2ab98)
 - permitted subclasses:     Array<T>(0x000001ea80611238)
 - java mirror:       a 'java/lang/Class'{0x00000000815da740} = 'com/sun/org/apache/xml/internal/serializer/ToStream'
 - vtable length      148  (start addr: 0x000001ea81355270)
 - itable length      208 (start addr: 0x000001ea81355710)
 - ---- static fields (1 words):
 - private static final 'COMMENT_BEGIN' 'Ljava/lang/String;' @112 
 - private static final 'COMMENT_END' 'Ljava/lang/String;' @116 
 - ---- non-static fields (42 words):
 - protected 'm_inEntityRef' 'I' @12 
 - protected 'm_indentAmount' 'I' @16 
 - protected 'm_needToCallStartDocument' 'Z' @20 
 - protected 'm_cdataTagOpen' 'Z' @21 
 - protected 'm_inExternalDTD' 'Z' @22 
 - 'm_needToOutputDocTypeDecl' 'Z' @23 
 - protected 'm_shouldNotWriteXMLHeader' 'Z' @24 
 - protected 'm_standaloneWasSpecified' 'Z' @25 
 - protected 'm_isStandalone' 'Z' @26 
 - protected 'm_doIndent' 'Z' @27 
 - protected 'm_needToCallSetDocumentInfo' 'Z' @28 
 - 'm_docIsEmpty' 'Z' @29 
 - protected 'm_errListener' 'Ljavax/xml/transform/ErrorListener;' @32 
 - protected 'm_attributes' 'Lcom/sun/org/apache/xml/internal/serializer/AttributesImplSerializer;' @36 
 - protected 'm_doctypeSystem' 'Ljava/lang/String;' @40 
 - protected 'm_doctypePublic' 'Ljava/lang/String;' @44 
 - private 'm_standalone' 'Ljava/lang/String;' @48 
 - protected 'm_version' 'Ljava/lang/String;' @52 
 - protected 'm_mediatype' 'Ljava/lang/String;' @56 
 - private 'm_transformer' 'Ljavax/xml/transform/Transformer;' @60 
 - protected 'm_prefixMap' 'Lcom/sun/org/apache/xml/internal/serializer/NamespaceMappings;' @64 
 - protected 'm_tracer' 'Lcom/sun/org/apache/xml/internal/serializer/SerializerTrace;' @68 
 - protected 'm_sourceLocator' 'Ljavax/xml/transform/SourceLocator;' @72 
 - protected 'm_writer' 'Ljava/io/Writer;' @76 
 - protected 'm_elemContext' 'Lcom/sun/org/apache/xml/internal/serializer/ElemContext;' @80 
 - protected 'm_charsBuff' '[C' @84 
 - protected 'm_attrBuff' '[C' @88 
 - private 'm_locator' 'Lorg/xml/sax/Locator;' @92 
 - protected 'm_StringOfCDATASections' 'Ljava/lang/String;' @96 
 - protected 'm_CdataElems' 'Ljava/util/HashMap;' @100 
 - private 'm_OutputProps' 'Ljava/util/HashMap;' @104 
 - private 'm_OutputPropsDefault' 'Ljava/util/HashMap;' @108 
 - private 'm_highSurrogate' 'C' @30 
 - protected 'm_childNodeNum' 'I' @112 
 - protected 'm_maxCharacter' 'I' @116 
 - protected 'm_lineSepLen' 'I' @120 
 - 'm_triedToGetConverter' 'Z' @124 
 - protected 'm_ispreserveSpace' 'Z' @125 
 - protected 'm_isprevtext' 'Z' @126 
 - protected 'm_lineSepUse' 'Z' @127 
 - 'm_shouldFlush' 'Z' @128 
 - protected 'm_spaceBeforeClose' 'Z' @129 
 - 'm_startNewLine' 'Z' @130 
 - protected 'm_inDoctype' 'Z' @131 
 - 'm_isUTF8' 'Z' @132 
 - protected 'm_cdataStartCalled' 'Z' @133 
 - private 'm_expandDTDEntities' 'Z' @134 
 - private 'm_escaping' 'Z' @135 
 - private 'm_writer_set_by_user' 'Z' @136 
 - protected 'm_disableOutputEscapingStates' 'Lcom/sun/org/apache/xml/internal/serializer/ToStream$BoolStack;' @140 
 - 'm_encodingInfo' 'Lcom/sun/org/apache/xml/internal/serializer/EncodingInfo;' @144 
 - 'm_canConvertMeth' 'Ljava/lang/reflect/Method;' @148 
 - 'm_charToByteConverter' 'Ljava/lang/Object;' @152 
 - protected 'm_charactersBuffer' 'Lcom/sun/org/apache/xml/internal/serializer/ToStream$CharacterBuffer;' @156 
 - protected 'm_childNodeNumStack' 'Ljava/util/List;' @160 
 - protected 'm_preserveSpaces' 'Lcom/sun/org/apache/xml/internal/serializer/ToStream$BoolStack;' @164 
 - protected 'm_lineSep' '[C' @168 
 - protected 'm_charInfo' 'Lcom/sun/org/apache/xml/internal/serializer/CharInfo;' @172 
 - 'm_outputStream' 'Ljava/io/OutputStream;' @176 
 - non-static oop maps: 32-108 140-176 
stack at sp + 1 slots: 0x00007ffec9d3a92f jvm.dll
stack at sp + 2 slots: 0x0000002b809fd8d0 is pointing into the stack for thread: 0x000001eacb47b130
stack at sp + 3 slots: 0x0000002b809fd8d4 is pointing into the stack for thread: 0x000001eacb47b130
stack at sp + 4 slots: 0x0000002b809fdcb0 is pointing into the stack for thread: 0x000001eacb47b130
stack at sp + 5 slots: 0x0000002b809fdcb4 is pointing into the stack for thread: 0x000001eacb47b130
stack at sp + 6 slots: 0x0 is null
stack at sp + 7 slots: 0x000001eac823f068 points into unknown readable memory: 0x656700131da2ffff | ff ff a2 1d 13 00 67 65

invokestatic  184 invokestatic  [0x000001eaec8f7fe0, 0x000001eaec8f82a8]  712 bytes
[MachCode]
  0x000001eaec8f7fe0: 4883 ec08 | c5fa 1104 | 24eb 1f48 | 83ec 10c5 | fb11 0424 | eb14 4883 | ec10 4889 | 0424 48c7 
  0x000001eaec8f8000: 4424 0800 | 0000 00eb | 0150 4c89 | 6dc0 410f | b755 0148 | 8b4d d0c1 | e202 8b5c | d138 c1eb 
  0x000001eaec8f8020: 1081 e3ff | 0000 0081 | fbb8 0000 | 000f 84b4 | 0000 00bb | b800 0000 | e805 0000 | 00e9 9900 
  0x000001eaec8f8040: 0000 488b | d348 8d44 | 2408 4c89 | 6dc0 498b | cfc5 f877 | 4989 afb0 | 0300 0049 | 8987 a003 
  0x000001eaec8f8060: 0000 4883 | ec20 40f6 | c40f 0f84 | 1900 0000 | 4883 ec08 | 48b8 3001 | d5c9 fe7f | 0000 ffd0 
  0x000001eaec8f8080: 4883 c408 | e90c 0000 | 0048 b830 | 01d5 c9fe | 7f00 00ff | d048 83c4 | 2049 c787 | a003 0000 
  0x000001eaec8f80a0: 0000 0000 | 49c7 87b0 | 0300 0000 | 0000 0049 | c787 a803 | 0000 0000 | 0000 c5f8 | 7749 837f 
  0x000001eaec8f80c0: 0800 0f84 | 0500 0000 | e933 8efe | ff4c 8b6d | c04c 8b75 | c84e 8d74 | f500 c341 | 0fb7 5501 
  0x000001eaec8f80e0: 488b 4dd0 | c1e2 0248 | 8b5c d140 | 488b 5b08 | 488b 5b08 | 488b 5b18 | 80bb 3101 | 0000 040f 
  0x000001eaec8f8100: 840d 0000 | 004c 3bbb | 3801 0000 | 0f85 21ff | ffff 488b | 5cd1 408b | 54d1 50c1 | ea1c 49ba 
  0x000001eaec8f8120: 20e4 63ca | fe7f 0000 | 498b 14d2 | 5248 8b45 | d848 85c0 | 0f84 1200 | 0000 4883 | 4008 0148 
  0x000001eaec8f8140: 8358 0800 | 4883 c010 | 4889 45d8 | 488b 45d8 | 4885 c00f | 843d 0100 | 0080 78f0 | 0a0f 8533 
  0x000001eaec8f8160: 0100 0048 | 83c0 084c | 8b68 f841 | 83ed 0041 | 83fd 020f | 8c12 0100 | 004c 8b6b | 0845 0fb7 
  0x000001eaec8f8180: 6d2e 4c2b | 2841 83ed | 014e 8b6c | ec08 4d85 | ed75 0ef6 | 4008 0175 | 58f0 4883 | 4808 01eb 
  0x000001eaec8f81a0: 5045 8b6d | 0849 ba00 | 0000 80ea | 0100 004d | 03ea 4d8b | d54c 3368 | 0849 f7c5 | fcff ffff 
  0x000001eaec8f81c0: 742f 41f6 | c502 7529 | 4883 7808 | 0074 1e48 | 8378 0801 | 7417 4d8b | ea4c 3368 | 0849 f7c5 
  0x000001eaec8f81e0: fcff ffff | 740b 4883 | 4808 02eb | 044c 8968 | 0848 83c0 | 104c 8b68 | e841 83ed | 0241 83fd 
  0x000001eaec8f8200: 020f 8c84 | 0000 004c | 8b6b 0845 | 0fb7 6d2e | 4c2b 2841 | 83ed 014e | 8b6c ec08 | 4d85 ed75 
  0x000001eaec8f8220: 0ef6 4008 | 0175 58f0 | 4883 4808 | 01eb 5045 | 8b6d 0849 | ba00 0000 | 80ea 0100 | 004d 03ea 
  0x000001eaec8f8240: 4d8b d54c | 3368 0849 | f7c5 fcff | ffff 742f | 41f6 c502 | 7529 4883 | 7808 0074 | 1e48 8378 
  0x000001eaec8f8260: 0801 7417 | 4d8b ea4c | 3368 0849 | f7c5 fcff | ffff 740b | 4883 4808 | 02eb 044c | 8968 0848 
  0x000001eaec8f8280: 83c0 104c | 8b68 d841 | 83ed 0441 | c1e5 0349 | 03c5 4889 | 45d8 4c8d | 6c24 084c | 896d f0ff 
  0x000001eaec8f82a0: 6350 660f | 1f44 0000 
[/MachCode]

Compiled method (c1) 1281890 9317   !   3       org.eclipse.core.runtime.SafeRunner::run (20 bytes)
 total in heap  [0x000001eae6790d90,0x000001eae6791df8] = 4200
 relocation     [0x000001eae6790ef0,0x000001eae6791020] = 304
 main code      [0x000001eae6791020,0x000001eae67919b0] = 2448
 stub code      [0x000001eae67919b0,0x000001eae6791a78] = 200
 oops           [0x000001eae6791a78,0x000001eae6791a88] = 16
 metadata       [0x000001eae6791a88,0x000001eae6791ac8] = 64
 scopes data    [0x000001eae6791ac8,0x000001eae6791bf8] = 304
 scopes pcs     [0x000001eae6791bf8,0x000001eae6791d88] = 400
 dependencies   [0x000001eae6791d88,0x000001eae6791da0] = 24
 handler table  [0x000001eae6791da0,0x000001eae6791dd0] = 48
 nul chk table  [0x000001eae6791dd0,0x000001eae6791df8] = 40

[Constant Pool (empty)]

[MachCode]
[Verified Entry Point]
  # {method} {0x000001eac1d010c0} 'run' '(Lorg/eclipse/core/runtime/ISafeRunnable;)V' in 'org/eclipse/core/runtime/SafeRunner'
  # parm0:    rdx:rdx   = 'org/eclipse/core/runtime/ISafeRunnable'
  #           [sp+0x90]  (sp of caller)
  0x000001eae6791020: 8984 2400 | 80ff ff55 | 4881 ec80 | 0000 0090 | 4181 7f20 | 0600 0000 

  0x000001eae6791038: ;   {runtime_call StubRoutines (final stubs)}
  0x000001eae6791038: 7405 e8a1 | 7918 0648 | 8954 2458 

  0x000001eae6791044: ;   {metadata(method data for {method} {0x000001eac1d010c0} 'run' '(Lorg/eclipse/core/runtime/ISafeRunnable;)V' in 'org/eclipse/core/runtime/SafeRunner')}
  0x000001eae6791044: 48be a8ce | 34c2 ea01 | 0000 8bbe | cc00 0000 | 83c7 0289 | becc 0000 | 0081 e7fe | 0700 0085 
  0x000001eae6791064: ff0f 84b3 

  0x000001eae6791068: ;   {metadata(method data for {method} {0x000001eac1d010c0} 'run' '(Lorg/eclipse/core/runtime/ISafeRunnable;)V' in 'org/eclipse/core/runtime/SafeRunner')}
  0x000001eae6791068: 0700 0048 | bea8 ce34 | c2ea 0100 | 0048 8386 | 1001 0000 

  0x000001eae679107c: ;   {metadata(method data for {method} {0x000001eac1b15b50} 'isNotNull' '(Ljava/lang/Object;)V' in 'org/eclipse/core/runtime/Assert')}
  0x000001eae679107c: 0148 be48 | 39d6 c1ea | 0100 008b | becc 0000 | 0083 c702 | 89be cc00 | 0000 81e7 | feff 1f00 
  0x000001eae679109c: 85ff 0f84 | 9b07 0000 

  0x000001eae67910a4: ;   {metadata(method data for {method} {0x000001eac1b15b50} 'isNotNull' '(Ljava/lang/Object;)V' in 'org/eclipse/core/runtime/Assert')}
  0x000001eae67910a4: 48be 4839 | d6c1 ea01 | 0000 4883 | 8610 0100 

  0x000001eae67910b4: ;   {metadata(method data for {method} {0x000001eac1b15c18} 'isNotNull' '(Ljava/lang/Object;Ljava/lang/String;)V' in 'org/eclipse/core/runtime/Assert')}
  0x000001eae67910b4: 0001 48be | a83a d6c1 | ea01 0000 | 8bbe cc00 | 0000 83c7 | 0289 becc | 0000 0081 | e7fe ff1f 
  0x000001eae67910d4: 0085 ff0f | 8483 0700 | 0048 85d2 

  0x000001eae67910e0: ;   {metadata(method data for {method} {0x000001eac1b15c18} 'isNotNull' '(Ljava/lang/Object;Ljava/lang/String;)V' in 'org/eclipse/core/runtime/Assert')}
  0x000001eae67910e0: 48be a83a | d6c1 ea01 | 0000 48c7 | c720 0100 | 0074 0748 | c7c7 1001 | 0000 488b | 1c3e 488d 
  0x000001eae6791100: 5b01 4889 | 1c3e 0f84 | 2406 0000 

  0x000001eae679110c: ; implicit exception: dispatches to 0x000001eae6791881
  0x000001eae679110c: 483b 0248 

  0x000001eae6791110: ;   {metadata(method data for {method} {0x000001eac1d010c0} 'run' '(Lorg/eclipse/core/runtime/ISafeRunnable;)V' in 'org/eclipse/core/runtime/SafeRunner')}
  0x000001eae6791110: 8bf2 48bf | a8ce 34c2 | ea01 0000 | 8b76 0849 | ba00 0000 | 80ea 0100 | 0049 03f2 | 483b b730 
  0x000001eae6791130: 0100 0075 | 0d48 8387 | 3801 0000 | 01e9 6000 | 0000 483b | b740 0100 | 0075 0d48 | 8387 4801 
  0x000001eae6791150: 0000 01e9 | 4a00 0000 | 4883 bf30 | 0100 0000 | 7517 4889 | b730 0100 | 0048 c787 | 3801 0000 
  0x000001eae6791170: 0100 0000 | e929 0000 | 0048 83bf | 4001 0000 | 0075 1748 | 89b7 4001 | 0000 48c7 | 8748 0100 
  0x000001eae6791190: 0001 0000 | 00e9 0800 | 0000 4883 | 8720 0100 | 0001 488b | f248 8bd6 | 0f1f 4400 | 0048 b8a0 
  0x000001eae67911b0: 77f7 caea 

  0x000001eae67911b4: ;   {virtual_call}
  0x000001eae67911b4: 0100 00e8 

  0x000001eae67911b8: ; ImmutableOopMap {[88]=Oop }
                      ;*invokeinterface run {reexecute=0 rethrow=0 return_oop=0}
                      ; - org.eclipse.core.runtime.SafeRunner::run@5 (line 47)
  0x000001eae67911b8: d459 2506 

  0x000001eae67911bc: ;   {other}
  0x000001eae67911bc: 0f1f 8400 | 2c04 0000 | e941 0500 | 0049 8b87 | 0005 0000 | 4d33 d24d | 8997 0005 | 0000 4d33 
  0x000001eae67911dc: d24d 8997 | 0805 0000 

  0x000001eae67911e4: ;   {metadata(method data for {method} {0x000001eac1d010c0} 'run' '(Lorg/eclipse/core/runtime/ISafeRunnable;)V' in 'org/eclipse/core/runtime/SafeRunner')}
  0x000001eae67911e4: 49b8 a8ce | 34c2 ea01 | 0000 4983 | 8070 0100 

  0x000001eae67911f4: ;   {metadata(method data for {method} {0x000001eac1d012b8} 'handleException' '(Lorg/eclipse/core/runtime/ISafeRunnable;Ljava/lang/Throwable;)V' in 'org/eclipse/core/runtime/SafeRunner')}
  0x000001eae67911f4: 0001 49b8 | 68d0 34c2 | ea01 0000 | 418b 90cc | 0000 0083 | c202 4189 | 90cc 0000 | 0081 e2fe 
  0x000001eae6791214: ff1f 0085 | d20f 8467 | 0600 0048 | 85c0 7516 

  0x000001eae6791224: ;   {metadata(method data for {method} {0x000001eac1d012b8} 'handleException' '(Lorg/eclipse/core/runtime/ISafeRunnable;Ljava/lang/Throwable;)V' in 'org/eclipse/core/runtime/SafeRunner')}
  0x000001eae6791224: 48be 68d0 | 34c2 ea01 | 0000 808e | 0901 0000 | 01e9 cc00 

  0x000001eae6791238: ;   {metadata('org/eclipse/core/runtime/OperationCanceledException')}
  0x000001eae6791238: 0000 48bf | 209f 1481 | ea01 0000 | 8b50 0849 | ba00 0000 | 80ea 0100 | 0049 03d2 | 483b fa0f 
  0x000001eae6791258: 858d 0000 

  0x000001eae679125c: ;   {metadata(method data for {method} {0x000001eac1d012b8} 'handleException' '(Lorg/eclipse/core/runtime/ISafeRunnable;Ljava/lang/Throwable;)V' in 'org/eclipse/core/runtime/SafeRunner')}
  0x000001eae679125c: 0048 be68 | d034 c2ea | 0100 008b | 7808 49ba | 0000 0080 | ea01 0000 | 4903 fa48 | 3bbe 2001 
  0x000001eae679127c: 0000 750d | 4883 8628 | 0100 0001 | e97e 0000 | 0048 3bbe | 3001 0000 | 750d 4883 | 8638 0100 
  0x000001eae679129c: 0001 e968 | 0000 0048 | 83be 2001 | 0000 0075 | 1748 89be | 2001 0000 | 48c7 8628 | 0100 0001 
  0x000001eae67912bc: 0000 00e9 | 4700 0000 | 4883 be30 | 0100 0000 | 7517 4889 | be30 0100 | 0048 c786 | 3801 0000 
  0x000001eae67912dc: 0100 0000 | e926 0000 | 00e9 2100 

  0x000001eae67912e8: ;   {metadata(method data for {method} {0x000001eac1d012b8} 'handleException' '(Lorg/eclipse/core/runtime/ISafeRunnable;Ljava/lang/Throwable;)V' in 'org/eclipse/core/runtime/SafeRunner')}
  0x000001eae67912e8: 0000 48be | 68d0 34c2 | ea01 0000 | 4883 ae10 | 0100 0001 | e905 0000 | 00e9 0500 | 0000 4d33 
  0x000001eae6791308: c0eb 0749 | c7c0 0100 | 0000 4585 

  0x000001eae6791314: ;   {metadata(method data for {method} {0x000001eac1d012b8} 'handleException' '(Lorg/eclipse/core/runtime/ISafeRunnable;Ljava/lang/Throwable;)V' in 'org/eclipse/core/runtime/SafeRunner')}
  0x000001eae6791314: c049 b868 | d034 c2ea | 0100 0048 | c7c2 4801 | 0000 7507 | 48c7 c258 | 0100 0049 | 8b34 1048 
  0x000001eae6791334: 8d76 0149 | 8934 100f | 85f8 0200 

  0x000001eae6791340: ;   {metadata(method data for {method} {0x000001eac1d012b8} 'handleException' '(Lorg/eclipse/core/runtime/ISafeRunnable;Ljava/lang/Throwable;)V' in 'org/eclipse/core/runtime/SafeRunner')}
  0x000001eae6791340: 0049 b868 | d034 c2ea | 0100 0049 | 8380 6801 

  0x000001eae6791350: ;   {metadata(method data for {method} {0x000001eac1d01480} 'getBundleIdOfSafeRunnable' '(Lorg/eclipse/core/runtime/ISafeRunnable;)Ljava/lang/String;' in 'org/eclipse/core/runtime/SafeRunner')}
  0x000001eae6791350: 0000 0149 | b880 d234 | c2ea 0100 | 0041 8b90 | cc00 0000 | 83c2 0241 | 8990 cc00 | 0000 81e2 
  0x000001eae6791370: feff 1f00 | 85d2 0f84 | 2b05 0000 

  0x000001eae679137c: ;   {metadata(method data for {method} {0x000001eac1d01480} 'getBundleIdOfSafeRunnable' '(Lorg/eclipse/core/runtime/ISafeRunnable;)Ljava/lang/String;' in 'org/eclipse/core/runtime/SafeRunner')}
  0x000001eae679137c: 49b8 80d2 | 34c2 ea01 | 0000 4983 | 8010 0100 

  0x000001eae679138c: ;   {metadata(method data for {method} {0x000001eac18a1718} 'getDefault' '()Lorg/eclipse/core/internal/runtime/Activator;' in 'org/eclipse/core/internal/runtime/Activator')}
  0x000001eae679138c: 0001 49b8 | 58d4 34c2 | ea01 0000 | 418b 90cc | 0000 0083 | c202 4189 | 90cc 0000 | 0081 e2fe 
  0x000001eae67913ac: ff1f 0085 | d20f 8411 

  0x000001eae67913b4: ;   {oop(a 'java/lang/Class'{0x00000000805c04f0} = 'org/eclipse/core/internal/runtime/Activator')}
  0x000001eae67913b4: 0500 0049 | b8f0 045c | 8000 0000 | 0041 8b50 | 7c48 85d2 

  0x000001eae67913c8: ;   {metadata(method data for {method} {0x000001eac1d01480} 'getBundleIdOfSafeRunnable' '(Lorg/eclipse/core/runtime/ISafeRunnable;)Ljava/lang/String;' in 'org/eclipse/core/runtime/SafeRunner')}
  0x000001eae67913c8: 49b8 80d2 | 34c2 ea01 | 0000 48c7 | c630 0100 | 0075 0748 | c7c6 2001 | 0000 498b | 3c30 488d 
  0x000001eae67913e8: 7f01 4989 | 3c30 0f85 | 1400 0000 

  0x000001eae67913f4: ;   {oop(nullptr)}
  0x000001eae67913f4: 48be 0000 | 0000 0000 | 0000 4889 | 4424 60e9 | 4700 0000 | 4889 4424 | 6048 3b02 

  0x000001eae6791410: ;   {metadata(method data for {method} {0x000001eac1d01480} 'getBundleIdOfSafeRunnable' '(Lorg/eclipse/core/runtime/ISafeRunnable;)Ljava/lang/String;' in 'org/eclipse/core/runtime/SafeRunner')}
  0x000001eae6791410: 4c8b c248 | be80 d234 | c2ea 0100 

  0x000001eae679141c: ;   {metadata('org/eclipse/core/internal/runtime/Activator')}
  0x000001eae679141c: 0049 ba00 | c813 81ea | 0100 004c | 8996 5001 | 0000 4883 | 8658 0100 | 0001 4c8b | 4424 580f 
  0x000001eae679143c: ;   {optimized virtual_call}
  0x000001eae679143c: 1f40 00e8 

  0x000001eae6791440: ; ImmutableOopMap {[88]=Oop [96]=Oop }
                      ;*invokevirtual getBundleId {reexecute=0 rethrow=0 return_oop=0}
                      ; - org.eclipse.core.runtime.SafeRunner::getBundleIdOfSafeRunnable@12 (line 103)
                      ; - org.eclipse.core.runtime.SafeRunner::handleException@8 (line 84)
                      ; - org.eclipse.core.runtime.SafeRunner::run@16 (line 49)
  0x000001eae6791440: 3cd3 1906 

  0x000001eae6791444: ;   {other}
  0x000001eae6791444: 0f1f 8400 | b406 0001 | 488b f048 

  0x000001eae6791450: ;   {metadata(method data for {method} {0x000001eac1d01480} 'getBundleIdOfSafeRunnable' '(Lorg/eclipse/core/runtime/ISafeRunnable;)Ljava/lang/String;' in 'org/eclipse/core/runtime/SafeRunner')}
  0x000001eae6791450: 85f6 48ba | 80d2 34c2 | ea01 0000 | 49c7 c078 | 0100 0075 | 0749 c7c0 | 8801 0000 | 4a8b 3c02 
  0x000001eae6791470: 488d 7f01 | 4a89 3c02 | 0f85 0a00 

  0x000001eae679147c: ;   {oop("org.eclipse.equinox.common"{0x0000000080a2f958})}
  0x000001eae679147c: 0000 48be | 58f9 a280 | 0000 0000 

  0x000001eae6791488: ;   {metadata(method data for {method} {0x000001eac1d012b8} 'handleException' '(Lorg/eclipse/core/runtime/ISafeRunnable;Ljava/lang/Throwable;)V' in 'org/eclipse/core/runtime/SafeRunner')}
  0x000001eae6791488: 48ba 68d0 | 34c2 ea01 | 0000 4883 | 8278 0100 | 0001 488b | 5424 604c | 8bc6 0f1f 

  0x000001eae67914a4: ;   {static_call}
  0x000001eae67914a4: 4400 00e8 

  0x000001eae67914a8: ; ImmutableOopMap {[88]=Oop [96]=Oop }
                      ;*invokestatic convertToStatus {reexecute=0 rethrow=0 return_oop=0}
                      ; - org.eclipse.core.runtime.SafeRunner::handleException@14 (line 85)
                      ; - org.eclipse.core.runtime.SafeRunner::run@16 (line 49)
  0x000001eae67914a8: d4d8 1906 

  0x000001eae67914ac: ;   {other}
  0x000001eae67914ac: 0f1f 8400 | 1c07 0002 

  0x000001eae67914b4: ;   {metadata(method data for {method} {0x000001eac1d012b8} 'handleException' '(Lorg/eclipse/core/runtime/ISafeRunnable;Ljava/lang/Throwable;)V' in 'org/eclipse/core/runtime/SafeRunner')}
  0x000001eae67914b4: 48be 68d0 | 34c2 ea01 | 0000 4883 | 8688 0100 

  0x000001eae67914c4: ;   {metadata(method data for {method} {0x000001eac1d01390} 'makeSureUserSeesException' '(Ljava/lang/Throwable;Lorg/eclipse/core/runtime/IStatus;)V' in 'org/eclipse/core/runtime/SafeRunner')}
  0x000001eae67914c4: 0001 48be | 78da 34c2 | ea01 0000 | 8bbe cc00 | 0000 83c7 | 0289 becc | 0000 0081 | e7fe ff1f 
  0x000001eae67914e4: 0085 ff0f | 8401 0400 

  0x000001eae67914ec: ;   {metadata(method data for {method} {0x000001eac1d01390} 'makeSureUserSeesException' '(Ljava/lang/Throwable;Lorg/eclipse/core/runtime/IStatus;)V' in 'org/eclipse/core/runtime/SafeRunner')}
  0x000001eae67914ec: 0048 be78 | da34 c2ea | 0100 0048 | 8386 1001 | 0000 0148 | 8944 2468 

  0x000001eae6791504: ;   {static_call}
  0x000001eae6791504: 6666 90e8 

  0x000001eae6791508: ; ImmutableOopMap {[88]=Oop [96]=Oop [104]=Oop }
                      ;*invokestatic isEmpty {reexecute=0 rethrow=0 return_oop=0}
                      ; - org.eclipse.core.runtime.SafeRunner::makeSureUserSeesException@0 (line 92)
                      ; - org.eclipse.core.runtime.SafeRunner::handleException@20 (line 86)
                      ; - org.eclipse.core.runtime.SafeRunner::run@16 (line 49)
  0x000001eae6791508: 74d8 1906 

  0x000001eae679150c: ;   {other}
  0x000001eae679150c: 0f1f 8400 | 7c07 0003 

  0x000001eae6791514: ;   {metadata(method data for {method} {0x000001eac1d01390} 'makeSureUserSeesException' '(Ljava/lang/Throwable;Lorg/eclipse/core/runtime/IStatus;)V' in 'org/eclipse/core/runtime/SafeRunner')}
  0x000001eae6791514: 85c0 48ba | 78da 34c2 | ea01 0000 | 48c7 c620 | 0100 0074 | 0748 c7c6 | 3001 0000 | 488b 3c32 
  0x000001eae6791534: 488d 7f01 | 4889 3c32 | 0f84 c700 | 0000 488b 

  0x000001eae6791544: ;   {metadata(method data for {method} {0x000001eac1d01390} 'makeSureUserSeesException' '(Ljava/lang/Throwable;Lorg/eclipse/core/runtime/IStatus;)V' in 'org/eclipse/core/runtime/SafeRunner')}
  0x000001eae6791544: 4424 6048 | ba78 da34 | c2ea 0100 | 008b 4008 | 49ba 0000 | 0080 ea01 | 0000 4903 | c248 3b82 
  0x000001eae6791564: 5001 0000 | 750d 4883 | 8258 0100 | 0001 e960 | 0000 0048 | 3b82 6001 | 0000 750d | 4883 8268 
  0x000001eae6791584: 0100 0001 | e94a 0000 | 0048 83ba | 5001 0000 | 0075 1748 | 8982 5001 | 0000 48c7 | 8258 0100 
  0x000001eae67915a4: 0001 0000 | 00e9 2900 | 0000 4883 | ba60 0100 | 0000 7517 | 4889 8260 | 0100 0048 | c782 6801 
  0x000001eae67915c4: 0000 0100 | 0000 e908 | 0000 0048 | 8382 4001 | 0000 0148 | 8b54 2460 | 9048 b8ff | ffff ffff 
  0x000001eae67915e4: ;   {virtual_call}
  0x000001eae67915e4: ffff ffe8 

  0x000001eae67915e8: ; ImmutableOopMap {[88]=Oop [96]=Oop }
                      ;*invokevirtual printStackTrace {reexecute=0 rethrow=0 return_oop=0}
                      ; - org.eclipse.core.runtime.SafeRunner::makeSureUserSeesException@7 (line 93)
                      ; - org.eclipse.core.runtime.SafeRunner::handleException@20 (line 86)
                      ; - org.eclipse.core.runtime.SafeRunner::run@16 (line 49)
  0x000001eae67915e8: 94d4 1906 

  0x000001eae67915ec: ;   {other}
  0x000001eae67915ec: 0f1f 8400 | 5c08 0004 

  0x000001eae67915f4: ;   {metadata(method data for {method} {0x000001eac1d01390} 'makeSureUserSeesException' '(Ljava/lang/Throwable;Lorg/eclipse/core/runtime/IStatus;)V' in 'org/eclipse/core/runtime/SafeRunner')}
  0x000001eae67915f4: 48ba 78da | 34c2 ea01 | 0000 ff82 | 7801 0000 | e92b 0000 | 0048 8b44 

  0x000001eae679160c: ;   {metadata(method data for {method} {0x000001eac1d01390} 'makeSureUserSeesException' '(Ljava/lang/Throwable;Lorg/eclipse/core/runtime/IStatus;)V' in 'org/eclipse/core/runtime/SafeRunner')}
  0x000001eae679160c: 2468 48ba | 78da 34c2 | ea01 0000 | 4883 8290 | 0100 0001 | 488b d00f 

  0x000001eae6791624: ;   {static_call}
  0x000001eae6791624: 1f40 00e8 

  0x000001eae6791628: ; ImmutableOopMap {[88]=Oop [96]=Oop }
                      ;*invokestatic log {reexecute=0 rethrow=0 return_oop=0}
                      ; - org.eclipse.core.runtime.SafeRunner::makeSureUserSeesException@14 (line 95)
                      ; - org.eclipse.core.runtime.SafeRunner::handleException@20 (line 86)
                      ; - org.eclipse.core.runtime.SafeRunner::run@16 (line 49)
  0x000001eae6791628: 54d7 1906 

  0x000001eae679162c: ;   {other}
  0x000001eae679162c: 0f1f 8400 | 9c08 0005 | 488b 4424 | 6048 8b54 | 2458 483b | 024c 8bc2 

  0x000001eae6791644: ;   {metadata(method data for {method} {0x000001eac1d012b8} 'handleException' '(Lorg/eclipse/core/runtime/ISafeRunnable;Ljava/lang/Throwable;)V' in 'org/eclipse/core/runtime/SafeRunner')}
  0x000001eae6791644: 48be 68d0 | 34c2 ea01 | 0000 458b | 4008 49ba | 0000 0080 | ea01 0000 | 4d03 c24c | 3b86 a801 
  0x000001eae6791664: 0000 750d | 4883 86b0 | 0100 0001 | e960 0000 | 004c 3b86 | b801 0000 | 750d 4883 | 86c0 0100 
  0x000001eae6791684: 0001 e94a | 0000 0048 | 83be a801 | 0000 0075 | 174c 8986 | a801 0000 | 48c7 86b0 | 0100 0001 
  0x000001eae67916a4: 0000 00e9 | 2900 0000 | 4883 beb8 | 0100 0000 | 7517 4c89 | 86b8 0100 | 0048 c786 | c001 0000 
  0x000001eae67916c4: 0100 0000 | e908 0000 | 0048 8386 | 9801 0000 | 014c 8bc0 | 0f1f 4400 | 0048 b870 | 3d12 c6ea 
  0x000001eae67916e4: ;   {virtual_call}
  0x000001eae67916e4: 0100 00e8 

  0x000001eae67916e8: ; ImmutableOopMap {}
                      ;*invokeinterface handleException {reexecute=0 rethrow=0 return_oop=0}
                      ; - org.eclipse.core.runtime.SafeRunner::handleException@25 (line 88)
                      ; - org.eclipse.core.runtime.SafeRunner::run@16 (line 49)
  0x000001eae67916e8: 4920 1a06 

  0x000001eae67916ec: ;   {other}
  0x000001eae67916ec: 0f1f 8400 | 5c09 0006 | 4881 c480 | 0000 005d 

  0x000001eae67916fc: ;   {poll_return}
  0x000001eae67916fc: 493b a750 | 0400 000f | 870b 0200 

  0x000001eae6791708: ;   {metadata(method data for {method} {0x000001eac1d010c0} 'run' '(Lorg/eclipse/core/runtime/ISafeRunnable;)V' in 'org/eclipse/core/runtime/SafeRunner')}
  0x000001eae6791708: 00c3 48ba | a8ce 34c2 | ea01 0000 | ff82 5801 | 0000 4881 | c480 0000 

  0x000001eae6791720: ;   {poll_return}
  0x000001eae6791720: 005d 493b | a750 0400 | 000f 87fb | 0100 00c3 

  0x000001eae6791730: ;   {no_reloc}
  0x000001eae6791730: e91a 0200 | 0000 0000 | 0000 80ba | 3101 0000 | 040f 8517 | 0200 0049 | 8b87 b801 | 0000 488d 
  0x000001eae6791750: 7828 493b | bfc8 0100 | 000f 87ff | 0100 0049 | 89bf b801 | 0000 48c7 | 0001 0000 | 0048 8bca 
  0x000001eae6791770: 49ba 0000 | 0080 ea01 | 0000 492b | ca89 4808 | 4833 c989 | 480c 4833 | c948 8948 | 1048 8948 
  0x000001eae6791790: 1848 8948 | 2066 6690 

  0x000001eae6791798: ;   {no_reloc}
  0x000001eae6791798: e9dd 0100 | 0090 9090 

  0x000001eae67917a0: ;   {oop(""{0x00000000800015a0})}
  0x000001eae67917a0: 9090 48ba | a015 0080 | 0000 0000 | 4889 4424 | 7066 0f1f 

  0x000001eae67917b4: ;   {static_call}
  0x000001eae67917b4: 4400 00e8 

  0x000001eae67917b8: ; ImmutableOopMap {[88]=Oop [112]=Oop }
                      ;*invokedynamic {reexecute=0 rethrow=0 return_oop=0}
                      ; - org.eclipse.core.runtime.Assert::isNotNull@9 (line 93)
                      ; - org.eclipse.core.runtime.Assert::isNotNull@3 (line 80)
                      ; - org.eclipse.core.runtime.SafeRunner::run@1 (line 45)
  0x000001eae67917b8: c4d5 1906 

  0x000001eae67917bc: ;   {other}
  0x000001eae67917bc: 0f1f 8400 | 2c0a 0007 

  0x000001eae67917c4: ;   {metadata(method data for {method} {0x000001eac1b15c18} 'isNotNull' '(Ljava/lang/Object;Ljava/lang/String;)V' in 'org/eclipse/core/runtime/Assert')}
  0x000001eae67917c4: 49b8 a83a | d6c1 ea01 | 0000 4d8d | 8050 0100 | 0048 85c0 | 750b 41f6 | 0001 7505 | f049 8308 
  0x000001eae67917e4: 014c 8b44 

  0x000001eae67917e8: ;   {metadata(method data for {method} {0x000001eac1b15c18} 'isNotNull' '(Ljava/lang/Object;Ljava/lang/String;)V' in 'org/eclipse/core/runtime/Assert')}
  0x000001eae67917e8: 2470 48ba | a83a d6c1 | ea01 0000 | 4883 8260 | 0100 0001 | 4c8b c048 | 8b54 2470 

  0x000001eae6791804: ;   {optimized virtual_call}
  0x000001eae6791804: 6666 90e8 

  0x000001eae6791808: ; ImmutableOopMap {[88]=Oop [112]=Oop }
                      ;*invokespecial <init> {reexecute=0 rethrow=0 return_oop=0}
                      ; - org.eclipse.core.runtime.Assert::isNotNull@14 (line 93)
                      ; - org.eclipse.core.runtime.Assert::isNotNull@3 (line 80)
                      ; - org.eclipse.core.runtime.SafeRunner::run@1 (line 45)
  0x000001eae6791808: 74cf 1906 

  0x000001eae679180c: ;   {other}
  0x000001eae679180c: 0f1f 8400 | 7c0a 0008 | 488b 4424 | 70e9 8301 

  0x000001eae679181c: ;   {metadata({method} {0x000001eac1d010c0} 'run' '(Lorg/eclipse/core/runtime/ISafeRunnable;)V' in 'org/eclipse/core/runtime/SafeRunner')}
  0x000001eae679181c: 0000 49ba | b810 d0c1 | ea01 0000 | 4c89 5424 | 0848 c704 | 24ff ffff 

  0x000001eae6791834: ;   {runtime_call counter_overflow Runtime1 stub}
  0x000001eae6791834: ffe8 c62b 

  0x000001eae6791838: ; ImmutableOopMap {rdx=Oop [88]=Oop }
                      ;*synchronization entry
                      ; - org.eclipse.core.runtime.SafeRunner::run@-1 (line 45)
  0x000001eae6791838: 2506 e92c 

  0x000001eae679183c: ;   {metadata({method} {0x000001eac1b15b50} 'isNotNull' '(Ljava/lang/Object;)V' in 'org/eclipse/core/runtime/Assert')}
  0x000001eae679183c: f8ff ff49 | ba48 5bb1 | c1ea 0100 | 004c 8954 | 2408 48c7 | 0424 ffff 

  0x000001eae6791854: ;   {runtime_call counter_overflow Runtime1 stub}
  0x000001eae6791854: ffff e8a5 

  0x000001eae6791858: ; ImmutableOopMap {rdx=Oop [88]=Oop }
                      ;*synchronization entry
                      ; - org.eclipse.core.runtime.Assert::isNotNull@-1 (line 80)
                      ; - org.eclipse.core.runtime.SafeRunner::run@1 (line 45)
  0x000001eae6791858: 2b25 06e9 | 44f8 ffff 

  0x000001eae6791860: ;   {metadata({method} {0x000001eac1b15c18} 'isNotNull' '(Ljava/lang/Object;Ljava/lang/String;)V' in 'org/eclipse/core/runtime/Assert')}
  0x000001eae6791860: 49ba 105c | b1c1 ea01 | 0000 4c89 | 5424 0848 | c704 24ff 

  0x000001eae6791874: ;   {runtime_call counter_overflow Runtime1 stub}
  0x000001eae6791874: ffff ffe8 

  0x000001eae6791878: ; ImmutableOopMap {rdx=Oop [88]=Oop }
                      ;*synchronization entry
                      ; - org.eclipse.core.runtime.Assert::isNotNull@-1 (line 92)
                      ; - org.eclipse.core.runtime.Assert::isNotNull@3 (line 80)
                      ; - org.eclipse.core.runtime.SafeRunner::run@1 (line 45)
  0x000001eae6791878: 842b 2506 | e95c f8ff 

  0x000001eae6791880: ;   {runtime_call throw_null_pointer_exception Runtime1 stub}
  0x000001eae6791880: ffe8 7abf 

  0x000001eae6791884: ; ImmutableOopMap {rdx=Oop [88]=Oop }
                      ;*invokeinterface run {reexecute=0 rethrow=0 return_oop=0}
                      ; - org.eclipse.core.runtime.SafeRunner::run@5 (line 47)
                      ;   {metadata({method} {0x000001eac1d012b8} 'handleException' '(Lorg/eclipse/core/runtime/ISafeRunnable;Ljava/lang/Throwable;)V' in 'org/eclipse/core/runtime/SafeRunner')}
  0x000001eae6791884: 2406 49ba | b012 d0c1 | ea01 0000 | 4c89 5424 | 0848 c704 | 24ff ffff 

  0x000001eae679189c: ;   {runtime_call counter_overflow Runtime1 stub}
  0x000001eae679189c: ffe8 5e2b 

  0x000001eae67918a0: ; ImmutableOopMap {rax=Oop [88]=Oop }
                      ;*synchronization entry
                      ; - org.eclipse.core.runtime.SafeRunner::handleException@-1 (line 83)
                      ; - org.eclipse.core.runtime.SafeRunner::run@16 (line 49)
  0x000001eae67918a0: 2506 e978 

  0x000001eae67918a4: ;   {metadata({method} {0x000001eac1d01480} 'getBundleIdOfSafeRunnable' '(Lorg/eclipse/core/runtime/ISafeRunnable;)Ljava/lang/String;' in 'org/eclipse/core/runtime/SafeRunner')}
  0x000001eae67918a4: f9ff ff49 | ba78 14d0 | c1ea 0100 | 004c 8954 | 2408 48c7 | 0424 ffff 

  0x000001eae67918bc: ;   {runtime_call counter_overflow Runtime1 stub}
  0x000001eae67918bc: ffff e83d 

  0x000001eae67918c0: ; ImmutableOopMap {rax=Oop [88]=Oop }
                      ;*synchronization entry
                      ; - org.eclipse.core.runtime.SafeRunner::getBundleIdOfSafeRunnable@-1 (line 100)
                      ; - org.eclipse.core.runtime.SafeRunner::handleException@8 (line 84)
                      ; - org.eclipse.core.runtime.SafeRunner::run@16 (line 49)
  0x000001eae67918c0: 2b25 06e9 | b4fa ffff 

  0x000001eae67918c8: ;   {metadata({method} {0x000001eac18a1718} 'getDefault' '()Lorg/eclipse/core/internal/runtime/Activator;' in 'org/eclipse/core/internal/runtime/Activator')}
  0x000001eae67918c8: 49ba 1017 | 8ac1 ea01 | 0000 4c89 | 5424 0848 | c704 24ff 

  0x000001eae67918dc: ;   {runtime_call counter_overflow Runtime1 stub}
  0x000001eae67918dc: ffff ffe8 

  0x000001eae67918e0: ; ImmutableOopMap {rax=Oop [88]=Oop }
                      ;*synchronization entry
                      ; - org.eclipse.core.internal.runtime.Activator::getDefault@-1 (line 76)
                      ; - org.eclipse.core.runtime.SafeRunner::getBundleIdOfSafeRunnable@0 (line 100)
                      ; - org.eclipse.core.runtime.SafeRunner::handleException@8 (line 84)
                      ; - org.eclipse.core.runtime.SafeRunner::run@16 (line 49)
  0x000001eae67918e0: 1c2b 2506 | e9ce faff 

  0x000001eae67918e8: ;   {runtime_call throw_null_pointer_exception Runtime1 stub}
  0x000001eae67918e8: ffe8 12bf 

  0x000001eae67918ec: ; ImmutableOopMap {rdx=Oop [88]=Oop [96]=Oop }
                      ;*invokevirtual getBundleId {reexecute=0 rethrow=0 return_oop=0}
                      ; - org.eclipse.core.runtime.SafeRunner::getBundleIdOfSafeRunnable@12 (line 103)
                      ; - org.eclipse.core.runtime.SafeRunner::handleException@8 (line 84)
                      ; - org.eclipse.core.runtime.SafeRunner::run@16 (line 49)
                      ;   {metadata({method} {0x000001eac1d01390} 'makeSureUserSeesException' '(Ljava/lang/Throwable;Lorg/eclipse/core/runtime/IStatus;)V' in 'org/eclipse/core/runtime/SafeRunner')}
  0x000001eae67918ec: 2406 49ba | 8813 d0c1 | ea01 0000 | 4c89 5424 | 0848 c704 | 24ff ffff 

  0x000001eae6791904: ;   {runtime_call counter_overflow Runtime1 stub}
  0x000001eae6791904: ffe8 f62a 

  0x000001eae6791908: ; ImmutableOopMap {rax=Oop [88]=Oop [96]=Oop }
                      ;*synchronization entry
                      ; - org.eclipse.core.runtime.SafeRunner::makeSureUserSeesException@-1 (line 92)
                      ; - org.eclipse.core.runtime.SafeRunner::handleException@20 (line 86)
                      ; - org.eclipse.core.runtime.SafeRunner::run@16 (line 49)
  0x000001eae6791908: 2506 e9de 

  0x000001eae679190c: ;   {runtime_call throw_null_pointer_exception Runtime1 stub}
  0x000001eae679190c: fbff ffe8 

  0x000001eae6791910: ; ImmutableOopMap {rax=Oop rdx=Oop [88]=Oop }
                      ;*invokeinterface handleException {reexecute=0 rethrow=0 return_oop=0}
                      ; - org.eclipse.core.runtime.SafeRunner::handleException@25 (line 88)
                      ; - org.eclipse.core.runtime.SafeRunner::run@16 (line 49)
  0x000001eae6791910: ecbe 2406 

  0x000001eae6791914: ;   {internal_word}
  0x000001eae6791914: 49ba fc16 | 79e6 ea01 | 0000 4d89 | 9768 0400 

  0x000001eae6791924: ;   {runtime_call SafepointBlob}
  0x000001eae6791924: 00e9 d631 

  0x000001eae6791928: ;   {internal_word}
  0x000001eae6791928: 1a06 49ba | 2217 79e6 | ea01 0000 | 4d89 9768 

  0x000001eae6791938: ;   {runtime_call SafepointBlob}
  0x000001eae6791938: 0400 00e9 | c031 1a06 

  0x000001eae6791940: ;   {metadata(nullptr)}
  0x000001eae6791940: 48ba 0000 | 0000 0000 | 0000 b800 

  0x000001eae679194c: ;   {runtime_call load_klass_patching Runtime1 stub}
  0x000001eae679194c: 0f05 0ae8 

  0x000001eae6791950: ; ImmutableOopMap {[88]=Oop }
                      ;*new {reexecute=1 rethrow=0 return_oop=0}
                      ; - (reexecute) org.eclipse.core.runtime.Assert::isNotNull@4 (line 93)
                      ; - org.eclipse.core.runtime.Assert::isNotNull@3 (line 80)
                      ; - org.eclipse.core.runtime.SafeRunner::run@1 (line 45)
  0x000001eae6791950: 2c1a 2506 | e9d7 fdff 

  0x000001eae6791958: ;   {runtime_call throw_null_pointer_exception Runtime1 stub}
  0x000001eae6791958: ffe8 a2be 

  0x000001eae679195c: ; ImmutableOopMap {[88]=Oop }
                      ;*new {reexecute=0 rethrow=0 return_oop=0}
                      ; - org.eclipse.core.runtime.Assert::isNotNull@4 (line 93)
                      ; - org.eclipse.core.runtime.Assert::isNotNull@3 (line 80)
                      ; - org.eclipse.core.runtime.SafeRunner::run@1 (line 45)
  0x000001eae679195c: 2406 488b 

  0x000001eae6791960: ;   {runtime_call fast_new_instance_init_check Runtime1 stub}
  0x000001eae6791960: d2e8 9ad0 

  0x000001eae6791964: ; ImmutableOopMap {[88]=Oop }
                      ;*new {reexecute=0 rethrow=0 return_oop=0}
                      ; - org.eclipse.core.runtime.Assert::isNotNull@4 (line 93)
                      ; - org.eclipse.core.runtime.Assert::isNotNull@3 (line 80)
                      ; - org.eclipse.core.runtime.SafeRunner::run@1 (line 45)
  0x000001eae6791964: 2406 e92a | feff ff49 | b800 0000 | 0000 0000 | 00b8 000f 

  0x000001eae6791978: ;   {runtime_call load_appendix_patching Runtime1 stub}
  0x000001eae6791978: 050a e801 

  0x000001eae679197c: ; ImmutableOopMap {rax=Oop [88]=Oop }
                      ;*invokedynamic {reexecute=1 rethrow=0 return_oop=0}
                      ; - (reexecute) org.eclipse.core.runtime.Assert::isNotNull@9 (line 93)
                      ; - org.eclipse.core.runtime.Assert::isNotNull@3 (line 80)
                      ; - org.eclipse.core.runtime.SafeRunner::run@1 (line 45)
  0x000001eae679197c: 2325 06e9 | 14fe ffff | 498b 8700 | 0500 0049 | c787 0005 | 0000 0000 | 0000 49c7 | 8708 0500 
  0x000001eae679199c: 0000 0000 | 0048 81c4 | 8000 0000 

  0x000001eae67919a8: ;   {runtime_call unwind_exception Runtime1 stub}
  0x000001eae67919a8: 5de9 52af | 2406 f4f4 
[Stub Code]
  0x000001eae67919b0: ;   {no_reloc}
  0x000001eae67919b0: 0f1f 4400 

  0x000001eae67919b4: ;   {static_stub}
  0x000001eae67919b4: 0048 bb00 | 0000 0000 

  0x000001eae67919bc: ;   {runtime_call nmethod}
  0x000001eae67919bc: 0000 00e9 | fbff ffff 

  0x000001eae67919c4: ;   {static_stub}
  0x000001eae67919c4: 9048 bb00 | 0000 0000 

  0x000001eae67919cc: ;   {runtime_call nmethod}
  0x000001eae67919cc: 0000 00e9 | fbff ffff 

  0x000001eae67919d4: ;   {static_stub}
  0x000001eae67919d4: 9048 bb00 | 0000 0000 

  0x000001eae67919dc: ;   {runtime_call nmethod}
  0x000001eae67919dc: 0000 00e9 | fbff ffff 

  0x000001eae67919e4: ;   {static_stub}
  0x000001eae67919e4: 9048 bb00 | 0000 0000 

  0x000001eae67919ec: ;   {runtime_call nmethod}
  0x000001eae67919ec: 0000 00e9 | fbff ffff 

  0x000001eae67919f4: ;   {static_stub}
  0x000001eae67919f4: 9048 bb00 | 0000 0000 

  0x000001eae67919fc: ;   {runtime_call nmethod}
  0x000001eae67919fc: 0000 00e9 | fbff ffff 

  0x000001eae6791a04: ;   {static_stub}
  0x000001eae6791a04: 9048 bb00 | 0000 0000 

  0x000001eae6791a0c: ;   {runtime_call nmethod}
  0x000001eae6791a0c: 0000 00e9 | fbff ffff 

  0x000001eae6791a14: ;   {static_stub}
  0x000001eae6791a14: 48bb 0000 | 0000 0000 

  0x000001eae6791a1c: ;   {runtime_call nmethod}
  0x000001eae6791a1c: 0000 e9fb 

  0x000001eae6791a20: ;   {static_stub}
  0x000001eae6791a20: ffff ff48 | bb00 0000 | 0000 0000 

  0x000001eae6791a2c: ;   {runtime_call nmethod}
  0x000001eae6791a2c: 00e9 fbff 

  0x000001eae6791a30: ;   {static_stub}
  0x000001eae6791a30: ffff 48bb | 0000 0000 | 0000 0000 

  0x000001eae6791a3c: ;   {runtime_call nmethod}
  0x000001eae6791a3c: e9fb ffff 

  0x000001eae6791a40: ;   {runtime_call handle_exception_from_callee Runtime1 stub}
  0x000001eae6791a40: ffe8 baea 

  0x000001eae6791a44: ;   {external_word}
  0x000001eae6791a44: 2406 48b9 | 4053 37ca | fe7f 0000 | 4883 e4f0 

  0x000001eae6791a54: ;   {runtime_call}
  0x000001eae6791a54: 48b8 b0c3 | f9c9 fe7f | 0000 ffd0 

  0x000001eae6791a60: ;   {section_word}
  0x000001eae6791a60: f449 ba61 | 1a79 e6ea | 0100 0041 

  0x000001eae6791a6c: ;   {runtime_call DeoptimizationBlob}
  0x000001eae6791a6c: 52e9 2e23 | 1a06 f4f4 | f4f4 f4f4 
[/MachCode]


---------------  P R O C E S S  ---------------

Threads class SMR info:
_java_thread_list=0x000001eadb911680, length=48, elements={
0x000001eae2291650, 0x000001eae223d5d0, 0x000001eae223e6a0, 0x000001eae2334430,
0x000001eae2334e90, 0x000001eae233c3b0, 0x000001eae2345530, 0x000001eae23496e0,
0x000001eae234aae0, 0x000001eafa2e03d0, 0x000001eafa2e1780, 0x000001eafa2df020,
0x000001eafa2e1e10, 0x000001eafa2df6b0, 0x000001eafa2e10f0, 0x000001eafa2e0a60,
0x000001eafa2e24a0, 0x000001eafa2dfd40, 0x000001eac54d7f50, 0x000001eac54da020,
0x000001eac54da6b0, 0x000001eac54d9300, 0x000001eac54d78c0, 0x000001eac54dba60,
0x000001eac54db3d0, 0x000001eac54dc0f0, 0x000001eac54d8c70, 0x000001eac54dc780,
0x000001eac54dce10, 0x000001eac54d9990, 0x000001eac54dd4a0, 0x000001eac54ddb30,
0x000001eac54de1c0, 0x000001eac66ad3a0, 0x000001eac66ada30, 0x000001eac66ae750,
0x000001eac66ae0c0, 0x000001eac66aede0, 0x000001eac66af470, 0x000001eac66ac680,
0x000001eacb47df20, 0x000001eacb47b130, 0x000001eacb47ec40, 0x000001eacb47b7c0,
0x000001eacb47cb70, 0x000001eacb47f2d0, 0x000001eacb47be50, 0x000001eacb480d10
}

Java Threads: ( => current thread )
  0x000001eae2291650 JavaThread "main"                              [_thread_blocked, id=22940, stack(0x0000002bfdd00000,0x0000002bfde00000) (1024K)]
  0x000001eae223d5d0 JavaThread "Reference Handler"          daemon [_thread_blocked, id=6844, stack(0x0000002bfe100000,0x0000002bfe200000) (1024K)]
  0x000001eae223e6a0 JavaThread "Finalizer"                  daemon [_thread_blocked, id=3428, stack(0x0000002bfe200000,0x0000002bfe300000) (1024K)]
  0x000001eae2334430 JavaThread "Signal Dispatcher"          daemon [_thread_blocked, id=20812, stack(0x0000002bfe300000,0x0000002bfe400000) (1024K)]
  0x000001eae2334e90 JavaThread "Attach Listener"            daemon [_thread_blocked, id=2008, stack(0x0000002bfe400000,0x0000002bfe500000) (1024K)]
  0x000001eae233c3b0 JavaThread "Service Thread"             daemon [_thread_blocked, id=22992, stack(0x0000002bfe500000,0x0000002bfe600000) (1024K)]
  0x000001eae2345530 JavaThread "Monitor Deflation Thread"   daemon [_thread_blocked, id=25268, stack(0x0000002bfe600000,0x0000002bfe700000) (1024K)]
  0x000001eae23496e0 JavaThread "C2 CompilerThread0"         daemon [_thread_blocked, id=24612, stack(0x0000002bfe700000,0x0000002bfe800000) (1024K)]
  0x000001eae234aae0 JavaThread "C1 CompilerThread0"         daemon [_thread_blocked, id=24728, stack(0x0000002bfe800000,0x0000002bfe900000) (1024K)]
  0x000001eafa2e03d0 JavaThread "Common-Cleaner"             daemon [_thread_blocked, id=15336, stack(0x0000002bfed00000,0x0000002bfee00000) (1024K)]
  0x000001eafa2e1780 JavaThread "Notification Thread"        daemon [_thread_blocked, id=20132, stack(0x0000002bfee00000,0x0000002bfef00000) (1024K)]
  0x000001eafa2df020 JavaThread "Active Thread: Equinox Container: 772e9b90-0e43-4328-8cc5-2e44d9d63108"        [_thread_blocked, id=14376, stack(0x0000002bff800000,0x0000002bff900000) (1024K)]
  0x000001eafa2e1e10 JavaThread "Refresh Thread: Equinox Container: 772e9b90-0e43-4328-8cc5-2e44d9d63108" daemon [_thread_blocked, id=17620, stack(0x0000002bfec00000,0x0000002bfed00000) (1024K)]
  0x000001eafa2df6b0 JavaThread "Framework Event Dispatcher: Equinox Container: 772e9b90-0e43-4328-8cc5-2e44d9d63108" daemon [_thread_blocked, id=1320, stack(0x0000002bfef00000,0x0000002bff000000) (1024K)]
  0x000001eafa2e10f0 JavaThread "Start Level: Equinox Container: 772e9b90-0e43-4328-8cc5-2e44d9d63108" daemon [_thread_blocked, id=7856, stack(0x0000002bff600000,0x0000002bff700000) (1024K)]
  0x000001eafa2e0a60 JavaThread "Bundle File Closer"         daemon [_thread_blocked, id=24476, stack(0x0000002bffe00000,0x0000002bfff00000) (1024K)]
  0x000001eafa2e24a0 JavaThread "SCR Component Actor"        daemon [_thread_blocked, id=3128, stack(0x0000002bffc00000,0x0000002bffd00000) (1024K)]
  0x000001eafa2dfd40 JavaThread "Worker-JM"                         [_thread_blocked, id=23144, stack(0x0000002b80300000,0x0000002b80400000) (1024K)]
  0x000001eac54d7f50 JavaThread "JNA Cleaner"                daemon [_thread_blocked, id=3424, stack(0x0000002b80600000,0x0000002b80700000) (1024K)]
  0x000001eac54da020 JavaThread "Java indexing"              daemon [_thread_blocked, id=23080, stack(0x0000002b80b00000,0x0000002b80c00000) (1024K)]
  0x000001eac54da6b0 JavaThread "Thread-1"                   daemon [_thread_in_native, id=3260, stack(0x0000002b81100000,0x0000002b81200000) (1024K)]
  0x000001eac54d9300 JavaThread "Thread-2"                   daemon [_thread_in_native, id=8396, stack(0x0000002b81200000,0x0000002b81300000) (1024K)]
  0x000001eac54d78c0 JavaThread "Thread-3"                   daemon [_thread_in_native, id=25060, stack(0x0000002b81300000,0x0000002b81400000) (1024K)]
  0x000001eac54dba60 JavaThread "Thread-4"                   daemon [_thread_in_native, id=3540, stack(0x0000002b81400000,0x0000002b81500000) (1024K)]
  0x000001eac54db3d0 JavaThread "Thread-5"                   daemon [_thread_in_native, id=8852, stack(0x0000002b81500000,0x0000002b81600000) (1024K)]
  0x000001eac54dc0f0 JavaThread "Thread-6"                   daemon [_thread_in_native, id=11464, stack(0x0000002b81600000,0x0000002b81700000) (1024K)]
  0x000001eac54d8c70 JavaThread "Thread-7"                   daemon [_thread_in_native, id=18116, stack(0x0000002b81700000,0x0000002b81800000) (1024K)]
  0x000001eac54dc780 JavaThread "Thread-8"                   daemon [_thread_in_native, id=8472, stack(0x0000002b81800000,0x0000002b81900000) (1024K)]
  0x000001eac54dce10 JavaThread "Thread-9"                   daemon [_thread_in_native, id=19876, stack(0x0000002b81900000,0x0000002b81a00000) (1024K)]
  0x000001eac54d9990 JavaThread "Thread-10"                  daemon [_thread_in_native, id=15852, stack(0x0000002b81a00000,0x0000002b81b00000) (1024K)]
  0x000001eac54dd4a0 JavaThread "Thread-11"                  daemon [_thread_in_native, id=6724, stack(0x0000002b81b00000,0x0000002b81c00000) (1024K)]
  0x000001eac54ddb30 JavaThread "Thread-12"                  daemon [_thread_in_native, id=14708, stack(0x0000002b81c00000,0x0000002b81d00000) (1024K)]
  0x000001eac54de1c0 JavaThread "Thread-13"                  daemon [_thread_in_native, id=8696, stack(0x0000002b81d00000,0x0000002b81e00000) (1024K)]
  0x000001eac66ad3a0 JavaThread "Thread-14"                  daemon [_thread_in_native, id=1856, stack(0x0000002b81e00000,0x0000002b81f00000) (1024K)]
  0x000001eac66ada30 JavaThread "Thread-15"                  daemon [_thread_in_native, id=25592, stack(0x0000002b81f00000,0x0000002b82000000) (1024K)]
  0x000001eac66ae750 JavaThread "Thread-16"                  daemon [_thread_in_native, id=3628, stack(0x0000002b82000000,0x0000002b82100000) (1024K)]
  0x000001eac66ae0c0 JavaThread "Thread-17"                  daemon [_thread_in_native, id=460, stack(0x0000002b82100000,0x0000002b82200000) (1024K)]
  0x000001eac66aede0 JavaThread "pool-2-thread-1"                   [_thread_blocked, id=5420, stack(0x0000002b82200000,0x0000002b82300000) (1024K)]
  0x000001eac66af470 JavaThread "WorkspaceEventsHandler"            [_thread_blocked, id=456, stack(0x0000002b82300000,0x0000002b82400000) (1024K)]
  0x000001eac66ac680 JavaThread "pool-1-thread-1"                   [_thread_blocked, id=24516, stack(0x0000002b82400000,0x0000002b82500000) (1024K)]
  0x000001eacb47df20 JavaThread "Cleaner-0"                  daemon [_thread_blocked, id=8116, stack(0x0000002b80800000,0x0000002b80900000) (1024K)]
=>0x000001eacb47b130 JavaThread "Worker-13: Periodic workspace save."        [_thread_in_vm, id=15080, stack(0x0000002b80900000,0x0000002b80a00000) (1024K)]
  0x000001eacb47ec40 JavaThread "Compiler Source File Reader" daemon [_thread_blocked, id=2536, stack(0x0000002b80c00000,0x0000002b80d00000) (1024K)]
  0x000001eacb47b7c0 JavaThread "Worker-18"                         [_thread_blocked, id=8032, stack(0x0000002b80000000,0x0000002b80100000) (1024K)]
  0x000001eacb47cb70 JavaThread "ForkJoinPool.commonPool-worker-16" daemon [_thread_blocked, id=22904, stack(0x0000002b80100000,0x0000002b80200000) (1024K)]
  0x000001eacb47f2d0 JavaThread "ForkJoinPool.commonPool-worker-17" daemon [_thread_blocked, id=2800, stack(0x0000002b80500000,0x0000002b80600000) (1024K)]
  0x000001eacb47be50 JavaThread "ForkJoinPool.commonPool-worker-18" daemon [_thread_blocked, id=2416, stack(0x0000002b80a00000,0x0000002b80b00000) (1024K)]
  0x000001eacb480d10 JavaThread "ForkJoinPool.commonPool-worker-19" daemon [_thread_blocked, id=24768, stack(0x0000002b82800000,0x0000002b82900000) (1024K)]
Total: 48

Other Threads:
  0x000001eae232f890 VMThread "VM Thread"                           [id=10408, stack(0x0000002bfe000000,0x0000002bfe100000) (1024K)]
  0x000001eae2287cf0 WatcherThread "VM Periodic Task Thread"        [id=20304, stack(0x0000002bfdf00000,0x0000002bfe000000) (1024K)]
  0x000001eae22b0b30 WorkerThread "GC Thread#0"                     [id=25496, stack(0x0000002bfde00000,0x0000002bfdf00000) (1024K)]
  0x000001eafa34b310 WorkerThread "GC Thread#1"                     [id=24820, stack(0x0000002bff000000,0x0000002bff100000) (1024K)]
  0x000001eac59b5510 WorkerThread "GC Thread#2"                     [id=21884, stack(0x0000002bff100000,0x0000002bff200000) (1024K)]
  0x000001eac59b58c0 WorkerThread "GC Thread#3"                     [id=24008, stack(0x0000002bff200000,0x0000002bff300000) (1024K)]
  0x000001eac5ab8010 WorkerThread "GC Thread#4"                     [id=22652, stack(0x0000002bff300000,0x0000002bff400000) (1024K)]
  0x000001eac5ab83c0 WorkerThread "GC Thread#5"                     [id=22376, stack(0x0000002bff400000,0x0000002bff500000) (1024K)]
  0x000001eac5ab8770 WorkerThread "GC Thread#6"                     [id=24908, stack(0x0000002bff500000,0x0000002bff600000) (1024K)]
  0x000001eac50e9ee0 WorkerThread "GC Thread#7"                     [id=7000, stack(0x0000002bff900000,0x0000002bffa00000) (1024K)]
  0x000001eac53d8bc0 WorkerThread "GC Thread#8"                     [id=11592, stack(0x0000002bff700000,0x0000002bff800000) (1024K)]
  0x000001eac58fa850 WorkerThread "GC Thread#9"                     [id=8028, stack(0x0000002bffa00000,0x0000002bffb00000) (1024K)]
  0x000001eac576ef90 WorkerThread "GC Thread#10"                    [id=6592, stack(0x0000002bffb00000,0x0000002bffc00000) (1024K)]
  0x000001eac6259370 WorkerThread "GC Thread#11"                    [id=21456, stack(0x0000002b80200000,0x0000002b80300000) (1024K)]
  0x000001eac62584b0 WorkerThread "GC Thread#12"                    [id=24132, stack(0x0000002b80400000,0x0000002b80500000) (1024K)]
Total: 15

Threads with active compile tasks:
Total: 0

VM state: not at safepoint (normal execution)

VM Mutex/Monitor currently owned by a thread: None

Heap address: 0x0000000080000000, size: 2048 MB, Compressed Oops mode: 32-bit

CDS archive(s) mapped at: [0x000001ea80000000-0x000001ea80ba0000-0x000001ea80ba0000), size 12189696, SharedBaseAddress: 0x000001ea80000000, ArchiveRelocationMode: 1.
Compressed class space mapped at: 0x000001ea81000000-0x000001eac1000000, reserved size: 1073741824
Narrow klass base: 0x000001ea80000000, Narrow klass shift: 0, Narrow klass range: 0x100000000

GC Precious Log:
 CardTable entry size: 512
 CPUs: 16 total, 16 available
 Memory: 32454M
 Large Page Support: Disabled
 NUMA Support: Disabled
 Compressed Oops: Enabled (32-bit)
 Alignments: Space 512K, Generation 512K, Heap 2M
 Heap Min Capacity: 100M
 Heap Initial Capacity: 100M
 Heap Max Capacity: 2G
 Pre-touch: Disabled
 Parallel Workers: 13

Heap:
 PSYoungGen      total 3072K, used 1334K [0x00000000d5580000, 0x00000000d5a00000, 0x0000000100000000)
  eden space 2560K, 32% used [0x00000000d5580000,0x00000000d5650980,0x00000000d5800000)
  from space 512K, 97% used [0x00000000d5900000,0x00000000d597d0e0,0x00000000d5980000)
  to   space 1024K, 0% used [0x00000000d5800000,0x00000000d5800000,0x00000000d5900000)
 ParOldGen       total 645120K, used 370253K [0x0000000080000000, 0x00000000a7600000, 0x00000000d5580000)
  object space 645120K, 57% used [0x0000000080000000,0x0000000096993708,0x00000000a7600000)
 Metaspace       used 80089K, committed 81856K, reserved 1179648K
  class space    used 7853K, committed 8704K, reserved 1048576K

Card table byte_map: [0x000001eae1c30000,0x000001eae2040000] _byte_map_base: 0x000001eae1830000

Marking Bits: (ParMarkBitMap*) 0x00007ffeca633450
 Begin Bits: [0x000001eaf4740000, 0x000001eaf6740000)
 End Bits:   [0x000001eaf6740000, 0x000001eaf8740000)

Polling page: 0x000001eae0050000

Metaspace:

Usage:
  Non-class:     70.54 MB used.
      Class:      7.67 MB used.
       Both:     78.21 MB used.

Virtual space:
  Non-class space:      128.00 MB reserved,      71.44 MB ( 56%) committed,  2 nodes.
      Class space:        1.00 GB reserved,       8.50 MB ( <1%) committed,  1 nodes.
             Both:        1.12 GB reserved,      79.94 MB (  7%) committed. 

Chunk freelists:
   Non-Class:  8.16 MB
       Class:  7.42 MB
        Both:  15.58 MB

MaxMetaspaceSize: unlimited
CompressedClassSpaceSize: 1.00 GB
Initial GC threshold: 21.00 MB
Current GC threshold: 122.94 MB
CDS: on
 - commit_granule_bytes: 65536.
 - commit_granule_words: 8192.
 - virtual_space_node_default_size: 8388608.
 - enlarge_chunks_in_place: 1.
 - use_allocation_guard: 0.


Internal statistics:

num_allocs_failed_limit: 11.
num_arena_births: 1716.
num_arena_deaths: 28.
num_vsnodes_births: 3.
num_vsnodes_deaths: 0.
num_space_committed: 1279.
num_space_uncommitted: 0.
num_chunks_returned_to_freelist: 45.
num_chunks_taken_from_freelist: 5706.
num_chunk_merges: 20.
num_chunk_splits: 3481.
num_chunks_enlarged: 1930.
num_inconsistent_stats: 0.

CodeHeap 'non-profiled nmethods': size=119168Kb used=29601Kb max_used=29601Kb free=89566Kb
 bounds [0x000001eaed030000, 0x000001eaeed20000, 0x000001eaf4490000]
CodeHeap 'profiled nmethods': size=119104Kb used=49011Kb max_used=49042Kb free=70092Kb
 bounds [0x000001eae5490000, 0x000001eae8500000, 0x000001eaec8e0000]
CodeHeap 'non-nmethods': size=7488Kb used=1485Kb max_used=3293Kb free=6002Kb
 bounds [0x000001eaec8e0000, 0x000001eaecc20000, 0x000001eaed030000]
CodeCache: size=245760Kb, used=80097Kb, max_used=81936Kb, free=165660Kb
 total_blobs=20865, nmethods=20063, adapters=704, full_count=0
Compilation: enabled, stopped_count=0, restarted_count=0

Compilation events (20 events):
Event: 1186.373 Thread 0x000001eae234aae0 nmethod 24207 0x000001eae7732b90 code [0x000001eae7732d20, 0x000001eae7732e28]
Event: 1186.376 Thread 0x000001eae23496e0 nmethod 24205 0x000001eaeed10b90 code [0x000001eaeed10e00, 0x000001eaeed11ee0]
Event: 1205.450 Thread 0x000001eae234aae0 24209       3       java.math.BigInteger::<init> (77 bytes)
Event: 1205.451 Thread 0x000001eae234aae0 nmethod 24209 0x000001eae7732490 code [0x000001eae7732640, 0x000001eae7732a40]
Event: 1205.451 Thread 0x000001eae234aae0 24210       3       org.eclipse.core.internal.utils.StringPool::add (50 bytes)
Event: 1205.451 Thread 0x000001eae234aae0 nmethod 24210 0x000001eae7731c10 code [0x000001eae7731e00, 0x000001eae77322d0]
Event: 1205.451 Thread 0x000001eae234aae0 24212       3       org.eclipse.core.internal.dtree.AbstractDataTreeNode::storeStrings (42 bytes)
Event: 1205.452 Thread 0x000001eae234aae0 nmethod 24212 0x000001eae7731510 code [0x000001eae77316e0, 0x000001eae7731a58]
Event: 1205.452 Thread 0x000001eae234aae0 24211       3       org.eclipse.core.internal.dtree.DataTreeNode::storeStrings (28 bytes)
Event: 1205.452 Thread 0x000001eae234aae0 nmethod 24211 0x000001eae7730d90 code [0x000001eae7730f60, 0x000001eae77313e0]
Event: 1205.452 Thread 0x000001eae23496e0 24213       4       java.util.HashMap$Node::setValue (12 bytes)
Event: 1205.453 Thread 0x000001eae23496e0 nmethod 24213 0x000001eaeed12910 code [0x000001eaeed12aa0, 0x000001eaeed12b48]
Event: 1205.453 Thread 0x000001eae23496e0 24214       4       org.eclipse.core.internal.dtree.AbstractDataTreeNode::storeStrings (42 bytes)
Event: 1205.453 Thread 0x000001eae234aae0 24217       3       org.eclipse.core.internal.resources.MarkerSet::shareStrings (57 bytes)
Event: 1205.453 Thread 0x000001eae234aae0 nmethod 24217 0x000001eae7730490 code [0x000001eae7730660, 0x000001eae7730bd0]
Event: 1205.471 Thread 0x000001eae23496e0 nmethod 24214 0x000001eaeed12c10 code [0x000001eaeed13060, 0x000001eaeed15330]
Event: 1205.471 Thread 0x000001eae23496e0 24215       4       org.eclipse.core.internal.utils.StringPool::add (50 bytes)
Event: 1205.478 Thread 0x000001eae23496e0 nmethod 24215 0x000001eaeed16a10 code [0x000001eaeed16c80, 0x000001eaeed177f0]
Event: 1205.478 Thread 0x000001eae23496e0 24216       4       org.eclipse.core.internal.dtree.DataTreeNode::storeStrings (28 bytes)
Event: 1205.479 Thread 0x000001eae23496e0 nmethod 24216 0x000001eaeed17f90 code [0x000001eaeed18180, 0x000001eaeed18438]

GC Heap History (20 events):
Event: 1182.253 GC heap before
{Heap before GC invocations=2190 (full 5):
 PSYoungGen      total 3072K, used 2976K [0x00000000d5580000, 0x00000000d5900000, 0x0000000100000000)
  eden space 2560K, 100% used [0x00000000d5580000,0x00000000d5800000,0x00000000d5800000)
  from space 512K, 81% used [0x00000000d5880000,0x00000000d58e8020,0x00000000d5900000)
  to   space 512K, 0% used [0x00000000d5800000,0x00000000d5800000,0x00000000d5880000)
 ParOldGen       total 645120K, used 367967K [0x0000000080000000, 0x00000000a7600000, 0x00000000d5580000)
  object space 645120K, 57% used [0x0000000080000000,0x0000000096757f40,0x00000000a7600000)
 Metaspace       used 79871K, committed 81664K, reserved 1179648K
  class space    used 7853K, committed 8704K, reserved 1048576K
}
Event: 1182.253 GC heap after
{Heap after GC invocations=2190 (full 5):
 PSYoungGen      total 3072K, used 448K [0x00000000d5580000, 0x00000000d5980000, 0x0000000100000000)
  eden space 2560K, 0% used [0x00000000d5580000,0x00000000d5580000,0x00000000d5800000)
  from space 512K, 87% used [0x00000000d5800000,0x00000000d5870000,0x00000000d5880000)
  to   space 512K, 0% used [0x00000000d5900000,0x00000000d5900000,0x00000000d5980000)
 ParOldGen       total 645120K, used 368095K [0x0000000080000000, 0x00000000a7600000, 0x00000000d5580000)
  object space 645120K, 57% used [0x0000000080000000,0x0000000096777f60,0x00000000a7600000)
 Metaspace       used 79871K, committed 81664K, reserved 1179648K
  class space    used 7853K, committed 8704K, reserved 1048576K
}
Event: 1182.258 GC heap before
{Heap before GC invocations=2191 (full 5):
 PSYoungGen      total 3072K, used 3008K [0x00000000d5580000, 0x00000000d5980000, 0x0000000100000000)
  eden space 2560K, 100% used [0x00000000d5580000,0x00000000d5800000,0x00000000d5800000)
  from space 512K, 87% used [0x00000000d5800000,0x00000000d5870000,0x00000000d5880000)
  to   space 512K, 0% used [0x00000000d5900000,0x00000000d5900000,0x00000000d5980000)
 ParOldGen       total 645120K, used 368095K [0x0000000080000000, 0x00000000a7600000, 0x00000000d5580000)
  object space 645120K, 57% used [0x0000000080000000,0x0000000096777f60,0x00000000a7600000)
 Metaspace       used 79872K, committed 81664K, reserved 1179648K
  class space    used 7853K, committed 8704K, reserved 1048576K
}
Event: 1182.259 GC heap after
{Heap after GC invocations=2191 (full 5):
 PSYoungGen      total 3072K, used 512K [0x00000000d5580000, 0x00000000d5a00000, 0x0000000100000000)
  eden space 2560K, 0% used [0x00000000d5580000,0x00000000d5580000,0x00000000d5800000)
  from space 512K, 100% used [0x00000000d5900000,0x00000000d5980000,0x00000000d5980000)
  to   space 1024K, 0% used [0x00000000d5800000,0x00000000d5800000,0x00000000d5900000)
 ParOldGen       total 645120K, used 368399K [0x0000000080000000, 0x00000000a7600000, 0x00000000d5580000)
  object space 645120K, 57% used [0x0000000080000000,0x00000000967c3f80,0x00000000a7600000)
 Metaspace       used 79872K, committed 81664K, reserved 1179648K
  class space    used 7853K, committed 8704K, reserved 1048576K
}
Event: 1182.264 GC heap before
{Heap before GC invocations=2192 (full 5):
 PSYoungGen      total 3072K, used 3072K [0x00000000d5580000, 0x00000000d5a00000, 0x0000000100000000)
  eden space 2560K, 100% used [0x00000000d5580000,0x00000000d5800000,0x00000000d5800000)
  from space 512K, 100% used [0x00000000d5900000,0x00000000d5980000,0x00000000d5980000)
  to   space 1024K, 0% used [0x00000000d5800000,0x00000000d5800000,0x00000000d5900000)
 ParOldGen       total 645120K, used 368399K [0x0000000080000000, 0x00000000a7600000, 0x00000000d5580000)
  object space 645120K, 57% used [0x0000000080000000,0x00000000967c3f80,0x00000000a7600000)
 Metaspace       used 79875K, committed 81664K, reserved 1179648K
  class space    used 7853K, committed 8704K, reserved 1048576K
}
Event: 1182.265 GC heap after
{Heap after GC invocations=2192 (full 5):
 PSYoungGen      total 3584K, used 750K [0x00000000d5580000, 0x00000000d5a00000, 0x0000000100000000)
  eden space 2560K, 0% used [0x00000000d5580000,0x00000000d5580000,0x00000000d5800000)
  from space 1024K, 73% used [0x00000000d5800000,0x00000000d58bba68,0x00000000d5900000)
  to   space 1024K, 0% used [0x00000000d5900000,0x00000000d5900000,0x00000000d5a00000)
 ParOldGen       total 645120K, used 368811K [0x0000000080000000, 0x00000000a7600000, 0x00000000d5580000)
  object space 645120K, 57% used [0x0000000080000000,0x000000009682afa0,0x00000000a7600000)
 Metaspace       used 79875K, committed 81664K, reserved 1179648K
  class space    used 7853K, committed 8704K, reserved 1048576K
}
Event: 1182.543 GC heap before
{Heap before GC invocations=2193 (full 5):
 PSYoungGen      total 3584K, used 3310K [0x00000000d5580000, 0x00000000d5a00000, 0x0000000100000000)
  eden space 2560K, 100% used [0x00000000d5580000,0x00000000d5800000,0x00000000d5800000)
  from space 1024K, 73% used [0x00000000d5800000,0x00000000d58bba68,0x00000000d5900000)
  to   space 1024K, 0% used [0x00000000d5900000,0x00000000d5900000,0x00000000d5a00000)
 ParOldGen       total 645120K, used 368811K [0x0000000080000000, 0x00000000a7600000, 0x00000000d5580000)
  object space 645120K, 57% used [0x0000000080000000,0x000000009682afa0,0x00000000a7600000)
 Metaspace       used 79885K, committed 81664K, reserved 1179648K
  class space    used 7853K, committed 8704K, reserved 1048576K
}
Event: 1182.544 GC heap after
{Heap after GC invocations=2193 (full 5):
 PSYoungGen      total 3584K, used 512K [0x00000000d5580000, 0x00000000d5a00000, 0x0000000100000000)
  eden space 2560K, 0% used [0x00000000d5580000,0x00000000d5580000,0x00000000d5800000)
  from space 1024K, 50% used [0x00000000d5900000,0x00000000d5980000,0x00000000d5a00000)
  to   space 1024K, 0% used [0x00000000d5800000,0x00000000d5800000,0x00000000d5900000)
 ParOldGen       total 645120K, used 369306K [0x0000000080000000, 0x00000000a7600000, 0x00000000d5580000)
  object space 645120K, 57% used [0x0000000080000000,0x00000000968a6a08,0x00000000a7600000)
 Metaspace       used 79885K, committed 81664K, reserved 1179648K
  class space    used 7853K, committed 8704K, reserved 1048576K
}
Event: 1182.553 GC heap before
{Heap before GC invocations=2194 (full 5):
 PSYoungGen      total 3584K, used 3072K [0x00000000d5580000, 0x00000000d5a00000, 0x0000000100000000)
  eden space 2560K, 100% used [0x00000000d5580000,0x00000000d5800000,0x00000000d5800000)
  from space 1024K, 50% used [0x00000000d5900000,0x00000000d5980000,0x00000000d5a00000)
  to   space 1024K, 0% used [0x00000000d5800000,0x00000000d5800000,0x00000000d5900000)
 ParOldGen       total 645120K, used 369306K [0x0000000080000000, 0x00000000a7600000, 0x00000000d5580000)
  object space 645120K, 57% used [0x0000000080000000,0x00000000968a6a08,0x00000000a7600000)
 Metaspace       used 79895K, committed 81664K, reserved 1179648K
  class space    used 7853K, committed 8704K, reserved 1048576K
}
Event: 1182.554 GC heap after
{Heap after GC invocations=2194 (full 5):
 PSYoungGen      total 3584K, used 503K [0x00000000d5580000, 0x00000000d5a00000, 0x0000000100000000)
  eden space 2560K, 0% used [0x00000000d5580000,0x00000000d5580000,0x00000000d5800000)
  from space 1024K, 49% used [0x00000000d5800000,0x00000000d587dec0,0x00000000d5900000)
  to   space 1024K, 0% used [0x00000000d5900000,0x00000000d5900000,0x00000000d5a00000)
 ParOldGen       total 645120K, used 369554K [0x0000000080000000, 0x00000000a7600000, 0x00000000d5580000)
  object space 645120K, 57% used [0x0000000080000000,0x00000000968e49e8,0x00000000a7600000)
 Metaspace       used 79895K, committed 81664K, reserved 1179648K
  class space    used 7853K, committed 8704K, reserved 1048576K
}
Event: 1182.563 GC heap before
{Heap before GC invocations=2195 (full 5):
 PSYoungGen      total 3584K, used 3063K [0x00000000d5580000, 0x00000000d5a00000, 0x0000000100000000)
  eden space 2560K, 100% used [0x00000000d5580000,0x00000000d5800000,0x00000000d5800000)
  from space 1024K, 49% used [0x00000000d5800000,0x00000000d587dec0,0x00000000d5900000)
  to   space 1024K, 0% used [0x00000000d5900000,0x00000000d5900000,0x00000000d5a00000)
 ParOldGen       total 645120K, used 369554K [0x0000000080000000, 0x00000000a7600000, 0x00000000d5580000)
  object space 645120K, 57% used [0x0000000080000000,0x00000000968e49e8,0x00000000a7600000)
 Metaspace       used 80022K, committed 81792K, reserved 1179648K
  class space    used 7853K, committed 8704K, reserved 1048576K
}
Event: 1182.563 GC heap after
{Heap after GC invocations=2195 (full 5):
 PSYoungGen      total 3072K, used 384K [0x00000000d5580000, 0x00000000d5980000, 0x0000000100000000)
  eden space 2560K, 0% used [0x00000000d5580000,0x00000000d5580000,0x00000000d5800000)
  from space 512K, 75% used [0x00000000d5900000,0x00000000d5960000,0x00000000d5980000)
  to   space 512K, 0% used [0x00000000d5880000,0x00000000d5880000,0x00000000d5900000)
 ParOldGen       total 645120K, used 369857K [0x0000000080000000, 0x00000000a7600000, 0x00000000d5580000)
  object space 645120K, 57% used [0x0000000080000000,0x0000000096930628,0x00000000a7600000)
 Metaspace       used 80022K, committed 81792K, reserved 1179648K
  class space    used 7853K, committed 8704K, reserved 1048576K
}
Event: 1182.571 GC heap before
{Heap before GC invocations=2196 (full 5):
 PSYoungGen      total 3072K, used 2944K [0x00000000d5580000, 0x00000000d5980000, 0x0000000100000000)
  eden space 2560K, 100% used [0x00000000d5580000,0x00000000d5800000,0x00000000d5800000)
  from space 512K, 75% used [0x00000000d5900000,0x00000000d5960000,0x00000000d5980000)
  to   space 512K, 0% used [0x00000000d5880000,0x00000000d5880000,0x00000000d5900000)
 ParOldGen       total 645120K, used 369857K [0x0000000080000000, 0x00000000a7600000, 0x00000000d5580000)
  object space 645120K, 57% used [0x0000000080000000,0x0000000096930628,0x00000000a7600000)
 Metaspace       used 80031K, committed 81792K, reserved 1179648K
  class space    used 7853K, committed 8704K, reserved 1048576K
}
Event: 1182.572 GC heap after
{Heap after GC invocations=2196 (full 5):
 PSYoungGen      total 3072K, used 384K [0x00000000d5580000, 0x00000000d5980000, 0x0000000100000000)
  eden space 2560K, 0% used [0x00000000d5580000,0x00000000d5580000,0x00000000d5800000)
  from space 512K, 75% used [0x00000000d5880000,0x00000000d58e0000,0x00000000d5900000)
  to   space 512K, 0% used [0x00000000d5900000,0x00000000d5900000,0x00000000d5980000)
 ParOldGen       total 645120K, used 369937K [0x0000000080000000, 0x00000000a7600000, 0x00000000d5580000)
  object space 645120K, 57% used [0x0000000080000000,0x0000000096944628,0x00000000a7600000)
 Metaspace       used 80031K, committed 81792K, reserved 1179648K
  class space    used 7853K, committed 8704K, reserved 1048576K
}
Event: 1182.579 GC heap before
{Heap before GC invocations=2197 (full 5):
 PSYoungGen      total 3072K, used 2944K [0x00000000d5580000, 0x00000000d5980000, 0x0000000100000000)
  eden space 2560K, 100% used [0x00000000d5580000,0x00000000d5800000,0x00000000d5800000)
  from space 512K, 75% used [0x00000000d5880000,0x00000000d58e0000,0x00000000d5900000)
  to   space 512K, 0% used [0x00000000d5900000,0x00000000d5900000,0x00000000d5980000)
 ParOldGen       total 645120K, used 369937K [0x0000000080000000, 0x00000000a7600000, 0x00000000d5580000)
  object space 645120K, 57% used [0x0000000080000000,0x0000000096944628,0x00000000a7600000)
 Metaspace       used 80055K, committed 81792K, reserved 1179648K
  class space    used 7853K, committed 8704K, reserved 1048576K
}
Event: 1182.580 GC heap after
{Heap after GC invocations=2197 (full 5):
 PSYoungGen      total 3072K, used 384K [0x00000000d5580000, 0x00000000d5980000, 0x0000000100000000)
  eden space 2560K, 0% used [0x00000000d5580000,0x00000000d5580000,0x00000000d5800000)
  from space 512K, 75% used [0x00000000d5900000,0x00000000d5960000,0x00000000d5980000)
  to   space 512K, 0% used [0x00000000d5880000,0x00000000d5880000,0x00000000d5900000)
 ParOldGen       total 645120K, used 370009K [0x0000000080000000, 0x00000000a7600000, 0x00000000d5580000)
  object space 645120K, 57% used [0x0000000080000000,0x0000000096956628,0x00000000a7600000)
 Metaspace       used 80055K, committed 81792K, reserved 1179648K
  class space    used 7853K, committed 8704K, reserved 1048576K
}
Event: 1182.587 GC heap before
{Heap before GC invocations=2198 (full 5):
 PSYoungGen      total 3072K, used 2944K [0x00000000d5580000, 0x00000000d5980000, 0x0000000100000000)
  eden space 2560K, 100% used [0x00000000d5580000,0x00000000d5800000,0x00000000d5800000)
  from space 512K, 75% used [0x00000000d5900000,0x00000000d5960000,0x00000000d5980000)
  to   space 512K, 0% used [0x00000000d5880000,0x00000000d5880000,0x00000000d5900000)
 ParOldGen       total 645120K, used 370009K [0x0000000080000000, 0x00000000a7600000, 0x00000000d5580000)
  object space 645120K, 57% used [0x0000000080000000,0x0000000096956628,0x00000000a7600000)
 Metaspace       used 80057K, committed 81792K, reserved 1179648K
  class space    used 7853K, committed 8704K, reserved 1048576K
}
Event: 1182.587 GC heap after
{Heap after GC invocations=2198 (full 5):
 PSYoungGen      total 3072K, used 256K [0x00000000d5580000, 0x00000000d5980000, 0x0000000100000000)
  eden space 2560K, 0% used [0x00000000d5580000,0x00000000d5580000,0x00000000d5800000)
  from space 512K, 50% used [0x00000000d5880000,0x00000000d58c0000,0x00000000d5900000)
  to   space 512K, 0% used [0x00000000d5900000,0x00000000d5900000,0x00000000d5980000)
 ParOldGen       total 645120K, used 370081K [0x0000000080000000, 0x00000000a7600000, 0x00000000d5580000)
  object space 645120K, 57% used [0x0000000080000000,0x0000000096968628,0x00000000a7600000)
 Metaspace       used 80057K, committed 81792K, reserved 1179648K
  class space    used 7853K, committed 8704K, reserved 1048576K
}
Event: 1186.363 GC heap before
{Heap before GC invocations=2199 (full 5):
 PSYoungGen      total 3072K, used 2807K [0x00000000d5580000, 0x00000000d5980000, 0x0000000100000000)
  eden space 2560K, 99% used [0x00000000d5580000,0x00000000d57fdf48,0x00000000d5800000)
  from space 512K, 50% used [0x00000000d5880000,0x00000000d58c0000,0x00000000d5900000)
  to   space 512K, 0% used [0x00000000d5900000,0x00000000d5900000,0x00000000d5980000)
 ParOldGen       total 645120K, used 370081K [0x0000000080000000, 0x00000000a7600000, 0x00000000d5580000)
  object space 645120K, 57% used [0x0000000080000000,0x0000000096968628,0x00000000a7600000)
 Metaspace       used 80085K, committed 81856K, reserved 1179648K
  class space    used 7853K, committed 8704K, reserved 1048576K
}
Event: 1186.363 GC heap after
{Heap after GC invocations=2199 (full 5):
 PSYoungGen      total 3072K, used 500K [0x00000000d5580000, 0x00000000d5a00000, 0x0000000100000000)
  eden space 2560K, 0% used [0x00000000d5580000,0x00000000d5580000,0x00000000d5800000)
  from space 512K, 97% used [0x00000000d5900000,0x00000000d597d0e0,0x00000000d5980000)
  to   space 1024K, 0% used [0x00000000d5800000,0x00000000d5800000,0x00000000d5900000)
 ParOldGen       total 645120K, used 370253K [0x0000000080000000, 0x00000000a7600000, 0x00000000d5580000)
  object space 645120K, 57% used [0x0000000080000000,0x0000000096993708,0x00000000a7600000)
 Metaspace       used 80085K, committed 81856K, reserved 1179648K
  class space    used 7853K, committed 8704K, reserved 1048576K
}

Dll operation events (10 events):
Event: 0.010 Loaded shared library c:\Users\Akanksha.Surve\.antigravity\extensions\redhat.java-1.54.0-win32-x64\jre\21.0.10-win32-x86_64\bin\java.dll
Event: 0.049 Loaded shared library c:\Users\Akanksha.Surve\.antigravity\extensions\redhat.java-1.54.0-win32-x64\jre\21.0.10-win32-x86_64\bin\zip.dll
Event: 0.064 Loaded shared library C:\Users\Akanksha.Surve\.antigravity\extensions\redhat.java-1.54.0-win32-x64\jre\21.0.10-win32-x86_64\bin\instrument.dll
Event: 0.069 Loaded shared library C:\Users\Akanksha.Surve\.antigravity\extensions\redhat.java-1.54.0-win32-x64\jre\21.0.10-win32-x86_64\bin\net.dll
Event: 0.071 Loaded shared library C:\Users\Akanksha.Surve\.antigravity\extensions\redhat.java-1.54.0-win32-x64\jre\21.0.10-win32-x86_64\bin\nio.dll
Event: 0.073 Loaded shared library C:\Users\Akanksha.Surve\.antigravity\extensions\redhat.java-1.54.0-win32-x64\jre\21.0.10-win32-x86_64\bin\zip.dll
Event: 0.086 Loaded shared library C:\Users\Akanksha.Surve\.antigravity\extensions\redhat.java-1.54.0-win32-x64\jre\21.0.10-win32-x86_64\bin\jimage.dll
Event: 0.135 Loaded shared library c:\Users\Akanksha.Surve\.antigravity\extensions\redhat.java-1.54.0-win32-x64\jre\21.0.10-win32-x86_64\bin\verify.dll
Event: 1.709 Loaded shared library C:\Users\Akanksha.Surve\AppData\Roaming\Antigravity\User\globalStorage\redhat.java\1.54.0\config_win\org.eclipse.equinox.launcher\org.eclipse.equinox.launcher.win32.win32.x86_64_1.3.0.v20260203-2149\eclipse_11919.dll
Event: 5.293 Loaded shared library C:\Users\Akanksha.Surve\AppData\Local\Temp\jna-907455049\jna3819145431756457747.dll

Deoptimization events (20 events):
Event: 1180.645 Thread 0x000001eacb4820c0 Uncommon trap: trap_request=0xffffffde fr.pc=0x000001eaed66e898 relative=0x0000000000000078
Event: 1180.645 Thread 0x000001eacb4820c0 Uncommon trap: reason=class_check action=maybe_recompile pc=0x000001eaed66e898 method=java.util.LinkedHashMap.afterNodeInsertion(Z)V @ 15 c2
Event: 1180.645 Thread 0x000001eacb4820c0 DEOPT PACKING pc=0x000001eaed66e898 sp=0x0000002b829feb40
Event: 1180.645 Thread 0x000001eacb4820c0 DEOPT UNPACKING pc=0x000001eaec933aa2 sp=0x0000002b829feab8 mode 2
Event: 1182.547 Thread 0x000001eacb4820c0 Uncommon trap: trap_request=0xffffff45 fr.pc=0x000001eaeecbdfb0 relative=0x0000000000000990
Event: 1182.547 Thread 0x000001eacb4820c0 Uncommon trap: reason=unstable_if action=reinterpret pc=0x000001eaeecbdfb0 method=org.eclipse.jdt.internal.core.dom.rewrite.RewriteEventStore.getEvent(Lorg/eclipse/jdt/core/dom/ASTNode;Lorg/eclipse/jdt/core/dom/StructuralPropertyDescriptor;)Lorg/eclipse/j
Event: 1182.547 Thread 0x000001eacb4820c0 DEOPT PACKING pc=0x000001eaeecbdfb0 sp=0x0000002b829fe3f0
Event: 1182.547 Thread 0x000001eacb4820c0 DEOPT UNPACKING pc=0x000001eaec933aa2 sp=0x0000002b829fe3a0 mode 2
Event: 1205.450 Thread 0x000001eacb47b7c0 Uncommon trap: trap_request=0xffffff45 fr.pc=0x000001eaed9c1a44 relative=0x0000000000000ac4
Event: 1205.450 Thread 0x000001eacb47b7c0 Uncommon trap: reason=unstable_if action=reinterpret pc=0x000001eaed9c1a44 method=org.eclipse.core.internal.utils.StringPool.add(Ljava/lang/String;)Ljava/lang/String; @ 1 c2
Event: 1205.450 Thread 0x000001eacb47b7c0 DEOPT PACKING pc=0x000001eaed9c1a44 sp=0x0000002b800fefd0
Event: 1205.450 Thread 0x000001eacb47b7c0 DEOPT UNPACKING pc=0x000001eaec933aa2 sp=0x0000002b800fefa8 mode 2
Event: 1205.450 Thread 0x000001eacb47b7c0 Uncommon trap: trap_request=0xffffff45 fr.pc=0x000001eaed9c01a4 relative=0x0000000000000304
Event: 1205.450 Thread 0x000001eacb47b7c0 Uncommon trap: reason=unstable_if action=reinterpret pc=0x000001eaed9c01a4 method=org.eclipse.core.internal.dtree.DataTreeNode.storeStrings(Lorg/eclipse/core/internal/utils/StringPool;)V @ 14 c2
Event: 1205.450 Thread 0x000001eacb47b7c0 DEOPT PACKING pc=0x000001eaed9c01a4 sp=0x0000002b800ff050
Event: 1205.450 Thread 0x000001eacb47b7c0 DEOPT UNPACKING pc=0x000001eaec933aa2 sp=0x0000002b800ff028 mode 2
Event: 1205.450 Thread 0x000001eacb47b7c0 Uncommon trap: trap_request=0xffffff45 fr.pc=0x000001eaed9be1fc relative=0x000000000000209c
Event: 1205.450 Thread 0x000001eacb47b7c0 Uncommon trap: reason=unstable_if action=reinterpret pc=0x000001eaed9be1fc method=org.eclipse.core.internal.utils.StringPool.add(Ljava/lang/String;)Ljava/lang/String; @ 1 c2
Event: 1205.450 Thread 0x000001eacb47b7c0 DEOPT PACKING pc=0x000001eaed9be1fc sp=0x0000002b800fefa0
Event: 1205.451 Thread 0x000001eacb47b7c0 DEOPT UNPACKING pc=0x000001eaec933aa2 sp=0x0000002b800fef38 mode 2

Classes loaded (20 events):
Event: 421.172 Loading class java/util/stream/Nodes$ConcNode
Event: 421.172 Loading class java/util/stream/Nodes$AbstractConcNode
Event: 421.172 Loading class java/util/stream/Nodes$AbstractConcNode done
Event: 421.172 Loading class java/util/stream/Nodes$ConcNode done
Event: 421.185 Loading class java/util/stream/Nodes$ToArrayTask$OfRef
Event: 421.185 Loading class java/util/stream/Nodes$ToArrayTask
Event: 421.185 Loading class java/util/stream/Nodes$ToArrayTask done
Event: 421.185 Loading class java/util/stream/Nodes$ToArrayTask$OfRef done
Event: 421.188 Loading class java/io/ObjectOutputStream$BlockDataOutputStream
Event: 421.189 Loading class java/io/ObjectOutputStream$BlockDataOutputStream done
Event: 421.189 Loading class java/io/ObjectOutputStream$HandleTable
Event: 421.189 Loading class java/io/ObjectOutputStream$HandleTable done
Event: 421.189 Loading class java/io/ObjectOutputStream$ReplaceTable
Event: 421.189 Loading class java/io/ObjectOutputStream$ReplaceTable done
Event: 981.998 Loading class jdk/internal/module/IllegalAccessLogger
Event: 981.998 Loading class jdk/internal/module/IllegalAccessLogger done
Event: 1180.456 Loading class java/util/regex/Pattern$Behind
Event: 1180.456 Loading class java/util/regex/Pattern$Behind done
Event: 1180.456 Loading class java/util/regex/Pattern$Neg
Event: 1180.456 Loading class java/util/regex/Pattern$Neg done

Classes unloaded (14 events):
Event: 5.618 Thread 0x000001eae232f890 Unloading class 0x000001ea811a8c00 'java/lang/invoke/LambdaForm$MH+0x000001ea811a8c00'
Event: 5.618 Thread 0x000001eae232f890 Unloading class 0x000001ea811a8800 'java/lang/invoke/LambdaForm$MH+0x000001ea811a8800'
Event: 5.618 Thread 0x000001eae232f890 Unloading class 0x000001ea811a8400 'java/lang/invoke/LambdaForm$MH+0x000001ea811a8400'
Event: 5.618 Thread 0x000001eae232f890 Unloading class 0x000001ea811a8000 'java/lang/invoke/LambdaForm$MH+0x000001ea811a8000'
Event: 5.618 Thread 0x000001eae232f890 Unloading class 0x000001ea811a7c00 'java/lang/invoke/LambdaForm$BMH+0x000001ea811a7c00'
Event: 5.618 Thread 0x000001eae232f890 Unloading class 0x000001ea811a7800 'java/lang/invoke/LambdaForm$DMH+0x000001ea811a7800'
Event: 5.618 Thread 0x000001eae232f890 Unloading class 0x000001ea811a6400 'java/lang/invoke/LambdaForm$DMH+0x000001ea811a6400'
Event: 19.183 Thread 0x000001eae232f890 Unloading class 0x000001ea8175a000 'java/lang/invoke/LambdaForm$MH+0x000001ea8175a000'
Event: 19.183 Thread 0x000001eae232f890 Unloading class 0x000001ea81759800 'java/lang/invoke/LambdaForm$MH+0x000001ea81759800'
Event: 19.183 Thread 0x000001eae232f890 Unloading class 0x000001ea81759400 'java/lang/invoke/LambdaForm$MH+0x000001ea81759400'
Event: 19.183 Thread 0x000001eae232f890 Unloading class 0x000001ea81758800 'java/lang/invoke/LambdaForm$MH+0x000001ea81758800'
Event: 19.183 Thread 0x000001eae232f890 Unloading class 0x000001ea8171d000 'java/lang/invoke/LambdaForm$DMH+0x000001ea8171d000'
Event: 19.183 Thread 0x000001eae232f890 Unloading class 0x000001ea8171c800 'java/lang/invoke/LambdaForm$DMH+0x000001ea8171c800'
Event: 19.183 Thread 0x000001eae232f890 Unloading class 0x000001ea8171cc00 'java/lang/invoke/LambdaForm$DMH+0x000001ea8171cc00'

Classes redefined (0 events):
No events

Internal exceptions (20 events):
Event: 421.181 Thread 0x000001eac82b11d0 Exception <a 'sun/nio/fs/WindowsException'{0x00000000d578d838}> (0x00000000d578d838) 
thrown [s\src\hotspot\share\prims\jni.cpp, line 520]
Event: 421.181 Thread 0x000001eac82b11d0 Exception <a 'sun/nio/fs/WindowsException'{0x00000000d578f118}> (0x00000000d578f118) 
thrown [s\src\hotspot\share\prims\jni.cpp, line 520]
Event: 421.181 Thread 0x000001eac82b11d0 Exception <a 'sun/nio/fs/WindowsException'{0x00000000d578fc68}> (0x00000000d578fc68) 
thrown [s\src\hotspot\share\prims\jni.cpp, line 520]
Event: 421.182 Thread 0x000001eac82b11d0 Exception <a 'sun/nio/fs/WindowsException'{0x00000000d5791590}> (0x00000000d5791590) 
thrown [s\src\hotspot\share\prims\jni.cpp, line 520]
Event: 421.182 Thread 0x000001eac82b11d0 Exception <a 'sun/nio/fs/WindowsException'{0x00000000d57920d8}> (0x00000000d57920d8) 
thrown [s\src\hotspot\share\prims\jni.cpp, line 520]
Event: 421.182 Thread 0x000001eac82b11d0 Exception <a 'sun/nio/fs/WindowsException'{0x00000000d57939b8}> (0x00000000d57939b8) 
thrown [s\src\hotspot\share\prims\jni.cpp, line 520]
Event: 421.182 Thread 0x000001eac82b11d0 Exception <a 'sun/nio/fs/WindowsException'{0x00000000d57942b8}> (0x00000000d57942b8) 
thrown [s\src\hotspot\share\prims\jni.cpp, line 520]
Event: 421.182 Thread 0x000001eac82b11d0 Exception <a 'sun/nio/fs/WindowsException'{0x00000000d5796078}> (0x00000000d5796078) 
thrown [s\src\hotspot\share\prims\jni.cpp, line 520]
Event: 421.182 Thread 0x000001eac82b11d0 Exception <a 'sun/nio/fs/WindowsException'{0x00000000d5796978}> (0x00000000d5796978) 
thrown [s\src\hotspot\share\prims\jni.cpp, line 520]
Event: 421.182 Thread 0x000001eac82b11d0 Exception <a 'sun/nio/fs/WindowsException'{0x00000000d5798450}> (0x00000000d5798450) 
thrown [s\src\hotspot\share\prims\jni.cpp, line 520]
Event: 421.182 Thread 0x000001eac82b11d0 Exception <a 'sun/nio/fs/WindowsException'{0x00000000d5798d50}> (0x00000000d5798d50) 
thrown [s\src\hotspot\share\prims\jni.cpp, line 520]
Event: 421.209 Thread 0x000001eac82b11d0 Exception <a 'java/lang/NoSuchMethodError'{0x00000000d568fa70}: static [J.<clinit>()V> (0x00000000d568fa70) 
thrown [s\src\hotspot\share\prims\jni.cpp, line 1111]
Event: 421.221 Thread 0x000001eac82b11d0 Exception <a 'java/lang/NoSuchMethodError'{0x00000000d570fdf0}: 'java.lang.Object java.lang.invoke.DirectMethodHandle$Holder.newInvokeSpecial(java.lang.Object, java.lang.Object, java.lang.Object, java.lang.Object, java.lang.Object, java.lang.Object, java.lang.Object, java.lang.Object)'> (0x00000000d570fdf0) 
thrown [s\src\hotspot\share\interpreter\linkResolver.cpp, line 773]
Event: 981.824 Thread 0x000001eac54da020 Exception <a 'sun/nio/fs/WindowsException'{0x00000000d55f18b0}> (0x00000000d55f18b0) 
thrown [s\src\hotspot\share\prims\jni.cpp, line 520]
Event: 982.025 Thread 0x000001eac54da020 Exception <a 'sun/nio/fs/WindowsException'{0x00000000d5604490}> (0x00000000d5604490) 
thrown [s\src\hotspot\share\prims\jni.cpp, line 520]
Event: 1180.414 Thread 0x000001eacb47cb70 Exception <a 'java/lang/NoSuchMethodError'{0x00000000d56e8640}: 'void java.lang.invoke.DirectMethodHandle$Holder.invokeSpecial(java.lang.Object, java.lang.Object, int)'> (0x00000000d56e8640) 
thrown [s\src\hotspot\share\interpreter\linkResolver.cpp, line 773]
Event: 1180.494 Thread 0x000001eacb47cb70 Exception <a 'java/lang/NoSuchMethodError'{0x00000000d56d6400}: 'int java.lang.invoke.DirectMethodHandle$Holder.invokeVirtual(java.lang.Object, java.lang.Object, java.lang.Object, int)'> (0x00000000d56d6400) 
thrown [s\src\hotspot\share\interpreter\linkResolver.cpp, line 773]
Event: 1182.547 Thread 0x000001eacb4820c0 Implicit null exception at 0x000001eaeecbd7c0 to 0x000001eaeecbdf9c
Event: 1205.450 Thread 0x000001eacb47b7c0 Implicit null exception at 0x000001eaed9c0fc4 to 0x000001eaed9c1a30
Event: 1205.450 Thread 0x000001eacb47b7c0 Implicit null exception at 0x000001eaed9bc1ad to 0x000001eaed9be1e8

ZGC Phase Switch (0 events):
No events

VM Operations (20 events):
Event: 1182.571 Executing safepoint VM operation: ParallelGCFailedAllocation (Allocation Failure)
Event: 1182.572 Executing safepoint VM operation: ParallelGCFailedAllocation (Allocation Failure) done
Event: 1182.579 Executing safepoint VM operation: ParallelGCFailedAllocation (Allocation Failure)
Event: 1182.580 Executing safepoint VM operation: ParallelGCFailedAllocation (Allocation Failure) done
Event: 1182.587 Executing safepoint VM operation: ParallelGCFailedAllocation (Allocation Failure)
Event: 1182.587 Executing safepoint VM operation: ParallelGCFailedAllocation (Allocation Failure) done
Event: 1183.587 Executing safepoint VM operation: Cleanup
Event: 1183.587 Executing safepoint VM operation: Cleanup done
Event: 1186.363 Executing safepoint VM operation: ParallelGCFailedAllocation (Allocation Failure)
Event: 1186.363 Executing safepoint VM operation: ParallelGCFailedAllocation (Allocation Failure) done
Event: 1202.432 Executing non-safepoint VM operation: HandshakeAllThreads (HandshakeForDeflation)
Event: 1202.432 Executing non-safepoint VM operation: HandshakeAllThreads (HandshakeForDeflation) done
Event: 1202.432 Executing non-safepoint VM operation: RendezvousGCThreads
Event: 1202.432 Executing non-safepoint VM operation: RendezvousGCThreads done
Event: 1206.437 Executing safepoint VM operation: Cleanup
Event: 1206.437 Executing safepoint VM operation: Cleanup done
Event: 1262.488 Executing non-safepoint VM operation: HandshakeAllThreads (HandshakeForDeflation)
Event: 1262.488 Executing non-safepoint VM operation: HandshakeAllThreads (HandshakeForDeflation) done
Event: 1262.488 Executing non-safepoint VM operation: RendezvousGCThreads
Event: 1262.488 Executing non-safepoint VM operation: RendezvousGCThreads done

Memory protections (0 events):
No events

Nmethod flushes (20 events):
Event: 121.835 Thread 0x000001eae232f890 flushing  nmethod 0x000001eae790e790
Event: 121.835 Thread 0x000001eae232f890 flushing  nmethod 0x000001eae7920190
Event: 121.835 Thread 0x000001eae232f890 flushing  nmethod 0x000001eae7920590
Event: 121.835 Thread 0x000001eae232f890 flushing  nmethod 0x000001eae7920f10
Event: 121.835 Thread 0x000001eae232f890 flushing  nmethod 0x000001eae7921310
Event: 121.835 Thread 0x000001eae232f890 flushing  nmethod 0x000001eae7921610
Event: 121.835 Thread 0x000001eae232f890 flushing  nmethod 0x000001eae7928910
Event: 121.835 Thread 0x000001eae232f890 flushing  nmethod 0x000001eae7938010
Event: 121.835 Thread 0x000001eae232f890 flushing  nmethod 0x000001eae795b110
Event: 121.835 Thread 0x000001eae232f890 flushing  nmethod 0x000001eae795c810
Event: 121.835 Thread 0x000001eae232f890 flushing osr nmethod 0x000001eae7990210
Event: 121.835 Thread 0x000001eae232f890 flushing  nmethod 0x000001eae79c6190
Event: 121.835 Thread 0x000001eae232f890 flushing  nmethod 0x000001eae79fb710
Event: 121.835 Thread 0x000001eae232f890 flushing  nmethod 0x000001eae7a44510
Event: 121.835 Thread 0x000001eae232f890 flushing  nmethod 0x000001eae7a44d10
Event: 121.835 Thread 0x000001eae232f890 flushing  nmethod 0x000001eae7a5af10
Event: 121.835 Thread 0x000001eae232f890 flushing  nmethod 0x000001eae7adeb90
Event: 121.835 Thread 0x000001eae232f890 flushing  nmethod 0x000001eae7af4c90
Event: 121.835 Thread 0x000001eae232f890 flushing  nmethod 0x000001eae7afad10
Event: 121.835 Thread 0x000001eae232f890 flushing  nmethod 0x000001eae7b46990

Events (20 events):
Event: 1180.331 Thread 0x000001eae234aae0 Thread added: 0x000001eac6c21930
Event: 1180.337 Thread 0x000001eac6c21930 Thread added: 0x000001eac6c22000
Event: 1180.345 Thread 0x000001eac9cbd640 Thread added: 0x000001eac6c22da0
Event: 1180.475 Thread 0x000001eac66ac680 Thread added: 0x000001eacb480d10
Event: 1180.477 Thread 0x000001eacb480d10 Thread added: 0x000001eacb4820c0
Event: 1182.159 Thread 0x000001eac6c22da0 Thread exited: 0x000001eac6c22da0
Event: 1182.159 Thread 0x000001eac6c22000 Thread exited: 0x000001eac6c22000
Event: 1182.159 Thread 0x000001eac9cbbb00 Thread exited: 0x000001eac9cbbb00
Event: 1182.159 Thread 0x000001eac9cbc8a0 Thread exited: 0x000001eac9cbc8a0
Event: 1182.199 Thread 0x000001eae234aae0 Thread added: 0x000001eaccb72a50
Event: 1182.216 Thread 0x000001eac9cbd640 Thread added: 0x000001eaccb71cb0
Event: 1182.261 Thread 0x000001eac9cbcf70 Thread added: 0x000001eac6c22000
Event: 1182.530 Thread 0x000001eac6c22000 Thread exited: 0x000001eac6c22000
Event: 1182.534 Thread 0x000001eaccb71cb0 Thread exited: 0x000001eaccb71cb0
Event: 1182.536 Thread 0x000001eaccb72a50 Thread exited: 0x000001eaccb72a50
Event: 1183.171 Thread 0x000001eac6c21930 Thread exited: 0x000001eac6c21930
Event: 1183.171 Thread 0x000001eac9cbd640 Thread exited: 0x000001eac9cbd640
Event: 1186.360 Thread 0x000001eac9cbcf70 Thread exited: 0x000001eac9cbcf70
Event: 1246.373 Thread 0x000001eacb4820c0 Thread exited: 0x000001eacb4820c0
Event: 1265.459 Thread 0x000001eacb47d200 Thread exited: 0x000001eacb47d200


Dynamic libraries:
0x00007ff6c26f0000 - 0x00007ff6c26fe000 	c:\Users\Akanksha.Surve\.antigravity\extensions\redhat.java-1.54.0-win32-x64\jre\21.0.10-win32-x86_64\bin\java.exe
0x00007fff7cf80000 - 0x00007fff7d1e8000 	C:\WINDOWS\SYSTEM32\ntdll.dll
0x00007fff7c1b0000 - 0x00007fff7c279000 	C:\WINDOWS\System32\KERNEL32.DLL
0x00007fff7a700000 - 0x00007fff7aaf8000 	C:\WINDOWS\System32\KERNELBASE.dll
0x00007fff7a180000 - 0x00007fff7a2cb000 	C:\WINDOWS\System32\ucrtbase.dll
0x00007fff4b320000 - 0x00007fff4b338000 	c:\Users\Akanksha.Surve\.antigravity\extensions\redhat.java-1.54.0-win32-x64\jre\21.0.10-win32-x86_64\bin\jli.dll
0x00007fff7beb0000 - 0x00007fff7c077000 	C:\WINDOWS\System32\USER32.dll
0x00007fff7a4c0000 - 0x00007fff7a4e7000 	C:\WINDOWS\System32\win32u.dll
0x00007fff7c8c0000 - 0x00007fff7c8eb000 	C:\WINDOWS\System32\GDI32.dll
0x00007fff7a390000 - 0x00007fff7a4bc000 	C:\WINDOWS\System32\gdi32full.dll
0x00007fff7a0d0000 - 0x00007fff7a173000 	C:\WINDOWS\System32\msvcp_win.dll
0x00007fff449c0000 - 0x00007fff449de000 	c:\Users\Akanksha.Surve\.antigravity\extensions\redhat.java-1.54.0-win32-x64\jre\21.0.10-win32-x86_64\bin\VCRUNTIME140.dll
0x00007fff794e0000 - 0x00007fff79774000 	C:\WINDOWS\WinSxS\amd64_microsoft.windows.common-controls_6595b64144ccf1df_6.0.26100.7019_none_3e06ffa0e335b8a8\COMCTL32.dll
0x00007fff7c080000 - 0x00007fff7c129000 	C:\WINDOWS\System32\msvcrt.dll
0x00007fff7c280000 - 0x00007fff7c2b1000 	C:\WINDOWS\System32\IMM32.DLL
0x00007fff5dfd0000 - 0x00007fff5dfdc000 	c:\Users\Akanksha.Surve\.antigravity\extensions\redhat.java-1.54.0-win32-x64\jre\21.0.10-win32-x86_64\bin\vcruntime140_1.dll
0x00007fff16780000 - 0x00007fff1680d000 	c:\Users\Akanksha.Surve\.antigravity\extensions\redhat.java-1.54.0-win32-x64\jre\21.0.10-win32-x86_64\bin\msvcp140.dll
0x00007ffec9970000 - 0x00007ffeca711000 	c:\Users\Akanksha.Surve\.antigravity\extensions\redhat.java-1.54.0-win32-x64\jre\21.0.10-win32-x86_64\bin\server\jvm.dll
0x00007fff7c800000 - 0x00007fff7c8b4000 	C:\WINDOWS\System32\ADVAPI32.dll
0x00007fff7b990000 - 0x00007fff7ba36000 	C:\WINDOWS\System32\sechost.dll
0x00007fff7ce20000 - 0x00007fff7cf38000 	C:\WINDOWS\System32\RPCRT4.dll
0x00007fff7c780000 - 0x00007fff7c7f4000 	C:\WINDOWS\System32\WS2_32.dll
0x00007fff79f30000 - 0x00007fff79f8e000 	C:\WINDOWS\SYSTEM32\POWRPROF.dll
0x00007fff738c0000 - 0x00007fff738f5000 	C:\WINDOWS\SYSTEM32\WINMM.dll
0x00007fff6a0a0000 - 0x00007fff6a0ab000 	C:\WINDOWS\SYSTEM32\VERSION.dll
0x00007fff79f10000 - 0x00007fff79f24000 	C:\WINDOWS\SYSTEM32\UMPDC.dll
0x00007fff784c0000 - 0x00007fff784db000 	C:\WINDOWS\SYSTEM32\kernel.appcore.dll
0x00007fff5da60000 - 0x00007fff5da6a000 	c:\Users\Akanksha.Surve\.antigravity\extensions\redhat.java-1.54.0-win32-x64\jre\21.0.10-win32-x86_64\bin\jimage.dll
0x00007fff79890000 - 0x00007fff79ad2000 	C:\WINDOWS\SYSTEM32\DBGHELP.DLL
0x00007fff7c8f0000 - 0x00007fff7cc7b000 	C:\WINDOWS\System32\combase.dll
0x00007fff7baa0000 - 0x00007fff7bb77000 	C:\WINDOWS\System32\OLEAUT32.dll
0x00007fff79780000 - 0x00007fff797bc000 	C:\WINDOWS\SYSTEM32\dbgcore.DLL
0x00007fff7ac70000 - 0x00007fff7ad15000 	C:\WINDOWS\System32\bcryptPrimitives.dll
0x00007fff5d150000 - 0x00007fff5d15f000 	c:\Users\Akanksha.Surve\.antigravity\extensions\redhat.java-1.54.0-win32-x64\jre\21.0.10-win32-x86_64\bin\instrument.dll
0x00007fff44790000 - 0x00007fff447b0000 	c:\Users\Akanksha.Surve\.antigravity\extensions\redhat.java-1.54.0-win32-x64\jre\21.0.10-win32-x86_64\bin\java.dll
0x00007fff7ada0000 - 0x00007fff7b4ef000 	C:\WINDOWS\System32\SHELL32.dll
0x00007fff7ab00000 - 0x00007fff7ac6b000 	C:\WINDOWS\System32\wintypes.dll
0x00007fff77020000 - 0x00007fff7787d000 	C:\WINDOWS\SYSTEM32\windows.storage.dll
0x00007fff7bcf0000 - 0x00007fff7bde2000 	C:\WINDOWS\System32\SHCORE.dll
0x00007fff7c390000 - 0x00007fff7c3f7000 	C:\WINDOWS\System32\shlwapi.dll
0x00007fff79ff0000 - 0x00007fff7a019000 	C:\WINDOWS\SYSTEM32\profapi.dll
0x00007fff21c70000 - 0x00007fff21c88000 	c:\Users\Akanksha.Surve\.antigravity\extensions\redhat.java-1.54.0-win32-x64\jre\21.0.10-win32-x86_64\bin\zip.dll
0x00007fff5bf60000 - 0x00007fff5bf70000 	C:\Users\Akanksha.Surve\.antigravity\extensions\redhat.java-1.54.0-win32-x64\jre\21.0.10-win32-x86_64\bin\net.dll
0x00007fff731f0000 - 0x00007fff73318000 	C:\WINDOWS\SYSTEM32\WINHTTP.dll
0x00007fff78a30000 - 0x00007fff78a9b000 	C:\WINDOWS\system32\mswsock.dll
0x00007fff21e80000 - 0x00007fff21e96000 	C:\Users\Akanksha.Surve\.antigravity\extensions\redhat.java-1.54.0-win32-x64\jre\21.0.10-win32-x86_64\bin\nio.dll
0x00007fff5b910000 - 0x00007fff5b920000 	c:\Users\Akanksha.Surve\.antigravity\extensions\redhat.java-1.54.0-win32-x64\jre\21.0.10-win32-x86_64\bin\verify.dll
0x00007fff1cb00000 - 0x00007fff1cb45000 	C:\Users\Akanksha.Surve\AppData\Roaming\Antigravity\User\globalStorage\redhat.java\1.54.0\config_win\org.eclipse.equinox.launcher\org.eclipse.equinox.launcher.win32.win32.x86_64_1.3.0.v20260203-2149\eclipse_11919.dll
0x00007fff7c400000 - 0x00007fff7c597000 	C:\WINDOWS\System32\ole32.dll
0x00007fff79c00000 - 0x00007fff79c1b000 	C:\WINDOWS\SYSTEM32\CRYPTSP.dll
0x00007fff78ed0000 - 0x00007fff78f0a000 	C:\WINDOWS\system32\rsaenh.dll
0x00007fff78aa0000 - 0x00007fff78acb000 	C:\WINDOWS\SYSTEM32\USERENV.dll
0x00007fff79fc0000 - 0x00007fff79fea000 	C:\WINDOWS\SYSTEM32\bcrypt.dll
0x00007fff79120000 - 0x00007fff7912c000 	C:\WINDOWS\SYSTEM32\CRYPTBASE.dll
0x00007fff77d60000 - 0x00007fff77d94000 	C:\WINDOWS\SYSTEM32\IPHLPAPI.DLL
0x00007fff7c380000 - 0x00007fff7c38a000 	C:\WINDOWS\System32\NSI.dll
0x00007fff1ca60000 - 0x00007fff1caa9000 	C:\Users\Akanksha.Surve\AppData\Local\Temp\jna-907455049\jna3819145431756457747.dll
0x00007fff7bdf0000 - 0x00007fff7bdf8000 	C:\WINDOWS\System32\PSAPI.DLL
0x00007fff73410000 - 0x00007fff7342e000 	C:\WINDOWS\SYSTEM32\dhcpcsvc6.DLL
0x00007fff73380000 - 0x00007fff733a3000 	C:\WINDOWS\SYSTEM32\dhcpcsvc.DLL

JVMTI agents:
c:\Users\Akanksha.Surve\.antigravity\extensions\redhat.java-1.54.0-win32-x64\lombok\lombok-1.18.39-4050.jar path:c:\Users\Akanksha.Surve\.antigravity\extensions\redhat.java-1.54.0-win32-x64\jre\21.0.10-win32-x86_64\bin\instrument.dll, loaded, initialized, instrumentlib options:none

dbghelp: loaded successfully - version: 4.0.5 - missing functions: none
symbol engine: initialized successfully - sym options: 0x614 - pdb path: .;c:\Users\Akanksha.Surve\.antigravity\extensions\redhat.java-1.54.0-win32-x64\jre\21.0.10-win32-x86_64\bin;C:\WINDOWS\SYSTEM32;C:\WINDOWS\WinSxS\amd64_microsoft.windows.common-controls_6595b64144ccf1df_6.0.26100.7019_none_3e06ffa0e335b8a8;c:\Users\Akanksha.Surve\.antigravity\extensions\redhat.java-1.54.0-win32-x64\jre\21.0.10-win32-x86_64\bin\server;C:\Users\Akanksha.Surve\AppData\Roaming\Antigravity\User\globalStorage\redhat.java\1.54.0\config_win\org.eclipse.equinox.launcher\org.eclipse.equinox.launcher.win32.win32.x86_64_1.3.0.v20260203-2149;C:\Users\Akanksha.Surve\AppData\Local\Temp\jna-907455049

VM Arguments:
jvm_args: --add-modules=ALL-SYSTEM --add-opens=java.base/java.util=ALL-UNNAMED --add-opens=java.base/java.lang=ALL-UNNAMED --add-opens=java.base/sun.nio.fs=ALL-UNNAMED -Declipse.application=org.eclipse.jdt.ls.core.id1 -Dosgi.bundles.defaultStartLevel=4 -Declipse.product=org.eclipse.jdt.ls.core.product -Djava.import.generatesMetadataFilesAtProjectRoot=false -DDetectVMInstallationsJob.disabled=true -Dfile.encoding=utf8 -XX:+UseParallelGC -XX:GCTimeRatio=4 -XX:AdaptiveSizePolicyWeight=90 -Dsun.zip.disableMemoryMapping=true -Xmx2G -Xms100m -Xlog:disable -javaagent:c:\Users\Akanksha.Surve\.antigravity\extensions\redhat.java-1.54.0-win32-x64\lombok\lombok-1.18.39-4050.jar -XX:+HeapDumpOnOutOfMemoryError -XX:HeapDumpPath=c:\Users\Akanksha.Surve\AppData\Roaming\Antigravity\User\workspaceStorage\c3684e1d2115715f3b0a0c14ab701b21\redhat.java -Daether.dependencyCollector.impl=bf 
java_command: c:\Users\Akanksha.Surve\.antigravity\extensions\redhat.java-1.54.0-win32-x64\server\plugins\org.eclipse.equinox.launcher_1.7.100.v20251111-0406.jar -configuration c:\Users\Akanksha.Surve\AppData\Roaming\Antigravity\User\globalStorage\redhat.java\1.54.0\config_win -data c:\Users\Akanksha.Surve\AppData\Roaming\Antigravity\User\workspaceStorage\c3684e1d2115715f3b0a0c14ab701b21\redhat.java\jdt_ws --pipe=\\.\pipe\lsp-befa01a1481ae830b4bf49136291d670-sock
java_class_path (initial): c:\Users\Akanksha.Surve\.antigravity\extensions\redhat.java-1.54.0-win32-x64\server\plugins\org.eclipse.equinox.launcher_1.7.100.v20251111-0406.jar
Launcher Type: SUN_STANDARD

[Global flags]
    uintx AdaptiveSizePolicyWeight                 = 90                                        {product} {command line}
     intx CICompilerCount                          = 12                                        {product} {ergonomic}
    uintx GCTimeRatio                              = 4                                         {product} {command line}
     bool HeapDumpOnOutOfMemoryError               = true                                   {manageable} {command line}
    ccstr HeapDumpPath                             = c:\Users\Akanksha.Surve\AppData\Roaming\Antigravity\User\workspaceStorage\c3684e1d2115715f3b0a0c14ab701b21\redhat.java         {manageable} {command line}
   size_t InitialHeapSize                          = 104857600                                 {product} {command line}
   size_t MaxHeapSize                              = 2147483648                                {product} {command line}
   size_t MaxNewSize                               = 715653120                                 {product} {ergonomic}
   size_t MinHeapDeltaBytes                        = 524288                                    {product} {ergonomic}
   size_t MinHeapSize                              = 104857600                                 {product} {command line}
   size_t NewSize                                  = 34603008                                  {product} {ergonomic}
    uintx NonNMethodCodeHeapSize                   = 7602480                                {pd product} {ergonomic}
    uintx NonProfiledCodeHeapSize                  = 122027880                              {pd product} {ergonomic}
   size_t OldSize                                  = 70254592                                  {product} {ergonomic}
    uintx ProfiledCodeHeapSize                     = 122027880                              {pd product} {ergonomic}
    uintx ReservedCodeCacheSize                    = 251658240                              {pd product} {ergonomic}
     bool SegmentedCodeCache                       = true                                      {product} {ergonomic}
   size_t SoftMaxHeapSize                          = 2147483648                             {manageable} {ergonomic}
     bool UseCompressedOops                        = true                           {product lp64_product} {ergonomic}
     bool UseLargePagesIndividualAllocation        = false                                  {pd product} {ergonomic}
     bool UseParallelGC                            = true                                      {product} {command line}

Logging:
Log output configuration:
 #0: stdout all=off uptime,level,tags foldmultilines=false
 #1: stderr all=off uptime,level,tags foldmultilines=false

Release file:
JAVA_VERSION="21.0.10" 
MODULES="java.base java.compiler java.datatransfer java.xml java.prefs java.desktop java.instrument java.logging java.management java.security.sasl java.naming java.rmi java.management.rmi java.net.http java.scripting java.security.jgss java.transaction.xa java.sql java.sql.rowset java.xml.crypto java.se java.smartcardio jdk.accessibility jdk.internal.jvmstat jdk.attach jdk.charsets jdk.internal.opt jdk.zipfs jdk.compiler jdk.crypto.ec jdk.crypto.cryptoki jdk.crypto.mscapi jdk.dynalink jdk.internal.ed jdk.editpad jdk.hotspot.agent jdk.httpserver jdk.internal.le jdk.internal.vm.ci jdk.internal.vm.compiler jdk.internal.vm.compiler.management jdk.jartool jdk.javadoc jdk.jcmd jdk.management jdk.management.agent jdk.jconsole jdk.jdeps jdk.jdwp.agent jdk.jdi jdk.jfr jdk.jshell jdk.jsobject jdk.jstatd jdk.localedata jdk.management.jfr jdk.naming.dns jdk.naming.rmi jdk.net jdk.nio.mapmode jdk.random jdk.sctp jdk.security.auth jdk.security.jgss jdk.unsupported jdk.unsupported.desktop jdk.xml.dom" 

Environment Variables:
PATH=C:\Program Files\Common Files\Oracle\Java\javapath;C:\Program Files (x86)\Common Files\Oracle\Java\javapath;C:\WINDOWS\system32;C:\WINDOWS;C:\WINDOWS\System32\Wbem;C:\WINDOWS\System32\WindowsPowerShell\v1.0\;C:\WINDOWS\System32\OpenSSH\;C:\Program Files\PuTTY\;C:\Program Files\nodejs\;C:\Users\Akanksha.Surve\AppData\Local\Microsoft\WindowsApps;C:\Users\Akanksha.Surve\AppData\Roaming\npm;C:\Users\Akanksha.Surve\AppData\Local\Programs\Git\cmd;C:\Users\Akanksha.Surve\AppData\Local\Programs\Antigravity\bin
USERNAME=Akanksha.Surve
OS=Windows_NT
PROCESSOR_IDENTIFIER=Intel64 Family 6 Model 191 Stepping 2, GenuineIntel
TMP=C:\Users\AKANKS~1.SUR\AppData\Local\Temp
TEMP=C:\Users\AKANKS~1.SUR\AppData\Local\Temp




Periodic native trim disabled

---------------  S Y S T E M  ---------------

OS:
 Windows 11 , 64 bit Build 26100 (10.0.26100.7019)
OS uptime: 0 days 13:51 hours
Hyper-V role detected

CPU: total 16 (initial active 16) (8 cores per cpu, 2 threads per core) family 6 model 191 stepping 2 microcode 0x3a, cx8, cmov, fxsr, ht, mmx, 3dnowpref, sse, sse2, sse3, ssse3, sse4.1, sse4.2, popcnt, lzcnt, tsc, tscinvbit, avx, avx2, aes, erms, clmul, bmi1, bmi2, adx, sha, fma, vzeroupper, clflush, clflushopt, clwb, hv, serialize, rdtscp, rdpid, fsrm, f16c, cet_ibt, cet_ss
Processor Information for the first 16 processors :
  Max Mhz: 2500, Current Mhz: 2500, Mhz Limit: 2500

Memory: 4k page, system-wide physical 32454M (16090M free)
TotalPageFile size 34502M (AvailPageFile size 13112M)
current process WorkingSet (physical memory assigned to process): 1043M, peak: 1043M
current process commit charge ("private bytes"): 1105M, peak: 1114M

vm_info: OpenJDK 64-Bit Server VM (21.0.10+7-LTS) for windows-amd64 JRE (21.0.10+7-LTS), built on 2026-01-20T00:00:00Z by "admin" with MS VC++ 17.12 (VS2022)

END.
