#
# A fatal error has been detected by the Java Runtime Environment:
#
#  EXCEPTION_ACCESS_VIOLATION (0xc0000005) at pc=0x00007fffce8e012a, pid=26108, tid=29244
#
# JRE version: OpenJDK Runtime Environment Temurin-21.0.10+7 (21.0.10+7) (build 21.0.10+7-LTS)
# Java VM: OpenJDK 64-Bit Server VM Temurin-21.0.10+7 (21.0.10+7-LTS, mixed mode, sharing, tiered, compressed oops, compressed class ptrs, parallel gc, windows-amd64)
# Problematic frame:
# V  [jvm.dll+0x82012a]
#
# No core dump will be written. Minidumps are not enabled by default on client versions of Windows
#
# If you would like to submit a bug report, please visit:
#   https://github.com/adoptium/adoptium-support/issues
#

---------------  S U M M A R Y ------------

Command Line: --add-modules=ALL-SYSTEM --add-opens=java.base/java.util=ALL-UNNAMED --add-opens=java.base/java.lang=ALL-UNNAMED --add-opens=java.base/sun.nio.fs=ALL-UNNAMED -Declipse.application=org.eclipse.jdt.ls.core.id1 -Dosgi.bundles.defaultStartLevel=4 -Declipse.product=org.eclipse.jdt.ls.core.product -Djava.import.generatesMetadataFilesAtProjectRoot=false -DDetectVMInstallationsJob.disabled=true -Dfile.encoding=utf8 -XX:+UseParallelGC -XX:GCTimeRatio=4 -XX:AdaptiveSizePolicyWeight=90 -Dsun.zip.disableMemoryMapping=true -Xmx2G -Xms100m -Xlog:disable -javaagent:c:\Users\Akanksha.Surve\.antigravity\extensions\redhat.java-1.54.0-win32-x64\lombok\lombok-1.18.39-4050.jar -XX:+HeapDumpOnOutOfMemoryError -XX:HeapDumpPath=c:\Users\Akanksha.Surve\AppData\Roaming\Antigravity\User\workspaceStorage\c3684e1d2115715f3b0a0c14ab701b21\redhat.java -Daether.dependencyCollector.impl=bf c:\Users\Akanksha.Surve\.antigravity\extensions\redhat.java-1.54.0-win32-x64\server\plugins\org.eclipse.equinox.launcher_1.7.100.v20251111-0406.jar -configuration c:\Users\Akanksha.Surve\AppData\Roaming\Antigravity\User\globalStorage\redhat.java\1.54.0\config_win -data c:\Users\Akanksha.Surve\AppData\Roaming\Antigravity\User\workspaceStorage\c3684e1d2115715f3b0a0c14ab701b21\redhat.java\jdt_ws --pipe=\\.\pipe\lsp-8c427450ca2fc7c50275bb9f6ab4c471-sock

Host: Intel(R) Core(TM) i5-14400, 16 cores, 31G,  Windows 11 , 64 bit Build 26100 (10.0.26100.7019)
Time: Tue May 26 10:22:39 2026 India Standard Time elapsed time: 82823.770644 seconds (0d 23h 0m 23s)

---------------  T H R E A D  ---------------

Current thread (0x0000029edb8ed1d0):  JavaThread "Worker-96: Building"        [_thread_in_vm, id=29244, stack(0x000000a9ce600000,0x000000a9ce700000) (1024K)]

Stack: [0x000000a9ce600000,0x000000a9ce700000],  sp=0x000000a9ce6fc790,  free space=1009k
Native frames: (J=compiled Java code, j=interpreted, Vv=VM code, C=native code)
V  [jvm.dll+0x82012a]
V  [jvm.dll+0x820229]
V  [jvm.dll+0x73eeef]
V  [jvm.dll+0x73ee84]
V  [jvm.dll+0x3e156c]
C  0x0000029e8745b55c

The last pc belongs to throw exception entrypoints (printed below).
Java frames: (J=compiled Java code, j=interpreted, Vv=VM code)
j  lombok.core.configuration.BubblingConfigurationResolver.resolve(Llombok/core/configuration/ConfigurationKey;)Ljava/lang/Object;+59
J 23509 c2 lombok.eclipse.TransformEclipseAST.transform(Lorg/eclipse/jdt/internal/compiler/parser/Parser;Lorg/eclipse/jdt/internal/compiler/ast/CompilationUnitDeclaration;)V (280 bytes) @ 0x0000029e8983b1b4 [0x0000029e89839ee0+0x00000000000012d4]
J 25384 c2 java.lang.invoke.LambdaForm$MH+0x0000029e94710800.invoke(Ljava/lang/Object;Ljava/lang/Object;Ljava/lang/Object;Ljava/lang/Object;)Ljava/lang/Object; java.base@21.0.10 (66 bytes) @ 0x0000029e87f53180 [0x0000029e87f53120+0x0000000000000060]
J 25246 c2 org.eclipse.jdt.internal.compiler.parser.Parser.endParse(I)Lorg/eclipse/jdt/internal/compiler/ast/CompilationUnitDeclaration; (293 bytes) @ 0x0000029e88b62c18 [0x0000029e88b62760+0x00000000000004b8]
J 20220 c2 org.eclipse.jdt.internal.compiler.parser.Parser.parse()V (950 bytes) @ 0x0000029e89385ee8 [0x0000029e89385080+0x0000000000000e68]
J 30338 c2 org.eclipse.jdt.internal.compiler.parser.Parser.parse(Lorg/eclipse/jdt/internal/compiler/env/ICompilationUnit;Lorg/eclipse/jdt/internal/compiler/CompilationResult;II)Lorg/eclipse/jdt/internal/compiler/ast/CompilationUnitDeclaration; (388 bytes) @ 0x0000029e89f0e1f4 [0x0000029e89f0da80+0x0000000000000774]
J 30242 c2 org.eclipse.jdt.internal.compiler.parser.Parser.dietParse(Lorg/eclipse/jdt/internal/compiler/env/ICompilationUnit;Lorg/eclipse/jdt/internal/compiler/CompilationResult;)Lorg/eclipse/jdt/internal/compiler/ast/CompilationUnitDeclaration; (63 bytes) @ 0x0000029e893aaa14 [0x0000029e893aa9a0+0x0000000000000074]
J 30280 c1 org.eclipse.jdt.internal.compiler.Compiler.internalBeginToCompile([Lorg/eclipse/jdt/internal/compiler/env/ICompilationUnit;I)V (374 bytes) @ 0x0000029e804ffc24 [0x0000029e804fed40+0x0000000000000ee4]
J 33010 c1 org.eclipse.jdt.internal.compiler.Compiler.beginToCompile([Lorg/eclipse/jdt/internal/compiler/env/ICompilationUnit;)V (23 bytes) @ 0x0000029e80ea28f4 [0x0000029e80ea2740+0x00000000000001b4]
j  org.eclipse.jdt.internal.compiler.Compiler.compile([Lorg/eclipse/jdt/internal/compiler/env/ICompilationUnit;Z)V+61
j  org.eclipse.jdt.internal.compiler.Compiler.compile([Lorg/eclipse/jdt/internal/compiler/env/ICompilationUnit;)V+3
j  org.eclipse.jdt.internal.core.builder.AbstractImageBuilder.compile([Lorg/eclipse/jdt/internal/core/builder/SourceFile;[Lorg/eclipse/jdt/internal/core/builder/SourceFile;Z)V+605
j  org.eclipse.jdt.internal.core.builder.BatchImageBuilder.compile([Lorg/eclipse/jdt/internal/core/builder/SourceFile;[Lorg/eclipse/jdt/internal/core/builder/SourceFile;Z)V+28
J 31809 c1 org.eclipse.jdt.internal.core.builder.AbstractImageBuilder.compile([Lorg/eclipse/jdt/internal/core/builder/SourceFile;)V (433 bytes) @ 0x0000029e8111b774 [0x0000029e8111aaa0+0x0000000000000cd4]
J 34285 c1 org.eclipse.jdt.internal.core.builder.BatchImageBuilder.build()V (258 bytes) @ 0x0000029e8034b66c [0x0000029e8034a680+0x0000000000000fec]
j  org.eclipse.jdt.internal.core.builder.JavaBuilder.buildAll()V+88
J 29375 c1 org.eclipse.jdt.internal.core.builder.JavaBuilder.build(ILjava/util/Map;Lorg/eclipse/core/runtime/IProgressMonitor;)[Lorg/eclipse/core/resources/IProject; (951 bytes) @ 0x0000029e812b7a44 [0x0000029e812b5840+0x0000000000002204]
J 30715 c2 org.eclipse.core.internal.events.BuildManager.basicBuild(ILorg/eclipse/core/resources/IncrementalProjectBuilder;Ljava/util/Map;Lorg/eclipse/core/runtime/MultiStatus;Lorg/eclipse/core/runtime/IProgressMonitor;)V (763 bytes) @ 0x0000029e88dfd978 [0x0000029e88dfaac0+0x0000000000002eb8]
J 24089 c1 org.eclipse.core.internal.events.BuildManager.basicBuild(Lorg/eclipse/core/resources/IBuildConfiguration;ILorg/eclipse/core/resources/IBuildContext;[Lorg/eclipse/core/resources/ICommand;Lorg/eclipse/core/runtime/MultiStatus;Lorg/eclipse/core/runtime/IProgressMonitor;)V (269 bytes) @ 0x0000029e8323fbdc [0x0000029e8323ef80+0x0000000000000c5c]
J 24088 c1 org.eclipse.core.internal.events.BuildManager$1.run()V (32 bytes) @ 0x0000029e83245674 [0x0000029e832455c0+0x00000000000000b4]
J 24086 c1 org.eclipse.core.internal.events.BuildManager.basicBuild(Lorg/eclipse/core/resources/IBuildConfiguration;ILorg/eclipse/core/resources/IBuildContext;Lorg/eclipse/core/runtime/MultiStatus;Lorg/eclipse/core/runtime/IProgressMonitor;)V (149 bytes) @ 0x0000029e832436b4 [0x0000029e83242580+0x0000000000001134]
J 33249 c1 org.eclipse.core.internal.events.BuildManager.basicBuildLoop([Lorg/eclipse/core/resources/IBuildConfiguration;[Lorg/eclipse/core/resources/IBuildConfiguration;ILorg/eclipse/core/runtime/MultiStatus;Lorg/eclipse/core/runtime/IProgressMonitor;IZ)V (181 bytes) @ 0x0000029e80ab0b44 [0x0000029e80aafc20+0x0000000000000f24]
j  org.eclipse.core.internal.events.BuildManager.basicBuildLoop([Lorg/eclipse/core/resources/IBuildConfiguration;[Lorg/eclipse/core/resources/IBuildConfiguration;ILorg/eclipse/core/runtime/MultiStatus;Lorg/eclipse/core/runtime/IProgressMonitor;)V+102
j  org.eclipse.core.internal.events.BuildManager.build([Lorg/eclipse/core/resources/IBuildConfiguration;[Lorg/eclipse/core/resources/IBuildConfiguration;ILorg/eclipse/core/runtime/IProgressMonitor;)Lorg/eclipse/core/runtime/IStatus;+51
j  org.eclipse.core.internal.events.AutoBuildJob.doBuild(Lorg/eclipse/core/runtime/IProgressMonitor;)V+105
J 34224 c1 org.eclipse.core.internal.events.AutoBuildJob.run(Lorg/eclipse/core/runtime/IProgressMonitor;)Lorg/eclipse/core/runtime/IStatus; (94 bytes) @ 0x0000029e81745bbc [0x0000029e817453a0+0x000000000000081c]
j  org.eclipse.core.internal.jobs.Worker.run()V+32
v  ~StubRoutines::call_stub 0x0000029e8745100d

siginfo: EXCEPTION_ACCESS_VIOLATION (0xc0000005), reading address 0x000000000000000f


Registers:
RAX=0x0000000000000024, RBX=0x0000000000000000, RCX=0x000000000000000b, RDX=0x0000029e946a1370
RSP=0x000000a9ce6fc790, RBP=0x0000029e946a1370, RSI=0x0000029ed85430c0, RDI=0x0000029e946a1370
R8 =0x0000000000000000, R9 =0x00000000003a0008, R10=0x0000029e8746ebd0, R11=0x000000a9ce6fa260
R12=0x00000000000003d8, R13=0x0000029e946e0ed0, R14=0x0000029edb4ebff0, R15=0x0000029edb4ec3c8
RIP=0x00007fffce8e012a, EFLAGS=0x0000000000010206

XMM[0]=0x000000a9ce6fdc90 0x0000020000000000
XMM[1]=0x0000000000000000 0x000000a9ce6fdc48
XMM[2]=0x0000029e89839790 0x0000029e8983b1b4
XMM[3]=0x000000a9ce6fdd00 0x0000000083c1fea8
XMM[4]=0x0000000000000000 0x0000029e89839790
XMM[5]=0x0000029edb8ed1d0 0x0000029edb8ed101
XMM[6]=0xd5ade620e5fd198b 0x02ee6c9ff36ae7de
XMM[7]=0x8db2f9f8c867d318 0xa80d87f80e02a253
XMM[8]=0xb460630e07a9fd41 0x7428e8921230fcd4
XMM[9]=0x79692adc79692adc 0x79692adc84248b6a
XMM[10]=0x0000000000000000 0x000000000abb608e
XMM[11]=0xc55779f4c55779f4 0xc55779f4497c055e
XMM[12]=0x0000000000000000 0x0000000084248b6a
XMM[13]=0x0000000000000000 0x000000007da4504d
XMM[14]=0x0000000000000000 0x00000000a9d81fe0
XMM[15]=0x0000000000000000 0x00000000d5a905e0
  MXCSR=0x00001fa2


Register to memory mapping:

RAX=0x0000000000000024 is an unknown value
RBX=0x0 is null
RCX=0x000000000000000b is an unknown value
RDX=0x0000029e946a1370 is pointing into metadata
RSP=0x000000a9ce6fc790 is pointing into the stack for thread: 0x0000029edb8ed1d0
RBP=0x0000029e946a1370 is pointing into metadata
RSI={method} {0x0000029ed85430c8} 'resolve' '(Llombok/core/configuration/ConfigurationKey;)Ljava/lang/Object;' in 'lombok/core/configuration/BubblingConfigurationResolver'
RDI=0x0000029e946a1370 is pointing into metadata
R8 =0x0 is null
R9 =0x00000000003a0008 is an unknown value
R10=0x0000029e8746ebd0 points into unknown readable memory: 0x0000000000000000 | 00 00 00 00 00 00 00 00
R11=0x000000a9ce6fa260 is pointing into the stack for thread: 0x0000029edb8ed1d0
R12=0x00000000000003d8 is an unknown value
R13=0x0000029e946e0ed0 is a pointer to class: 
lombok.core.configuration.ConfigurationFile {0x0000029e946e0ed8}
 - instance size:     2
 - klass size:        71
 - access:            public synchronized abstract 
 - flags:             rewritten has_nonstatic_fields should_verify_class has_localvariable_table has_final_method 
 - state:             fully_initialized
 - name:              'lombok/core/configuration/ConfigurationFile'
 - super:             'java/lang/Object'
 - sub:               'lombok/core/configuration/ConfigurationFile$CharSequenceConfigurationFile'   'lombok/core/configuration/ConfigurationFile$RegularConfigurationFile'   
 - arrays:            null
 - methods:           Array<T>(0x0000029ed8543d70)
 - method ordering:   Array<T>(0x0000029e93a80370)
 - local interfaces:  Array<T>(0x0000029e936112b0)
 - trans. interfaces: Array<T>(0x0000029e936112b0)
 - secondary supers: Array<T>(0x0000029e93610e00)
 - hash_slot:         31
 - bitmap:            0x0000000000000000
 - constants:         constant pool [197] {0x0000029ed8543678} for 'lombok/core/configuration/ConfigurationFile' cache=0x0000029ed8546c88
 - class loader data:  loader data: 0x0000029ede36c880 for instance a 'lombok/launch/ShadowClassLoader'{0x0000000083af5da0}
 - source file:       'ConfigurationFile.java'
 - inner classes:     Array<T>(0x0000029ed8544d50)
 - nest members:     Array<T>(0x0000029e93611238)
 - permitted subclasses:     Array<T>(0x0000029e93611238)
 - java mirror:       a 'java/lang/Class'{0x0000000083bfc8d0} = 'lombok/core/configuration/ConfigurationFile'
 - vtable length      10  (start addr: 0x0000029e946e10a0)
 - itable length      2 (start addr: 0x0000029e946e10f0)
 - ---- static fields (2 words):
 - private static final 'VARIABLE' 'Ljava/util/regex/Pattern;' @112 
 - private static final 'LOMBOK_CONFIG_FILENAME' 'Ljava/lang/String;' @116 
 - private static final 'ENV' 'Ljava/util/Map;' @120 
 - private static final 'buffers' 'Ljava/lang/ThreadLocal;' @124 
 - ---- non-static fields (1 words):
 - private final 'identifier' 'Ljava/lang/String;' @12 
 - non-static oop maps: 12-12 
R14=0x0000029edb4ebff0 points into unknown readable memory: 0x0008001300000004 | 04 00 00 00 13 00 08 00
R15=0x0000029edb4ec3c8 points into unknown readable memory: 0x88000b0024d966be | be 66 d9 24 00 0b 00 88

Top of Stack: (sp=0x000000a9ce6fc790)
0x000000a9ce6fc790:   0000029e89839790 0000000000000000
0x000000a9ce6fc7a0:   0000020000000000 0000000000000000
0x000000a9ce6fc7b0:   0000029e946a1370 00007fffce8e0229
0x000000a9ce6fc7c0:   0000000000000000 0000000000000000
0x000000a9ce6fc7d0:   0000000000000000 0000000000000000
0x000000a9ce6fc7e0:   0000000000000000 00007fffce7feeef
0x000000a9ce6fc7f0:   0000000000000000 0000029edb8ed101
0x000000a9ce6fc800:   0000029edb8ed1d0 0000000000000000
0x000000a9ce6fc810:   00010101ffffffff 0000029e93000000
0x000000a9ce6fc820:   0000ee5f44a50fec 00007fffce26767e
0x000000a9ce6fc830:   0000029edb4ec3c8 0000029edb4ebff0
0x000000a9ce6fc840:   0000029ed8542e4b 00000000000003d8
0x000000a9ce6fc850:   0000029e946e0ed0 00007fffce7fee84
0x000000a9ce6fc860:   0000029e946a1370 0000029ed8542e4b
0x000000a9ce6fc870:   0000029e946a1370 0000029ed85430c0
0x000000a9ce6fc880:   0000000000000000 0000000000000000
0x000000a9ce6fc890:   0000029ed8542650 0000029edb8ed1d0
0x000000a9ce6fc8a0:   0000029ed8542650 0000000000000000
0x000000a9ce6fc8b0:   000000a9ce6fdc48 0000029e8745b507
0x000000a9ce6fc8c0:   0000029e87457e90 0000000000000000
0x000000a9ce6fc8d0:   0000020000000000 000000a9ce6fdc90
0x000000a9ce6fc8e0:   000000a9ce6fdc48 0000029edb8ed1d0
0x000000a9ce6fc8f0:   000000a9ce6fdd00 00000000d5705e50
0x000000a9ce6fc900:   000000a9ce6fdc50 0000029e8825ccfc
0x000000a9ce6fc910:   0000029e8825ba90 0000000000000000
0x000000a9ce6fc920:   0000000000000000 0000000090bb6470
0x000000a9ce6fc930:   000000a9ce6fdc50 000000a9ce6fdd00
0x000000a9ce6fc940:   0000029e8983b1b4 0000029e89839790
0x000000a9ce6fc950:   0000000000000000 0000000000000000
0x000000a9ce6fc960:   0000000083c1fea8 000000a9ce6fdd00
0x000000a9ce6fc970:   000000a9ce6fdc20 0000029e874a3a2a
0x000000a9ce6fc980:   0000029e874a3990 0000029efa31e608 

Instructions: (pc=0x00007fffce8e012a)
0x00007fffce8e002a:   cc cc cc cc cc cc 48 89 5c 24 08 48 89 74 24 10
0x00007fffce8e003a:   48 89 7c 24 18 41 56 48 83 ec 20 41 8b d9 49 63
0x00007fffce8e004a:   f8 48 8b f2 4c 8b f1 e8 ca a3 ea ff 44 0f bf d0
0x00007fffce8e005a:   49 8d 4e 06 41 c1 e2 10 4c 8b c7 44 0b d3 66 41
0x00007fffce8e006a:   89 7e 04 48 8b d6 45 89 16 41 c6 46 07 00 c6 01
0x00007fffce8e007a:   00 e8 d0 52 13 00 48 8b 5c 24 30 49 8b c6 48 8b
0x00007fffce8e008a:   74 24 38 48 8b 7c 24 40 48 83 c4 20 41 5e c3 cc
0x00007fffce8e009a:   cc cc cc cc cc cc 40 53 48 83 ec 20 8b 02 48 8b
0x00007fffce8e00aa:   d9 89 01 0f b7 42 04 48 83 c2 06 66 89 41 04 44
0x00007fffce8e00ba:   8b c0 48 83 c1 06 e8 8b 52 13 00 48 8b c3 48 83
0x00007fffce8e00ca:   c4 20 5b c3 cc cc 4c 8b da 4c 8b d1 45 85 c0 7e
0x00007fffce8e00da:   3c 44 0f b7 49 04 41 8d 40 ff 41 3b c1 44 0f 4c
0x00007fffce8e00ea:   c8 4d 63 c1 45 85 c9 7e 1f 48 8b c2 4c 2b d2 49
0x00007fffce8e00fa:   8b d0 0f 1f 40 00 41 0f b6 4c 02 06 88 08 48 8d
0x00007fffce8e010a:   40 01 48 83 ea 01 75 ee 43 c6 04 18 00 49 8b c3
0x00007fffce8e011a:   c3 cc cc cc cc cc 48 89 5c 24 08 57 48 83 ec 20
0x00007fffce8e012a:   0f b7 59 04 48 8b f9 33 d2 48 8d 4b 01 e8 64 d8
0x00007fffce8e013a:   f0 ff 0f b7 57 04 4c 8b c0 3b da 0f 42 d3 44 8b
0x00007fffce8e014a:   ca 85 d2 74 39 48 2b f8 0f 1f 40 00 66 66 0f 1f
0x00007fffce8e015a:   84 00 00 00 00 00 0f b6 4c 38 06 88 08 48 ff c0
0x00007fffce8e016a:   48 8b c8 49 2b c8 49 3b c9 7c eb 42 c6 04 02 00
0x00007fffce8e017a:   49 8b c0 48 8b 5c 24 30 48 83 c4 20 5f c3 48 8b
0x00007fffce8e018a:   5c 24 30 c6 04 02 00 48 83 c4 20 5f c3 cc cc cc
0x00007fffce8e019a:   cc cc cc cc cc cc 4c 8b d1 45 85 c0 7e 6c 44 0f
0x00007fffce8e01aa:   b7 49 04 41 8d 40 ff 41 3b c1 44 0f 4c c8 4d 63
0x00007fffce8e01ba:   d9 45 85 c9 7e 22 48 8b ca 4c 2b d2 4d 8b c3 0f
0x00007fffce8e01ca:   1f 80 00 00 00 00 41 0f b6 44 0a 06 88 01 48 8d
0x00007fffce8e01da:   49 01 49 83 e8 01 75 ee 41 c6 04 13 00 48 c7 c0
0x00007fffce8e01ea:   ff ff ff ff 66 90 48 ff c0 80 3c 02 00 75 f7 48
0x00007fffce8e01fa:   63 c8 85 c0 48 8b c2 7e 14 80 38 2f 75 03 c6 00
0x00007fffce8e020a:   2e 48 ff c0 48 83 e9 01 75 ef 48 8b c2 c3 cc cc
0x00007fffce8e021a:   cc cc cc cc cc cc 48 83 ec 28 e8 f7 fe ff ff 4c 


Stack slot to memory mapping:

stack at sp + 0 slots: 0x0000029e89839790 is at entry_point+-1872 in (nmethod*)0x0000029e89839790
Compiled method (c2) 82823818 23509   !   4       lombok.eclipse.TransformEclipseAST::transform (280 bytes)
 total in heap  [0x0000029e89839790,0x0000029e89842980] = 37360
 relocation     [0x0000029e898398f0,0x0000029e89839ec8] = 1496
 main code      [0x0000029e89839ee0,0x0000029e8983e7b0] = 18640
 stub code      [0x0000029e8983e7b0,0x0000029e8983e9d8] = 552
 oops           [0x0000029e8983e9d8,0x0000029e8983eaa0] = 200
 metadata       [0x0000029e8983eaa0,0x0000029e8983f158] = 1720
 scopes data    [0x0000029e8983f158,0x0000029e898414a8] = 9040
 scopes pcs     [0x0000029e898414a8,0x0000029e89842068] = 3008
 dependencies   [0x0000029e89842068,0x0000029e898422c8] = 608
 handler table  [0x0000029e898422c8,0x0000029e898427d8] = 1296
 nul chk table  [0x0000029e898427d8,0x0000029e89842980] = 424
stack at sp + 1 slots: 0x0 is null
stack at sp + 2 slots: 0x0000020000000000 is an unknown value
stack at sp + 3 slots: 0x0 is null
stack at sp + 4 slots: 0x0000029e946a1370 is pointing into metadata
stack at sp + 5 slots: 0x00007fffce8e0229 jvm.dll
stack at sp + 6 slots: 0x0 is null
stack at sp + 7 slots: 0x0 is null

throw exception entrypoints  [0x0000029e8745b2a0, 0x0000029e8745b730]  1168 bytes
[MachCode]
  0x0000029e8745b2a0: 488b 65b8 | 48c7 45f0 | 0000 0000 | e805 0000 | 00e9 9900 | 0000 4c8b | c348 8d44 | 2408 4c89 
  0x0000029e8745b2c0: 6dc0 498b | cfc5 f877 | 4989 afb0 | 0300 0049 | 8987 a003 | 0000 4883 | ec20 40f6 | c40f 0f84 
  0x0000029e8745b2e0: 1900 0000 | 4883 ec08 | 48b8 5013 | 4ace ff7f | 0000 ffd0 | 4883 c408 | e90c 0000 | 0048 b850 
  0x0000029e8745b300: 134a ceff | 7f00 00ff | d048 83c4 | 2049 c787 | a003 0000 | 0000 0000 | 49c7 87b0 | 0300 0000 
  0x0000029e8745b320: 0000 0049 | c787 a803 | 0000 0000 | 0000 c5f8 | 7749 837f | 0800 0f84 | 0500 0000 | e9bf 5bff 
  0x0000029e8745b340: ff4c 8b6d | c04c 8b75 | c84e 8d74 | f500 c341 | 5848 8b65 | b848 c745 | f000 0000 | 0048 ba40 
  0x0000029e8745b360: 74b7 ceff | 7f00 00e8 | 0500 0000 | e9a8 0000 | 0048 8d44 | 2408 4c89 | 6dc0 498b | cfc5 f877 
  0x0000029e8745b380: 4989 afb0 | 0300 0049 | 8987 a003 | 0000 4883 | ec20 40f6 | c40f 0f84 | 1900 0000 | 4883 ec08 
  0x0000029e8745b3a0: 48b8 b0d8 | 49ce ff7f | 0000 ffd0 | 4883 c408 | e90c 0000 | 0048 b8b0 | d849 ceff | 7f00 00ff 
  0x0000029e8745b3c0: d048 83c4 | 2049 c787 | a003 0000 | 0000 0000 | 49c7 87b0 | 0300 0000 | 0000 0049 | c787 a803 
  0x0000029e8745b3e0: 0000 0000 | 0000 c5f8 | 7749 837f | 0800 0f84 | 0500 0000 | e907 5bff | ff49 8b87 | f803 0000 
  0x0000029e8745b400: 49c7 87f8 | 0300 0000 | 0000 004c | 8b6d c04c | 8b75 c84e | 8d74 f500 | c3e9 3af2 | ffff 488b 
  0x0000029e8745b420: 65b8 48c7 | 45f0 0000 | 0000 48ba | 6074 b7ce | ff7f 0000 | 49b8 d074 | acce ff7f | 0000 e805 
  0x0000029e8745b440: 0000 00e9 | a800 0000 | 488d 4424 | 084c 896d | c049 8bcf | c5f8 7749 | 89af b003 | 0000 4989 
  0x0000029e8745b460: 87a0 0300 | 0048 83ec | 2040 f6c4 | 0f0f 8419 | 0000 0048 | 83ec 0848 | b850 d749 | ceff 7f00 
  0x0000029e8745b480: 00ff d048 | 83c4 08e9 | 0c00 0000 | 48b8 50d7 | 49ce ff7f | 0000 ffd0 | 4883 c420 | 49c7 87a0 
  0x0000029e8745b4a0: 0300 0000 | 0000 0049 | c787 b003 | 0000 0000 | 0000 49c7 | 87a8 0300 | 0000 0000 | 00c5 f877 
  0x0000029e8745b4c0: 4983 7f08 | 000f 8405 | 0000 00e9 | 305a ffff | 498b 87f8 | 0300 0049 | c787 f803 | 0000 0000 
  0x0000029e8745b4e0: 0000 4c8b | 6dc0 4c8b | 75c8 4e8d | 74f5 00c3 | e963 f1ff | ff5a 488b | 65b8 48c7 | 45f0 0000 
  0x0000029e8745b500: 0000 e805 | 0000 00e9 | 9600 0000 | 488d 4424 | 084c 896d | c049 8bcf | c5f8 7749 | 89af b003 
  0x0000029e8745b520: 0000 4989 | 87a0 0300 | 0048 83ec | 2040 f6c4 | 0f0f 8419 | 0000 0048 | 83ec 0848 | b800 154a 
  0x0000029e8745b540: ceff 7f00 | 00ff d048 | 83c4 08e9 | 0c00 0000 | 48b8 0015 | 4ace ff7f | 0000 ffd0 | 4883 c420 
  0x0000029e8745b560: 49c7 87a0 | 0300 0000 | 0000 0049 | c787 b003 | 0000 0000 | 0000 49c7 | 87a8 0300 | 0000 0000 
  0x0000029e8745b580: 00c5 f877 | 4983 7f08 | 000f 8405 | 0000 00e9 | 6c59 ffff | 4c8b 6dc0 | 4c8b 75c8 | 4e8d 74f5 
  0x0000029e8745b5a0: 00c3 488b | 65b8 48c7 | 45f0 0000 | 0000 48ba | 8074 b7ce | ff7f 0000 | 49b8 0000 | 0000 0000 
  0x0000029e8745b5c0: 0000 e805 | 0000 00e9 | a800 0000 | 488d 4424 | 084c 896d | c049 8bcf | c5f8 7749 | 89af b003 
  0x0000029e8745b5e0: 0000 4989 | 87a0 0300 | 0048 83ec | 2040 f6c4 | 0f0f 8419 | 0000 0048 | 83ec 0848 | b850 d749 
  0x0000029e8745b600: ceff 7f00 | 00ff d048 | 83c4 08e9 | 0c00 0000 | 48b8 50d7 | 49ce ff7f | 0000 ffd0 | 4883 c420 
  0x0000029e8745b620: 49c7 87a0 | 0300 0000 | 0000 0049 | c787 b003 | 0000 0000 | 0000 49c7 | 87a8 0300 | 0000 0000 
  0x0000029e8745b640: 00c5 f877 | 4983 7f08 | 000f 8405 | 0000 00e9 | ac58 ffff | 498b 87f8 | 0300 0049 | c787 f803 
  0x0000029e8745b660: 0000 0000 | 0000 4c8b | 6dc0 4c8b | 75c8 4e8d | 74f5 00c3 | e9df efff | ff4c 8b6d | c048 8b65 
  0x0000029e8745b680: b848 c745 | f000 0000 | 00e8 0500 | 0000 e996 | 0000 0048 | 8d44 2408 | 4c89 6dc0 | 498b cfc5 
  0x0000029e8745b6a0: f877 4989 | afb0 0300 | 0049 8987 | a003 0000 | 4883 ec20 | 40f6 c40f | 0f84 1900 | 0000 4883 
  0x0000029e8745b6c0: ec08 48b8 | 2018 4ace | ff7f 0000 | ffd0 4883 | c408 e90c | 0000 0048 | b820 184a | ceff 7f00 
  0x0000029e8745b6e0: 00ff d048 | 83c4 2049 | c787 a003 | 0000 0000 | 0000 49c7 | 87b0 0300 | 0000 0000 | 0049 c787 
  0x0000029e8745b700: a803 0000 | 0000 0000 | c5f8 7749 | 837f 0800 | 0f84 0500 | 0000 e9e5 | 57ff ff4c | 8b6d c04c 
  0x0000029e8745b720: 8b75 c84e | 8d74 f500 | c30f 1f80 | 0000 0000 
[/MachCode]

Compiled method (c2) 82823847 23509   !   4       lombok.eclipse.TransformEclipseAST::transform (280 bytes)
 total in heap  [0x0000029e89839790,0x0000029e89842980] = 37360
 relocation     [0x0000029e898398f0,0x0000029e89839ec8] = 1496
 main code      [0x0000029e89839ee0,0x0000029e8983e7b0] = 18640
 stub code      [0x0000029e8983e7b0,0x0000029e8983e9d8] = 552
 oops           [0x0000029e8983e9d8,0x0000029e8983eaa0] = 200
 metadata       [0x0000029e8983eaa0,0x0000029e8983f158] = 1720
 scopes data    [0x0000029e8983f158,0x0000029e898414a8] = 9040
 scopes pcs     [0x0000029e898414a8,0x0000029e89842068] = 3008
 dependencies   [0x0000029e89842068,0x0000029e898422c8] = 608
 handler table  [0x0000029e898422c8,0x0000029e898427d8] = 1296
 nul chk table  [0x0000029e898427d8,0x0000029e89842980] = 424

[Constant Pool (empty)]

[MachCode]
[Verified Entry Point]
  # {method} {0x0000029ed8466408} 'transform' '(Lorg/eclipse/jdt/internal/compiler/parser/Parser;Lorg/eclipse/jdt/internal/compiler/ast/CompilationUnitDeclaration;)V' in 'lombok/eclipse/TransformEclipseAST'
  # parm0:    rdx:rdx   = 'org/eclipse/jdt/internal/compiler/parser/Parser'
  # parm1:    r8:r8     = 'org/eclipse/jdt/internal/compiler/ast/CompilationUnitDeclaration'
  #           [sp+0xe0]  (sp of caller)
  0x0000029e89839ee0: 8984 2400 | 80ff ff55 | 4881 ecd0 | 0000 0090 | 4181 7f20 | 0c00 0000 | 0f85 a548 | 0000 4889 
  0x0000029e89839f00: 5424 384c | 8944 2420 

  0x0000029e89839f08: ;   {oop(a 'java/lang/Class'{0x0000000083ba7458} = 'lombok/eclipse/TransformEclipseAST')}
  0x0000029e89839f08: 49ba 5874 | ba83 0000 | 0000 410f | b66a 7c85 | ed0f 85cd | 2c00 0045 | 8b58 4845 | 8b5b 5c45 
  0x0000029e89839f28: 8b43 0c44 | 8944 2428 | 4d8b 9788 | 0300 004d | 8b2a 4585 | c00f 86fc | 1f00 004d | 63d0 4c89 
  0x0000029e89839f48: 5424 504d | 8bd3 4c89 | 5424 6041 | 81f8 0000 | 1000 0f87 | c722 0000 | 4d8b 97b8 | 0100 004c 
  0x0000029e89839f68: 8b44 2450 | 4983 c017 | 4983 e0f8 | 4d8b ca4d | 03c8 4d3b | 8fc8 0100 | 000f 83a0 | 2200 004d 
  0x0000029e89839f88: 898f b801 | 0000 410f | 0d89 c000 | 0000 49c7 | 0201 0000 | 0041 0f0d | 8900 0100 

  0x0000029e89839fa4: ;   {metadata({type array byte})}
  0x0000029e89839fa4: 0041 c742 | 0818 2300 | 008b 4c24 | 2841 894a | 0c41 0f0d | 8940 0100 | 0041 0f0d | 8980 0100 
  0x0000029e89839fc4: 004d 8d4b | 104d 8bc2 | 4983 c010 | 4c89 4424 | 5849 8bf1 | 498b f88b | 5424 288b | c2f7 c2f8 
  0x0000029e89839fe4: ffff ff0f | 8487 0000 | 00b9 00ff | 00ff c5f9 | 6ed1 c5f9 | 70d2 0083 | e2f0 7438 | c5f9 efc0 
  0x0000029e8983a004: 488d 3456 | 488d 3c17 | 48f7 dac5 | fa6f 0c56 | c5f9 ebc1 | c5fa 6f5c | 5610 c5f9 | ebc3 c4e2 
  0x0000029e8983a024: 7917 c275 | 34c5 f167 | cbc5 fa7f | 0c17 4883 | c210 75d7 | a808 7433 | c5e1 efdb | c5fa 6f0e 
  0x0000029e8983a044: c4e2 7917 | ca75 12c5 | f167 cbc5 | f9d6 0f48 | 83c6 1048 | 83c7 08eb | 128b c883 | e10f 488d 
  0x0000029e8983a064: 344e 488d | 3c0f 482b | d1eb 148b | d083 e207 | 85d2 7421 | 488d 3456 | 488d 3c17 | 48f7 da0f 
  0x0000029e8983a084: b70c 56f7 | c100 ff00 | 0075 0888 | 0c17 48ff | c275 ec03 | c28b e83b | 4424 280f | 851e 2200 
  0x0000029e8983a0a4: ;   {no_reloc}
  0x0000029e8983a0a4: 0045 8b5a | 0c44 8b4c | 2428 452b | cb49 8bda | 41c1 e91f | 8b73 0cc4 | e232 f7fe | 8d6f f085 
  0x0000029e8983a0c4: ed0f 8cd1 | 0000 004c 

  0x0000029e8983a0cc: ;   {oop([B{0x0000000080f38560})}
  0x0000029e8983a0cc: 63d5 49be | 6085 f380 | 0000 0000 | 4585 c90f | 85d4 1c00 | 003b ee0f | 83e7 2700 | 0042 807c 
  0x0000029e8983a0ec: 1310 6d0f | 85a7 0000 

  0x0000029e8983a0f4: ;   {oop([B{0x0000000080f38560})}
  0x0000029e8983a0f4: 0048 ba60 | 85f3 8000 | 0000 0048 | 83c2 1048 | 8bcb 4c63 | d749 03ca | 41b8 1000 | 0000 4533 
  0x0000029e8983a114: c9c5 f877 | 49ba c08b | 4887 9e02 | 0000 41ff 

  0x0000029e8983a124: ;   {other}
  0x0000029e8983a124: d20f 1f84 | 0000 0000 | 0085 c07d | 6b83 c011 | 83f8 107d | 484c 63d0 | 4c63 dd4d | 03d3 4c63 
  0x0000029e8983a144: c64d 3bd0 | 0f83 2628 | 0000 4983 | c30f 4d3b | d80f 8319 | 2800 0083 | f810 0f83 | 1028 0000 
  0x0000029e8983a164: 450f be54 | 0610 448d | 4438 f046 | 0fbe 5c03 | 1045 3bda | 751e ffc0 | 83f8 107c | e3ba 45ff 
  0x0000029e8983a184: ffff 6690 

  0x0000029e8983a188: ;   {runtime_call UncommonTrapBlob}
  0x0000029e8983a188: c5f8 77e8 

  0x0000029e8983a18c: ; ImmutableOopMap {}
                      ;*ifeq {reexecute=1 rethrow=0 return_oop=0}
                      ; - (reexecute) lombok.eclipse.TransformEclipseAST::transform@25 (line 170)
  0x0000029e8983a18c: 7098 c6fd 

  0x0000029e8983a190: ;   {other}
  0x0000029e8983a190: 0f1f 8400 | 000a 0000 | 85c0 7ce5 | 418b 4d4c | 85c9 0f84 | 741b 0000 | 8b69 1444 | 8b55 0c45 
  0x0000029e8983a1b0: 8d4a ff41 | 81e1 8e53 | 178c 4585 | d20f 8629 | 2700 0046 | 8b54 8d10 | 4585 d20f | 84a6 1900 
  0x0000029e8983a1d0: 0045 8b5a | 0c49 8bfa 

  0x0000029e8983a1d8: ;   {oop(a 'lombok/patcher/Symbols$1'{0x0000000083bc6440})}
  0x0000029e8983a1d8: 4181 fb40 | 64bc 8374 | 2f48 8bd1 

  0x0000029e8983a1e4: ;   {oop(a 'lombok/patcher/Symbols$1'{0x0000000083bc6440})}
  0x0000029e8983a1e4: 49b8 4064 | bc83 0000 | 0000 4c89 | 6c24 2890 

  0x0000029e8983a1f4: ;   {optimized virtual_call}
  0x0000029e8983a1f4: c5f8 77e8 

  0x0000029e8983a1f8: ; ImmutableOopMap {[32]=Oop [40]=Oop [56]=Oop }
                      ;*invokevirtual getEntryAfterMiss {reexecute=0 rethrow=0 return_oop=1}
                      ; - java.lang.ThreadLocal$ThreadLocalMap::getEntry@38
                      ; - java.lang.ThreadLocal::get@12
                      ; - java.lang.ThreadLocal::get@4
                      ; - lombok.patcher.Symbols::hasSymbol@17 (line 69)
                      ; - lombok.eclipse.TransformEclipseAST::transform@31 (line 172)
  0x0000029e8983a1f8: c4ea dafe 

  0x0000029e8983a1fc: ;   {other}
  0x0000029e8983a1fc: 0f1f 8400 | 6c0a 0001 | 4885 c00f | 840a 1b00 | 0048 8bf8 | 448b 5f1c | 4d8b d345 

  0x0000029e8983a218: ;   {metadata('java/util/LinkedList')}
  0x0000029e8983a218: 8b5a 0841 | 81fb b0ac | 0c01 0f85 | f435 0000 | 418b 6a14 | 85ed 0f85 | d029 0000 | 4c8b 5424 
  0x0000029e8983a238: 3845 8b52 | 0849 bb00 | 0000 939e | 0200 004d | 03da 4d8b | 5370 498b | 1244 8b52 | 2c45 85d2 
  0x0000029e8983a258: 0f84 fa17 | 0000 498b 

  0x0000029e8983a260: ;   {oop("org.eclipse.jdt.internal.core.search.indexing.IndexingParser"{0x0000000080f3fc40})}
  0x0000029e8983a260: c249 ba40 | fcf3 8000 | 0000 0049 | 3bc2 0f84 | 6b01 0000 | 4885 c00f | 84f2 0000 | 000f be68 
  0x0000029e8983a280: 1085 ed0f | 8593 2900 | 0044 8b50 | 1445 8b42 | 0c41 83f8 | 3c0f 85d4 | 0000 004d | 8bda 498d 
  0x0000029e8983a2a0: ;   {oop([B{0x0000000080f3fc58})}
  0x0000029e8983a2a0: 7210 48bf | 58fc f380 | 0000 0000 | 4883 c710 | b93c 0000 | 0085 c90f | 849d 0000 | 008b c183 
  0x0000029e8983a2c0: e01f 83e1 | e00f 844b | 0000 0048 | 8d3c 0f48 | 8d34 0e48 | f7d9 c5fe | 6f0c 0fc5 | fe6f 040e 
  0x0000029e8983a2e0: c5f5 efc8 | c4e2 7d17 | c90f 8572 | 0000 0048 | 83c1 2075 | e185 c00f | 845d 0000 | 00c5 fe6f 
  0x0000029e8983a300: 4c07 e0c5 | fe6f 4406 | e0c5 f5ef | c8c4 e27d | 17c9 754d | eb44 8bc8 | 83e1 fc74 | 1948 8d3c 
  0x0000029e8983a320: 0f48 8d34 | 0e48 f7d9 | 8b1c 0f3b | 1c0e 7531 | 4883 c104 | 75f2 a802 | 7412 0fb7 | 1f0f b70e 
  0x0000029e8983a340: 3bd9 751d | 488d 7f02 | 488d 7602 | a801 740a | 0fb6 1f0f | b60e 3bd9 | 7507 b801 | 0000 00eb 
  0x0000029e8983a360: 0233 c0c5 | f5ef c9c5 | fdef c085 

  0x0000029e8983a36c: ;   {oop(a 'lombok/core/FieldAugment$ReflectionFieldAugment'{0x0000000083bd8aa8})}
  0x0000029e8983a36c: c075 7048 | baa8 8abd | 8300 0000 | 004c 8b44 | 2420 6690 

  0x0000029e8983a380: ;   {optimized virtual_call}
  0x0000029e8983a380: c5f8 77e8 

  0x0000029e8983a384: ; ImmutableOopMap {[32]=Oop [56]=Oop }
                      ;*invokevirtual get {reexecute=0 rethrow=0 return_oop=1}
                      ; - lombok.eclipse.TransformEclipseAST::alreadyTransformed@4 (line 142)
                      ; - lombok.eclipse.TransformEclipseAST::transform@55 (line 176)
  0x0000029e8983a384: f8d6 97fe 

  0x0000029e8983a388: ;   {other}
  0x0000029e8983a388: 0f1f 8400 | f80b 0002 | 4885 c00f | 84e5 0000 | 0044 8b50 

  0x0000029e8983a39c: ;   {metadata('lombok/eclipse/TransformationState')}
  0x0000029e8983a39c: 0841 81fa | 18ee 6d01 | 0f85 8e35 

  0x0000029e8983a3a8: ;   {oop(a 'lombok/eclipse/TransformationState'{0x0000000083bc14b0})}
  0x0000029e8983a3a8: 0000 49b9 | b014 bc83 | 0000 0000 | 493b c174 

  0x0000029e8983a3b8: ;   {oop(a 'lombok/eclipse/TransformationState'{0x0000000083bdbf60})}
  0x0000029e8983a3b8: 2649 ba60 | bfbd 8300 | 0000 0049 | 3bc2 0f85 | b200 0000 | 4c8b 5424 | 2045 8b52 | 1441 f6c2 
  0x0000029e8983a3d8: 100f 85cb | 0000 00c5 | f877 4881 | c4d0 0000 

  0x0000029e8983a3e8: ;   {poll_return}
  0x0000029e8983a3e8: 005d 493b | a750 0400 | 000f 8796 | 4300 00c3 | 4d8b c249 

  0x0000029e8983a3fc: ;   {oop(a 'java/lang/Class'{0x0000000083bfc328} = 'lombok/eclipse/TransformEclipseAST$AnnotationVisitor')}
  0x0000029e8983a3fc: 8bd1 48bd | 28c3 bf83 | 0000 0000 

  0x0000029e8983a408: ;   {optimized virtual_call}
  0x0000029e8983a408: c5f8 77e8 

  0x0000029e8983a40c: ; ImmutableOopMap {rbp=Oop [48]=Derived_oop_rbp [32]=Oop [72]=Oop [80]=Oop [88]=Oop [96]=Oop [128]=Oop }
                      ;*invokevirtual traverse {reexecute=0 rethrow=0 return_oop=0}
                      ; - lombok.eclipse.EclipseAST::traverse@8 (line 225)
                      ; - lombok.eclipse.HandlerLibrary::callASTVisitors@88 (line 256)
                      ; - lombok.eclipse.TransformEclipseAST::go@90 (line 229)
                      ; - lombok.eclipse.TransformEclipseAST::transform@140 (line 187)
  0x0000029e8983a40c: 70bc b8ff 

  0x0000029e8983a410: ;   {other}
  0x0000029e8983a410: 0f1f 8400 | 800c 0003 | 4c8b 9424 | 8000 0000 | 418b 4a10 | 0f1f 8400 | 0000 0000 | 6666 6690 
  0x0000029e8983a430: 448b 5424 | 6845 33db | 443b d141 | 0f95 c34d | 8b97 5804 

  0x0000029e8983a444: ;   {oop(a 'java/lang/Class'{0x0000000083bfc328} = 'lombok/eclipse/TransformEclipseAST$AnnotationVisitor')}
  0x0000029e8983a444: 0000 49b8 | 28c3 bf83 

  0x0000029e8983a44c: ; ImmutableOopMap {r8=Oop [48]=Derived_oop_r8 [32]=Oop [80]=Oop [88]=Oop [96]=Oop [128]=Oop }
                      ;*ifne {reexecute=1 rethrow=0 return_oop=0}
                      ; - (reexecute) lombok.eclipse.HandlerLibrary::callASTVisitors@142 (line 251)
                      ; - lombok.eclipse.TransformEclipseAST::go@90 (line 229)
                      ; - lombok.eclipse.TransformEclipseAST::transform@140 (line 187)
  0x0000029e8983a44c: 0000 0000 

  0x0000029e8983a450: ;   {poll}
  0x0000029e8983a450: 4185 0244 | 8b5c 2468 | 443b d90f | 8508 1100 | 004c 8b54 | 2428 4c3b | 5424 404c | 8b44 2440 
  0x0000029e8983a470: 4d0f 4ec2 | 4c8b 5c24 | 30e9 210e 

  0x0000029e8983a47c: ;   {oop(a 'lombok/core/FieldAugment$ReflectionFieldAugment'{0x0000000083bd8aa8})}
  0x0000029e8983a47c: 0000 48ba | a88a bd83 | 0000 0000 | 4c8b 4424 

  0x0000029e8983a48c: ;   {oop(a 'lombok/eclipse/TransformationState'{0x0000000083bdbf60})}
  0x0000029e8983a48c: 2049 b960 | bfbd 8300 | 0000 0090 

  0x0000029e8983a498: ;   {optimized virtual_call}
  0x0000029e8983a498: c5f8 77e8 

  0x0000029e8983a49c: ; ImmutableOopMap {[32]=Oop [56]=Oop }
                      ;*invokevirtual getAndSet {reexecute=0 rethrow=0 return_oop=1}
                      ; - lombok.core.FieldAugment::set@3 (line 150)
                      ; - lombok.eclipse.TransformEclipseAST::alreadyTransformed@56 (line 149)
                      ; - lombok.eclipse.TransformEclipseAST::transform@55 (line 176)
  0x0000029e8983a49c: c0b7 aafe 

  0x0000029e8983a4a0: ;   {other}
  0x0000029e8983a4a0: 0f1f 8400 | 100d 0005 

  0x0000029e8983a4a8: ;   {oop(a 'lombok/core/FieldAugment$ReflectionFieldAugment'{0x0000000083bd8aa8})}
  0x0000029e8983a4a8: eb26 48ba | a88a bd83 | 0000 0000 | 4c8b 4424 | 2048 8b6c | 2438 6690 

  0x0000029e8983a4c0: ;   {optimized virtual_call}
  0x0000029e8983a4c0: c5f8 77e8 

  0x0000029e8983a4c4: ; ImmutableOopMap {rbp=Oop [32]=Oop [56]=Oop }
                      ;*invokevirtual getAndSet {reexecute=0 rethrow=0 return_oop=1}
                      ; - lombok.core.FieldAugment::set@3 (line 150)
                      ; - lombok.eclipse.TransformEclipseAST::alreadyTransformed@43 (line 147)
                      ; - lombok.eclipse.TransformEclipseAST::transform@55 (line 176)
  0x0000029e8983a4c4: 98b7 aafe 

  0x0000029e8983a4c8: ;   {other}
  0x0000029e8983a4c8: 0f1f 8400 | 380d 0006 | 4c8b 5424 | 2045 8b52 | 4845 8b52 | 5c44 8954 | 2450 458b | 520c 498b 
  0x0000029e8983a4e8: 87b8 0100 | 004c 8bd8 | 4983 c318 | 4d3b 9fc8 | 0100 000f | 8362 2000 | 004d 899f | b801 0000 
  0x0000029e8983a508: 410f 0d8b | c000 0000 | 48c7 0001 

  0x0000029e8983a514: ;   {metadata('java/lang/String')}
  0x0000029e8983a514: 0000 00c7 | 4008 78e8 | 0000 4489 | 600c 4c89 | 6010 4889 | 4424 4045 | 85d2 0f86 | 4e1c 0000 
  0x0000029e8983a534: 4d63 c244 | 8b5c 2450 | 498b eb41 | 81fa 0000 | 1000 0f87 | 4620 0000 | 4d8b afb8 | 0100 004d 
  0x0000029e8983a554: 8d58 1749 | 83e3 f84d | 8bcd 4d03 | cb4d 3b8f | c801 0000 | 0f83 2420 | 0000 4d89 | 8fb8 0100 
  0x0000029e8983a574: 0041 0f0d | 89c0 0000 | 0049 c745 | 0001 0000 | 0041 0f0d | 8900 0100 

  0x0000029e8983a58c: ;   {metadata({type array byte})}
  0x0000029e8983a58c: 0041 c745 | 0818 2300 | 0045 8955 | 0c41 0f0d | 8940 0100 | 0041 0f0d | 8980 0100 | 0044 8b4c 
  0x0000029e8983a5ac: 2450 4d8d | 5910 498b | dd48 83c3 | 1049 8bf3 | 488b fb41 | 8bd2 8bc2 | f7c2 f8ff | ffff 0f84 
  0x0000029e8983a5cc: 8700 0000 | b900 ff00 | ffc5 f96e | d1c5 f970 | d200 83e2 | f074 38c5 | f1ef c948 | 8d34 5648 
  0x0000029e8983a5ec: 8d3c 1748 | f7da c5fa | 6f1c 56c5 | f1eb cbc5 | fa6f 4456 | 10c5 f1eb | c8c4 e279 | 17ca 7534 
  0x0000029e8983a60c: c5e1 67d8 | c5fa 7f1c | 1748 83c2 | 1075 d7a8 | 0874 33c5 | f9ef c0c5 | fa6f 1ec4 | e279 17da 
  0x0000029e8983a62c: 7512 c5e1 | 67d8 c5f9 | d61f 4883 | c610 4883 | c708 eb12 | 8bc8 83e1 | 0f48 8d34 | 4e48 8d3c 
  0x0000029e8983a64c: 0f48 2bd1 | eb14 8bd0 | 83e2 0785 | d274 2148 | 8d34 5648 | 8d3c 1748 | f7da 0fb7 | 0c56 f7c1 
  0x0000029e8983a66c: 00ff 0000 | 7508 880c | 1748 ffc2 | 75ec 03c2 | 8bf8 413b | c20f 85bf | 1f00 0045 | 8b45 0c45 
  0x0000029e8983a68c: ;   {no_reloc}
  0x0000029e8983a68c: 2bd0 4d8b | c54c 8b5c | 2440 4589 | 4314 41c1 | ea1f 4588 | 5310 4d8b | d349 c1ea | 0949 bb00 
  0x0000029e8983a6ac: 008a f99e | 0200 0047 | 8824 134c | 8b54 2440 | 418b 6a14 

  0x0000029e8983a6c0: ; implicit exception: dispatches to 0x0000029e8983dd58
  0x0000029e8983a6c0: 8b5d 0c45 | 0fbe 4a10 | c462 32f7 | c34c 8bd5 | 488d 4d10 | 458d 58fb | 4585 db7c | 4f45 85c9 
  0x0000029e8983a6e0: 0f85 6918 | 0000 83fb | 040f 8691 | 2800 0080 | 3966 7538 | 807d 1169 | 7532 807d | 126c 752c 
  0x0000029e8983a700: 807d 1365 | 7526 440f | be55 1441 | 83fa 3a75 | 1bba 45ff | ffff 488b | 6c24 2090 

  0x0000029e8983a71c: ;   {runtime_call UncommonTrapBlob}
  0x0000029e8983a71c: c5f8 77e8 

  0x0000029e8983a720: ; ImmutableOopMap {rbp=Oop [56]=Oop [64]=Oop }
                      ;*ifne {reexecute=1 rethrow=0 return_oop=0}
                      ; - (reexecute) lombok.eclipse.EclipseAST::getAbsoluteFileLocation0@15 (line 95)
                      ; - lombok.eclipse.EclipseAST::getAbsoluteFileLocation@1 (line 82)
                      ; - lombok.eclipse.TransformEclipseAST::transform@69 (line 180)
  0x0000029e8983a720: dc92 c6fd 

  0x0000029e8983a724: ;   {other}
  0x0000029e8983a724: 0f1f 8400 | 940f 0007 | 4183 c0f2 | 4585 c00f | 8c3c 1300 | 0045 85c9 | 0f85 5c18 | 0000 85db 
  0x0000029e8983a744: 0f86 4e28 | 0000 8039 | 730f 85fd | 1200 0041 | b80e 0000 

  0x0000029e8983a758: ;   {oop([B{0x0000000083bdbe68})}
  0x0000029e8983a758: 0048 bf68 | bebd 8300 

  0x0000029e8983a760: ;   {oop([B{0x0000000083bdbe68})}
  0x0000029e8983a760: 0000 0048 | ba68 bebd | 8300 0000 | 0048 83c2 | 1045 33c9 | c5f8 7749 | bac0 8b48 | 879e 0200 
  0x0000029e8983a780: 0041 ffd2 

  0x0000029e8983a784: ;   {other}
  0x0000029e8983a784: 0f1f 8400 | 0000 0000 | 85c0 0f8d | b412 0000 | 83c0 0f83 | f80e 7d38 | 3bc3 0f83 | 0029 0000 
  0x0000029e8983a7a4: 83fb 0d0f | 86f7 2800 | 0083 f80e | 0f83 ee28 | 0000 4533 | c04c 63d0 | 460f be5c | 1510 460f 
  0x0000029e8983a7c4: be54 1710 | 453b da75 | 23ff c083 | f80e 7ce5 | ba45 ffff | ff48 8b6c | 2420 6690 

  0x0000029e8983a7e0: ;   {runtime_call UncommonTrapBlob}
  0x0000029e8983a7e0: c5f8 77e8 

  0x0000029e8983a7e4: ; ImmutableOopMap {rbp=Oop [56]=Oop [64]=Oop }
                      ;*ifeq {reexecute=1 rethrow=0 return_oop=0}
                      ; - (reexecute) lombok.eclipse.EclipseAST::getAbsoluteFileLocation0@24 (line 95)
                      ; - lombok.eclipse.EclipseAST::getAbsoluteFileLocation@1 (line 82)
                      ; - lombok.eclipse.TransformEclipseAST::transform@69 (line 180)
  0x0000029e8983a7e4: 1892 c6fd 

  0x0000029e8983a7e8: ;   {other}
  0x0000029e8983a7e8: 0f1f 8400 | 5810 0008 | 85c0 7ce0 

  0x0000029e8983a7f4: ;   {oop(a 'java/lang/Class'{0x0000000083bc32d8} = 'lombok/eclipse/EclipseAST')}
  0x0000029e8983a7f4: 49ba d832 | bc83 0000 | 0000 410f | b66a 7885 | ed0f 85bd | 2800 004c | 8b54 2440 | 450f be5a 
  0x0000029e8983a814: 1041 8b4a | 1445 85db | 0f85 2918 | 0000 448b | 490c c4c2 | 22f7 e941 | 3be9 410f | 4fe9 83fd 
  0x0000029e8983a834: 010f 8efa | 1600 008d | 55ff 85d2 | 0f8c 3e25 | 0000 443b | cd0f 8235 | 2500 004c | 8bd1 488d 
  0x0000029e8983a854: 7911 b82f | 0000 0048 | 8bdf 83fa | 100f 8c79 | 0000 0083 | fa20 0f8c | 3600 0000 | c5f9 6ed0 
  0x0000029e8983a874: c4e2 7d78 | d2c5 f5ef | c98b ca83 | e1e0 83e2 | 1fc5 fe6f | 03c5 fd74 | c2c4 e27d | 17c8 0f83 
  0x0000029e8983a894: 6900 0000 | 4883 c320 | 83e9 2075 | e4e9 0d00 | 0000 c5f9 | 6ed0 c5f1 | efc9 c4e2 | 6900 d183 
  0x0000029e8983a8b4: fa10 0f8c | 2400 0000 | 8bca 83e1 | f083 e20f | c5fa 6f03 | c5f9 74c2 | c4e2 7917 | c80f 832a 
  0x0000029e8983a8d4: 0000 0048 | 83c3 1083 | e910 75e4 | 85d2 0f84 | 1200 0000 | 0fb6 0b3b | c174 1c48 

  0x0000029e8983a8f0: ;   {no_reloc}
  0x0000029e8983a8f0: 83c3 0183 | ea01 7402 | ebee bbff | ffff ffeb | 0dc5 fdd7 | c80f bcc1 | 4803 d848 | 2bdf 85db 
  0x0000029e8983a910: 7c02 ffc3 | 83fb ff0f | 84c6 0700 

  0x0000029e8983a91c: ;   {oop(a 'java/lang/Class'{0x00000000806575f0} = 'org/eclipse/core/resources/ResourcesPlugin')}
  0x0000029e8983a91c: 0049 baf0 | 7565 8000 | 0000 0041 | 8baa 0001 | 0000 448b | 5528 458b | 5a10 418b | 6b30 498b 
  0x0000029e8983a93c: 87b8 0100 | 004c 8bd0 | 4983 c220 | 4d3b 97c8 | 0100 000f | 83a4 1c00 | 004d 8997 | b801 0000 
  0x0000029e8983a95c: 410f 0d8a | c000 0000 | 48c7 0001 

  0x0000029e8983a968: ;   {metadata('org/eclipse/core/runtime/Path')}
  0x0000029e8983a968: 0000 00c7 | 4008 688d | 1401 4489 | 600c 4c89 | 6010 4c89 | 6018 4c89 | 4424 2848 | 8944 2430 
  0x0000029e8983a988: 488b d04c | 8b44 2440 | 41b9 0100 | 0000 6690 

  0x0000029e8983a998: ;   {optimized virtual_call}
  0x0000029e8983a998: c5f8 77e8 

  0x0000029e8983a99c: ; ImmutableOopMap {rbp=NarrowOop [32]=Oop [48]=Oop [56]=Oop [64]=Oop }
                      ;*invokespecial <init> {reexecute=0 rethrow=0 return_oop=0}
                      ; - org.eclipse.core.runtime.Path::<init>@5 (line 266)
                      ; - lombok.eclipse.EclipseAST$EclipseWorkspaceBasedFileResolver::resolve@30 (line 192)
                      ; - lombok.eclipse.EclipseAST::getAbsoluteFileLocation0@39 (line 117)
                      ; - lombok.eclipse.EclipseAST::getAbsoluteFileLocation@1 (line 82)
                      ; - lombok.eclipse.TransformEclipseAST::transform@69 (line 180)
  0x0000029e8983a99c: 4058 90fe 

  0x0000029e8983a9a0: ;   {other}
  0x0000029e8983a9a0: 0f1f 8400 | 1012 0009 

  0x0000029e8983a9a8: ; implicit exception: dispatches to 0x0000029e8983ddbc
  0x0000029e8983a9a8: 448b 5d08 

  0x0000029e8983a9ac: ;   {metadata('org/eclipse/core/internal/resources/WorkspaceRoot')}
  0x0000029e8983a9ac: 4181 fb70 | 5719 010f | 85fb 2300 | 004c 8bd5 | 458b 5a0c 

  0x0000029e8983a9c0: ; implicit exception: dispatches to 0x0000029e8983ddd8
  0x0000029e8983a9c0: 458b 4308 | 418b 6a10 

  0x0000029e8983a9c8: ;   {metadata('org/eclipse/core/runtime/Path')}
  0x0000029e8983a9c8: 4181 f868 | 8d14 010f | 85ff 2300 | 0049 8bd3 | 4c8b 4424 | 3066 6690 

  0x0000029e8983a9e0: ;   {optimized virtual_call}
  0x0000029e8983a9e0: c5f8 77e8 

  0x0000029e8983a9e4: ; ImmutableOopMap {rbp=NarrowOop [32]=Oop [56]=Oop [64]=Oop }
                      ;*invokeinterface append {reexecute=0 rethrow=0 return_oop=1}
                      ; - org.eclipse.core.internal.resources.Container::getFile@9 (line 207)
                      ; - lombok.eclipse.EclipseAST$EclipseWorkspaceBasedFileResolver::resolve@33 (line 192)
                      ; - lombok.eclipse.EclipseAST::getAbsoluteFileLocation0@39 (line 117)
                      ; - lombok.eclipse.EclipseAST::getAbsoluteFileLocation@1 (line 82)
                      ; - lombok.eclipse.TransformEclipseAST::transform@69 (line 180)
  0x0000029e8983a9e4: b831 affe 

  0x0000029e8983a9e8: ;   {other}
  0x0000029e8983a9e8: 0f1f 8400 | 5812 000a | 85ed 0f84 | 5023 0000 | 488b d54c | 8bc0 41b9 | 0100 0000 

  0x0000029e8983aa04: ;   {optimized virtual_call}
  0x0000029e8983aa04: c5f8 77e8 

  0x0000029e8983aa08: ; ImmutableOopMap {[32]=Oop [56]=Oop [64]=Oop }
                      ;*invokevirtual newResource {reexecute=0 rethrow=0 return_oop=1}
                      ; - org.eclipse.core.internal.resources.Container::getFile@15 (line 207)
                      ; - lombok.eclipse.EclipseAST$EclipseWorkspaceBasedFileResolver::resolve@33 (line 192)
                      ; - lombok.eclipse.EclipseAST::getAbsoluteFileLocation0@39 (line 117)
                      ; - lombok.eclipse.EclipseAST::getAbsoluteFileLocation@1 (line 82)
                      ; - lombok.eclipse.TransformEclipseAST::transform@69 (line 180)
  0x0000029e8983aa08: 34aa a8fe 

  0x0000029e8983aa0c: ;   {other}
  0x0000029e8983aa0c: 0f1f 8400 | 7c12 000b 

  0x0000029e8983aa14: ; implicit exception: dispatches to 0x0000029e8983ddf4
  0x0000029e8983aa14: 448b 5808 

  0x0000029e8983aa18: ;   {metadata('org/eclipse/core/internal/resources/File')}
  0x0000029e8983aa18: 4181 fbc8 | 1f19 010f | 8517 2e00 | 0044 8b58 | 1041 8b4b | 308b 680c 

  0x0000029e8983aa30: ; implicit exception: dispatches to 0x0000029e8983de2c
  0x0000029e8983aa30: 448b 5508 

  0x0000029e8983aa34: ;   {metadata('org/eclipse/core/runtime/Path')}
  0x0000029e8983aa34: 4181 fa68 | 8d14 010f | 85c3 2300 | 004c 8bd5 | 458b 5a18 

  0x0000029e8983aa48: ; implicit exception: dispatches to 0x0000029e8983de48
  0x0000029e8983aa48: 418b 6b0c | 85ed 0f86 | ac26 0000 | 418b 6b10 

  0x0000029e8983aa58: ; implicit exception: dispatches to 0x0000029e8983de64
  0x0000029e8983aa58: 448b 5908 

  0x0000029e8983aa5c: ;   {metadata('org/eclipse/core/internal/resources/WorkspaceRoot')}
  0x0000029e8983aa5c: 4181 fb70 | 5719 010f | 85cf 2300 | 0048 8944 | 2430 4c8b | c548 8bd1 

  0x0000029e8983aa74: ;   {optimized virtual_call}
  0x0000029e8983aa74: c5f8 77e8 

  0x0000029e8983aa78: ; ImmutableOopMap {[32]=Oop [48]=Oop [56]=Oop [64]=Oop }
                      ;*invokeinterface getProject {reexecute=0 rethrow=0 return_oop=1}
                      ; - org.eclipse.core.internal.resources.Resource::getProject@17 (line 1226)
                      ; - org.eclipse.core.internal.resources.Resource::getLocationURI@1 (line 1172)
                      ; - lombok.eclipse.EclipseAST$EclipseWorkspaceBasedFileResolver::resolve@38 (line 192)
                      ; - lombok.eclipse.EclipseAST::getAbsoluteFileLocation0@39 (line 117)
                      ; - lombok.eclipse.EclipseAST::getAbsoluteFileLocation@1 (line 82)
                      ; - lombok.eclipse.TransformEclipseAST::transform@69 (line 180)
  0x0000029e8983aa78: c42b b0fe 

  0x0000029e8983aa7c: ;   {other}
  0x0000029e8983aa7c: 0f1f 8400 | ec12 000c 

  0x0000029e8983aa84: ; implicit exception: dispatches to 0x0000029e8983e174
  0x0000029e8983aa84: 448b 5808 

  0x0000029e8983aa88: ;   {metadata('org/eclipse/core/internal/resources/Project')}
  0x0000029e8983aa88: 4181 fb00 | 001b 010f | 85d7 2300 | 0048 8bd0 | 4533 c045 | 33c9 488b | e866 6690 

  0x0000029e8983aaa4: ;   {optimized virtual_call}
  0x0000029e8983aaa4: c5f8 77e8 

  0x0000029e8983aaa8: ; ImmutableOopMap {rbp=Oop [32]=Oop [48]=Oop [56]=Oop [64]=Oop }
                      ;*invokevirtual getResourceInfo {reexecute=0 rethrow=0 return_oop=1}
                      ; - org.eclipse.core.internal.resources.Resource::exists@3 (line 1020)
                      ; - org.eclipse.core.internal.resources.Resource::getLocationURI@10 (line 1173)
                      ; - lombok.eclipse.EclipseAST$EclipseWorkspaceBasedFileResolver::resolve@38 (line 192)
                      ; - lombok.eclipse.EclipseAST::getAbsoluteFileLocation0@39 (line 117)
                      ; - lombok.eclipse.EclipseAST::getAbsoluteFileLocation@1 (line 82)
                      ; - lombok.eclipse.TransformEclipseAST::transform@69 (line 180)
  0x0000029e8983aaa8: 1431 bcff 

  0x0000029e8983aaac: ;   {other}
  0x0000029e8983aaac: 0f1f 8400 | 1c13 000d 

  0x0000029e8983aab4: ; implicit exception: dispatches to 0x0000029e8983cd68
  0x0000029e8983aab4: 8b68 2883 | fdff 0f84 | a822 0000 | c1ed 0883 | e50f 83fd | 040f 8511 | 2600 0048 | 8b7c 2430 
  0x0000029e8983aad4: 448b 5f10 

  0x0000029e8983aad8: ; implicit exception: dispatches to 0x0000029e8983de7c
  0x0000029e8983aad8: 418b 7338 

  0x0000029e8983aadc: ; implicit exception: dispatches to 0x0000029e8983de98
  0x0000029e8983aadc: 448b 5e14 | 448b 570c 

  0x0000029e8983aae4: ; implicit exception: dispatches to 0x0000029e8983deb4
  0x0000029e8983aae4: 418b 8b88 | 0000 0045 

  0x0000029e8983aaec: ;   {metadata('org/eclipse/core/runtime/Path')}
  0x0000029e8983aaec: 8b42 0841 | 81f8 688d | 1401 0f85 | 9c23 0000 | 458b 4a18 

  0x0000029e8983ab00: ; implicit exception: dispatches to 0x0000029e8983df0c
  0x0000029e8983ab00: 458b 410c | 4c8b ee45 | 85c0 0f86 | 5e13 0000 

  0x0000029e8983ab10: ; implicit exception: dispatches to 0x0000029e8983df48
  0x0000029e8983ab10: 448b 491c | 4585 c974 | 1441 8b59 | 104c 8bc3 | 4d3b c275 | 084d 8bc1 | e9e0 0300 | 004c 8bc9 
  0x0000029e8983ab30: 498b d348 | 8d9c 24c0 | 0000 0049 | 8b01 a802 | 0f85 2300 | 0000 4883 | c801 4889 | 03f0 490f 
  0x0000029e8983ab50: b119 0f84 | 3700 0000 | 482b c448 | 2507 f0ff | ff48 8903 | e924 0000 | 004c 8bc0 | 4833 c0f0 
  0x0000029e8983ab70: 4d0f b178 | 3e48 c703 | 0300 0000 | 7411 4c3b | f875 1549 | ff80 8600 | 0000 4833 | c075 0949 
  0x0000029e8983ab90: ff87 5005 | 0000 33c0 | 0f85 f626 | 0000 8b59 | 1085 db0f | 849f 2600 | 0041 8b42 | 1844 8b40 
  0x0000029e8983abb0: 0c48 8beb | 498b c248 | 89ac 2488 | 0000 0048 | 897c 2448 | 89b4 24a8 | 0000 0044 | 899c 24ac 
  0x0000029e8983abd0: 0000 0089 | 8c24 b000 | 0000 4c89 | 5424 604c | 896c 2450 | 4c89 4c24 | 6848 8954 

  0x0000029e8983abec: ;   {no_reloc}
  0x0000029e8983abec: 2458 899c | 24b4 0000 | 0044 8984 | 2480 0000 | 0048 896c | 2478 8984 | 24b8 0000 

  0x0000029e8983ac08: ;   {metadata('org/eclipse/core/internal/dtree/NoDataDeltaNode')}
  0x0000029e8983ac08: 00eb 4741 | 81fb 78d8 | 1901 0f85 | 3011 0000 | 448b 9424 | 8400 0000 | 4585 d20f | 852c 1100 
  0x0000029e8983ac28: 004c 8b94 | 2488 0000 | 0041 8b6a | 144d 8b97 

  0x0000029e8983ac38: ; ImmutableOopMap {rbp=NarrowOop [32]=Oop [56]=Oop [64]=Oop [72]=Oop [80]=Oop [88]=Oop [96]=Oop [104]=Oop [120]=Oop [168]=NarrowOop [172]=NarrowOop [176]=NarrowOop [180]=NarrowOop [184]=NarrowOop }
                      ;*ifnonnull {reexecute=1 rethrow=0 return_oop=0}
                      ; - (reexecute) org.eclipse.core.internal.dtree.DeltaDataTree::lookup@148 (line 671)
                      ; - org.eclipse.core.internal.watson.ElementTree::includes@27 (line 569)
                      ; - org.eclipse.core.internal.resources.Workspace::getResourceInfo@40 (line 1874)
                      ; - org.eclipse.core.internal.localstore.FileSystemResourceManager::getStoreRoot@12 (line 626)
                      ; - org.eclipse.core.internal.localstore.FileSystemResourceManager::locationURIFor@2 (line 916)
                      ; - org.eclipse.core.internal.resources.Resource::getLocationURI@26 (line 1176)
                      ; - lombok.eclipse.EclipseAST$EclipseWorkspaceBasedFileResolver::resolve@38 (line 192)
                      ; - lombok.eclipse.EclipseAST::getAbsoluteFileLocation0@39 (line 117)
                      ; - lombok.eclipse.EclipseAST::getAbsoluteFileLocation@1 (line 82)
                      ; - lombok.eclipse.TransformEclipseAST::transform@69 (line 180)
  0x0000029e8983ac38: 5804 0000 

  0x0000029e8983ac3c: ;   {poll}
  0x0000029e8983ac3c: 4185 0285 | ed0f 8451 | 2700 004c | 8bd5 4c89 | 9424 8800 | 0000 4c8b | 9424 8800 | 0000 458b 
  0x0000029e8983ac5c: 5a10 458b | c345 8b5b 

  0x0000029e8983ac64: ;   {metadata('org/eclipse/core/internal/dtree/DataTreeNode')}
  0x0000029e8983ac64: 0841 81fb | d8c8 1901 

  0x0000029e8983ac6c: ;   {metadata('org/eclipse/core/internal/dtree/DataDeltaNode')}
  0x0000029e8983ac6c: 741a 4181 | fbf0 d419 | 010f 85b3 | 2600 0045 | 33db 4489 | 9c24 8400 | 0000 eb0e | 41ba 0100 
  0x0000029e8983ac8c: 0000 4489 | 9424 8400 | 0000 4d8b | d04c 8954 | 2430 448b | 9c24 8000 | 0000 4585 | db0f 86d4 
  0x0000029e8983acac: 0000 0045 | 33d2 4489 | 9424 9000 | 0000 660f | 1f44 0000 | 4c8b 5424 | 6045 8b4a | 1841 8b69 
  0x0000029e8983accc: 0c44 8b9c | 2490 0000 | 0044 3bdd | 0f8d fa24 | 0000 443b | dd0f 834c | 2300 0047 | 8b5c 9910 
  0x0000029e8983acec: 4d8b c348 | 8b54 2430 | 4c8b 5424 | 684c 8954 | 2430 488b | 6c24 6066 | 6690 c5f8 | 7748 b8ff 
  0x0000029e8983ad0c: ffff ffff 

  0x0000029e8983ad10: ;   {virtual_call}
  0x0000029e8983ad10: ffff ffe8 

  0x0000029e8983ad14: ; ImmutableOopMap {rbp=Oop [32]=Oop [48]=Oop [56]=Oop [64]=Oop [72]=Oop [80]=Oop [88]=Oop [96]=Oop [104]=Oop [120]=Oop [136]=Oop [168]=NarrowOop [172]=NarrowOop [176]=NarrowOop [180]=NarrowOop [184]=NarrowOop }
                      ;*invokevirtual childAtOrNull {reexecute=0 rethrow=0 return_oop=1}
                      ; - org.eclipse.core.internal.dtree.DeltaDataTree::lookup@49 (line 675)
                      ; - org.eclipse.core.internal.watson.ElementTree::includes@27 (line 569)
                      ; - org.eclipse.core.internal.resources.Workspace::getResourceInfo@40 (line 1874)
                      ; - org.eclipse.core.internal.localstore.FileSystemResourceManager::getStoreRoot@12 (line 626)
                      ; - org.eclipse.core.internal.localstore.FileSystemResourceManager::locationURIFor@2 (line 916)
                      ; - org.eclipse.core.internal.resources.Resource::getLocationURI@26 (line 1176)
                      ; - lombok.eclipse.EclipseAST$EclipseWorkspaceBasedFileResolver::resolve@38 (line 192)
                      ; - lombok.eclipse.EclipseAST::getAbsoluteFileLocation0@39 (line 117)
                      ; - lombok.eclipse.EclipseAST::getAbsoluteFileLocation@1 (line 82)
                      ; - lombok.eclipse.TransformEclipseAST::transform@69 (line 180)
  0x0000029e8983ad14: f87c eefd 

  0x0000029e8983ad18: ;   {other}
  0x0000029e8983ad18: 0f1f 8400 | 8815 000f | 4889 4424 | 3048 85c0 | 0f84 eafe | ffff 488b | d090 c5f8 | 7748 b8ff 
  0x0000029e8983ad38: ffff ffff 

  0x0000029e8983ad3c: ;   {virtual_call}
  0x0000029e8983ad3c: ffff ffe8 

  0x0000029e8983ad40: ; ImmutableOopMap {rbp=Oop [32]=Oop [48]=Oop [56]=Oop [64]=Oop [72]=Oop [80]=Oop [88]=Oop [96]=Oop [104]=Oop [120]=Oop [136]=Oop [168]=NarrowOop [172]=NarrowOop [176]=NarrowOop [180]=NarrowOop [184]=NarrowOop }
                      ;*invokevirtual isDelta {reexecute=0 rethrow=0 return_oop=0}
                      ; - org.eclipse.core.internal.dtree.DeltaDataTree::lookup@66 (line 679)
                      ; - org.eclipse.core.internal.watson.ElementTree::includes@27 (line 569)
                      ; - org.eclipse.core.internal.resources.Workspace::getResourceInfo@40 (line 1874)
                      ; - org.eclipse.core.internal.localstore.FileSystemResourceManager::getStoreRoot@12 (line 626)
                      ; - org.eclipse.core.internal.localstore.FileSystemResourceManager::locationURIFor@2 (line 916)
                      ; - org.eclipse.core.internal.resources.Resource::getLocationURI@26 (line 1176)
                      ; - lombok.eclipse.EclipseAST$EclipseWorkspaceBasedFileResolver::resolve@38 (line 192)
                      ; - lombok.eclipse.EclipseAST::getAbsoluteFileLocation0@39 (line 117)
                      ; - lombok.eclipse.EclipseAST::getAbsoluteFileLocation@1 (line 82)
                      ; - lombok.eclipse.TransformEclipseAST::transform@69 (line 180)
  0x0000029e8983ad40: 4475 eefd 

  0x0000029e8983ad44: ;   {other}
  0x0000029e8983ad44: 0f1f 8400 | b415 0010 | 83f0 0144 | 8b9c 2484 | 0000 0044 | 0bd8 4489 | 9c24 8400 | 0000 448b 
  0x0000029e8983ad64: 9424 9000 | 0000 41ff | c244 8994 | 2490 0000 | 0044 3b94 | 2480 0000 | 000f 8c3d | ffff ff4c 
  0x0000029e8983ad84: 8b54 2430 | 458b 5208 

  0x0000029e8983ad8c: ;   {metadata('org/eclipse/core/internal/dtree/DataTreeNode')}
  0x0000029e8983ad8c: 4181 fad8 | c819 010f | 85a3 0d00 | 004c 8b44 | 2430 458b 

  0x0000029e8983ada0: ;   {metadata('org/eclipse/core/internal/dtree/DataTreeNode')}
  0x0000029e8983ada0: 5808 4181 | fbd8 c819 | 010f 85db | 1000 004d | 8bd0 458b | 4a14 4d8b | 87b8 0100 | 004c 8b5c 
  0x0000029e8983adc0: 2478 4c8b | 9424 8800 | 0000 33ed | 4d3b d340 | 0f94 c54d | 8bd0 4983 | c218 4d3b | 97c8 0100 
  0x0000029e8983ade0: 000f 832f | 1a00 004d | 8997 b801 | 0000 410f | 0d8a c000 | 0000 49c7 | 0001 0000 

  0x0000029e8983adfc: ;   {metadata('org/eclipse/core/internal/dtree/DataTreeLookup')}
  0x0000029e8983adfc: 0041 c740 | 08e8 b61b | 014d 8960 | 1041 c740 | 0c01 0000 | 0041 8868 | 0d44 8b9c | 24b8 0000 
  0x0000029e8983ae1c: 0045 8958 | 1045 8948 | 144d 8bd8 | 448b 9424 | b000 0000 | 4589 5a1c | 4c8b 5c24 | 684d 8bd3 
  0x0000029e8983ae3c: 49c1 ea09 | 49b9 0000 | 8af9 9e02 | 0000 4788 | 2411 f083 | 4424 c000 | 488d 8424 | c000 0000 
  0x0000029e8983ae5c: 4883 3800 | 0f84 7900 | 0000 4d8b | 1341 f6c2 | 020f 8462 | 0000 0049 | 83ba 8600 | 0000 0074 
  0x0000029e8983ae7c: 0949 ff8a | 8600 0000 | eb4b 498b | 8296 0000 | 0049 0b82 | 8e00 0000 | 750a 49c7 | 423e 0000 
  0x0000029e8983ae9c: 0000 eb3d | 4983 ba9e | 0000 0000 | 7422 4833 | c049 c742 | 3e00 0000 | 00f0 8304 | 2400 4983 
  0x0000029e8983aebc: ba9e 0000 | 0000 750d | f04d 0fb1 | 7a3e 7505 | 83c8 01eb | 0ca8 00eb | 084c 8b10 | f04d 0fb1 
  0x0000029e8983aedc: 1375 0a49 | ff8f 5005 | 0000 4533 | d20f 850e | 2400 0048 | 8b7c 2448 | 8bb4 24a8 | 0000 0044 
  0x0000029e8983aefc: ;   {no_reloc}
  0x0000029e8983aefc: 8b9c 24ac | 0000 004c | 8b54 2460 | 4c8b 6c24 | 5045 0fb6 | 400c 4585 | c00f 8447 | 0d00 0045 
  0x0000029e8983af1c: 8b9b 8800 | 0000 4585 | db0f 84a9 

  0x0000029e8983af28: ;   {oop(a 'org/eclipse/core/runtime/Path'{0x000000008067b160})}
  0x0000029e8983af28: 1f00 0049 | b860 b167 | 8000 0000 | 004d 3bd0 | 0f84 f621 | 0000 458b | 4218 458b | 480c 4585 
  0x0000029e8983af48: c90f 862e | 0b00 004d | 8bcb 488d | 9c24 c000 | 0000 498b | 01a8 020f | 8523 0000 | 0048 83c8 
  0x0000029e8983af68: 0148 8903 | f049 0fb1 | 190f 8437 | 0000 0048 | 2bc4 4825 | 07f0 ffff | 4889 03e9 | 2400 0000 
  0x0000029e8983af88: 4c8b c048 | 33c0 f04d | 0fb1 783e | 48c7 0303 | 0000 0074 | 114c 3bf8 | 7515 49ff | 8086 0000 
  0x0000029e8983afa8: 0048 33c0 | 7509 49ff | 8750 0500 | 0033 c00f | 85f3 1f00 | 0041 8b6b | 1c8b 4d10 | 4c8b c14d 
  0x0000029e8983afc8: 3bc2 0f85 | d30e 0000 | 488b dd0f | b66b 0c85 | ed0f 84b5 | 2100 0048 | 8d84 24c0 | 0000 0048 
  0x0000029e8983afe8: 8338 000f | 8479 0000 | 004d 8b11 | 41f6 c202 | 0f84 6200 | 0000 4983 | ba86 0000 | 0000 7409 
  0x0000029e8983b008: 49ff 8a86 | 0000 00eb | 4b49 8b82 | 9600 0000 | 490b 828e | 0000 0075 | 0a49 c742 | 3e00 0000 
  0x0000029e8983b028: ;   {no_reloc}
  0x0000029e8983b028: 00eb 3d49 | 83ba 9e00 | 0000 0074 | 2248 33c0 | 49c7 423e | 0000 0000 | f083 0424 | 0049 83ba 
  0x0000029e8983b048: 9e00 0000 | 0075 0df0 | 4d0f b17a | 3e75 0583 | c801 eb0c | a800 eb08 | 4c8b 10f0 | 4d0f b111 
  0x0000029e8983b068: 750a 49ff | 8f50 0500 | 0045 33d2 | 0f85 8e1f | 0000 448b | 5314 458b 

  0x0000029e8983b080: ;   {metadata('org/eclipse/core/internal/resources/ResourceInfo')}
  0x0000029e8983b080: 4208 49bb | 60e4 1894 | 9e02 0000 | 49b9 0000 | 0093 9e02 | 0000 4d03 | c84d 8b41 | 384d 3bc3 
  0x0000029e8983b0a0: 0f85 8a09 | 0000 458b | 5a30 4585 | db0f 84b8 | 0b00 0045 | 0fb6 4310 | 4585 c00f | 84aa 0b00 
  0x0000029e8983b0c0: 008b 6f0c | 498b d34c | 8bc5 4533 | c966 6690 

  0x0000029e8983b0d0: ;   {optimized virtual_call}
  0x0000029e8983b0d0: c5f8 77e8 

  0x0000029e8983b0d4: ; ImmutableOopMap {[32]=Oop [56]=Oop [64]=Oop }
                      ;*invokevirtual computeURI {reexecute=0 rethrow=0 return_oop=1}
                      ; - org.eclipse.core.internal.localstore.FileSystemResourceManager::locationURIFor@12 (line 916)
                      ; - org.eclipse.core.internal.resources.Resource::getLocationURI@26 (line 1176)
                      ; - lombok.eclipse.EclipseAST$EclipseWorkspaceBasedFileResolver::resolve@38 (line 192)
                      ; - lombok.eclipse.EclipseAST::getAbsoluteFileLocation0@39 (line 117)
                      ; - lombok.eclipse.EclipseAST::getAbsoluteFileLocation@1 (line 82)
                      ; - lombok.eclipse.TransformEclipseAST::transform@69 (line 180)
  0x0000029e8983b0d4: e8cf 90fe 

  0x0000029e8983b0d8: ;   {other}
  0x0000029e8983b0d8: 0f1f 8400 | 4819 0011 

  0x0000029e8983b0e0: ;   {oop(a 'java/lang/Class'{0x0000000083bc2720} = 'lombok/core/LombokConfiguration')}
  0x0000029e8983b0e0: 4c8b c049 | ba20 27bc | 8300 0000 | 0041 8b6a | 7844 8b55 

  0x0000029e8983b0f4: ;   {metadata('lombok/core/LombokConfiguration$3')}
  0x0000029e8983b0f4: 0841 81fa | 700a 6e01 | 0f85 461e | 0000 498b | 87b8 0100 | 004c 8bd0 | 4983 c218 | 4d3b 97c8 
  0x0000029e8983b114: 0100 000f | 8300 1500 | 004d 8997 | b801 0000 | 410f 0d8a | c000 0000 | 48c7 0001 

  0x0000029e8983b130: ;   {metadata('lombok/core/configuration/BubblingConfigurationResolver')}
  0x0000029e8983b130: 0000 00c7 | 4008 a00c | 6e01 4489 | 600c 4c89 

  0x0000029e8983b140: ;   {oop(a 'java/lang/Class'{0x0000000083bc2720} = 'lombok/core/LombokConfiguration')}
  0x0000029e8983b140: 6010 49ba | 2027 bc83 | 0000 0000 | 458b 4a74 | 4585 c90f | 84b7 1d00 | 0048 8944 | 2428 498b 
  0x0000029e8983b160: d166 6690 

  0x0000029e8983b164: ;   {optimized virtual_call}
  0x0000029e8983b164: c5f8 77e8 

  0x0000029e8983b168: ; ImmutableOopMap {rbp=Oop [32]=Oop [40]=Oop [56]=Oop }
                      ;*invokevirtual forUri {reexecute=0 rethrow=0 return_oop=1}
                      ; - lombok.core.LombokConfiguration$3::createResolver@8 (line 80)
                      ; - lombok.core.LombokConfiguration::read@4 (line 73)
                      ; - lombok.eclipse.TransformEclipseAST::transform@72 (line 180)
  0x0000029e8983b168: 7496 8bff 

  0x0000029e8983b16c: ;   {other}
  0x0000029e8983b16c: 0f1f 8400 | dc19 0012 | 448b 550c | 4c8b 4c24 | 2845 8951 | 104c 8bd8 | 4589 590c | 4d8b d149 
  0x0000029e8983b18c: c1ea 0949 | bb00 008a | f99e 0200 | 0047 8824 

  0x0000029e8983b19c: ;   {oop(a 'lombok/ConfigurationKeys$1'{0x0000000083b9f4e0})}
  0x0000029e8983b19c: 1349 b8e0 | f4b9 8300 | 0000 0049 | 8bd1 6690 

  0x0000029e8983b1ac: ;   {optimized virtual_call}
  0x0000029e8983b1ac: c5f8 77e8 

  0x0000029e8983b1b0: ; ImmutableOopMap {[32]=Oop [56]=Oop }
                      ;*invokeinterface resolve {reexecute=0 rethrow=0 return_oop=1}
                      ; - lombok.core.LombokConfiguration::read@10 (line 73)
                      ; - lombok.eclipse.TransformEclipseAST::transform@72 (line 180)
  0x0000029e8983b1b0: cc0b a2fe 

  0x0000029e8983b1b4: ;   {other}
  0x0000029e8983b1b4: 0f1f 8400 | 241a 0013 | 4885 c074 | 1d44 8b58 

  0x0000029e8983b1c4: ;   {metadata('java/lang/Boolean')}
  0x0000029e8983b1c4: 0841 81fb | 7860 0000 | 0f85 8227 | 0000 0fb6 | 680c 85ed | 0f85 9e1f | 0000 488b | 5424 2045 
  0x0000029e8983b1e4: 33c0 6690 

  0x0000029e8983b1e8: ;   {static_call}
  0x0000029e8983b1e8: c5f8 77e8 

  0x0000029e8983b1ec: ; ImmutableOopMap {[32]=Oop [56]=Oop }
                      ;*invokestatic getAST {reexecute=0 rethrow=0 return_oop=1}
                      ; - lombok.eclipse.TransformEclipseAST::transform@114 (line 185)
  0x0000029e8983b1ec: 1059 4bff 

  0x0000029e8983b1f0: ;   {other}
  0x0000029e8983b1f0: 0f1f 8400 | 601a 0014 | 4c8b 5424 | 3845 8b92 | d000 0000 

  0x0000029e8983b204: ; implicit exception: dispatches to 0x0000029e8983dfe8
  0x0000029e8983b204: 418b 6a64 | 4885 c00f | 841f 1d00 | 0089 683c | 4c8b d049 | c1ea 0949 | bb00 008a | f99e 0200 
  0x0000029e8983b224: 0047 8824 

  0x0000029e8983b228: ;   {oop(a 'lombok/eclipse/HandlerLibrary'{0x0000000083ba7b88})}
  0x0000029e8983b228: 1349 ba88 | 7bba 8300 | 0000 0041 | 8b6a 1844 

  0x0000029e8983b238: ;   {metadata('java/util/Collections$UnmodifiableSortedSet')}
  0x0000029e8983b238: 8b5d 0841 | 81fb 98ae | 1f01 0f85 | 1c1d 0000 | 4889 4424 | 604c 8bdd | 458b 530c | 4c89 5c24 
  0x0000029e8983b258: 5849 8bd2 | 6690 c5f8 | 7748 b8f0 | f832 939e 

  0x0000029e8983b268: ;   {virtual_call}
  0x0000029e8983b268: 0200 00e8 

  0x0000029e8983b26c: ; ImmutableOopMap {[32]=Oop [88]=Oop [96]=Oop }
                      ;*invokeinterface iterator {reexecute=0 rethrow=0 return_oop=1}
                      ; - java.util.Collections$UnmodifiableCollection$1::<init>@17
                      ; - java.util.Collections$UnmodifiableCollection::iterator@5
                      ; - lombok.eclipse.TransformEclipseAST::go@10 (line 223)
                      ; - lombok.eclipse.TransformEclipseAST::transform@140 (line 187)
  0x0000029e8983b26c: 9077 bfff 

  0x0000029e8983b270: ;   {other}
  0x0000029e8983b270: 0f1f 8400 | e01a 0015 | 4889 4424 

  0x0000029e8983b27c: ;   {oop(a 'java/lang/Class'{0x0000000083bfc328} = 'lombok/eclipse/TransformEclipseAST$AnnotationVisitor')}
  0x0000029e8983b27c: 5049 ba28 | c3bf 8300 

  0x0000029e8983b284: ;   {oop(a 'java/lang/Class'{0x0000000083bfc328} = 'lombok/eclipse/TransformEclipseAST$AnnotationVisitor')}
  0x0000029e8983b284: 0000 0049 | bb28 c3bf | 8300 0000 | 0049 83c3 | 5449 b800 | 0000 0000 | 0000 804c | 895c 2430 
  0x0000029e8983b2a4: 4c89 4424 | 2848 8b54 

  0x0000029e8983b2ac: ;   {oop(a 'java/lang/Class'{0x0000000083bfc328} = 'lombok/eclipse/TransformEclipseAST$AnnotationVisitor')}
  0x0000029e8983b2ac: 2450 48bd | 28c3 bf83 | 0000 0000 | 6690 c5f8 | 7748 b890 | 3930 939e 

  0x0000029e8983b2c4: ;   {virtual_call}
  0x0000029e8983b2c4: 0200 00e8 

  0x0000029e8983b2c8: ; ImmutableOopMap {rbp=Oop [48]=Derived_oop_rbp [32]=Oop [80]=Oop [88]=Oop [96]=Oop }
                      ;*invokeinterface hasNext {reexecute=0 rethrow=0 return_oop=0}
                      ; - java.util.Collections$UnmodifiableCollection$1::hasNext@4
                      ; - lombok.eclipse.TransformEclipseAST::go@99 (line 223)
                      ; - lombok.eclipse.TransformEclipseAST::transform@140 (line 187)
  0x0000029e8983b2c8: 5437 e4fe 

  0x0000029e8983b2cc: ;   {other}
  0x0000029e8983b2cc: 0f1f 8400 | 3c1b 0016 | 85c0 0f84 | 03f1 ffff | 0f1f 4000 | 488b 5424 

  0x0000029e8983b2e4: ;   {oop(a 'java/lang/Class'{0x0000000083bfc328} = 'lombok/eclipse/TransformEclipseAST$AnnotationVisitor')}
  0x0000029e8983b2e4: 5048 bd28 | c3bf 8300 | 0000 0066 | 6690 c5f8 | 7748 b890 | 3930 939e 

  0x0000029e8983b2fc: ;   {virtual_call}
  0x0000029e8983b2fc: 0200 00e8 

  0x0000029e8983b300: ; ImmutableOopMap {rbp=Oop [48]=Derived_oop_rbp [32]=Oop [80]=Oop [88]=Oop [96]=Oop }
                      ;*invokeinterface next {reexecute=0 rethrow=0 return_oop=1}
                      ; - java.util.Collections$UnmodifiableCollection$1::next@4
                      ; - lombok.eclipse.TransformEclipseAST::go@22 (line 223)
                      ; - lombok.eclipse.TransformEclipseAST::transform@140 (line 187)
  0x0000029e8983b300: 1c73 8afe 

  0x0000029e8983b304: ;   {other}
  0x0000029e8983b304: 0f1f 8400 | 741b 0017 

  0x0000029e8983b30c: ; implicit exception: dispatches to 0x0000029e8983d974
  0x0000029e8983b30c: 448b 5808 

  0x0000029e8983b310: ;   {metadata('java/lang/Long')}
  0x0000029e8983b310: 4181 fb88 | 6703 000f | 853f 2500 | 004c 8bc8 | 498b 5910 | 4c8b 5424 | 284c 3bd3 | 0f8f f401 
  0x0000029e8983b330: 0000 498b | 87b8 0100 | 004c 8bd0 | 4983 c220 | 4d3b 97c8 | 0100 000f | 8342 0f00 | 004d 8997 
  0x0000029e8983b350: b801 0000 | 410f 0d8a | c000 0000 | 48c7 0001 

  0x0000029e8983b360: ;   {metadata('lombok/eclipse/TransformEclipseAST$AnnotationVisitor')}
  0x0000029e8983b360: 0000 00c7 | 4008 d832 | 6e01 4489 | 600c 4c89 | 6010 4c89 | 6018 488b | c848 8b54 | 2430 448b 
  0x0000029e8983b380: ;   {oop(a 'java/lang/Class'{0x0000000083bfc328} = 'lombok/eclipse/TransformEclipseAST$AnnotationVisitor')}
  0x0000029e8983b380: 0249 ba28 | c3bf 8300 | 0000 0045 | 8b52 0c45 | 85c0 0f84 | 9105 0000 | 418b 680c | 413b ea0f 
  0x0000029e8983b3a0: 858f 1800 | 0041 8b68 | 1044 8b55 

  0x0000029e8983b3ac: ;   {metadata('java/util/LinkedHashMap')}
  0x0000029e8983b3ac: 0841 81fa | e8a1 0f00 | 0f85 ca01 | 0000 488b | fd44 8b5f | 2445 85db | 0f84 c701 | 0000 458b 
  0x0000029e8983b3cc: 530c 4585 | d20f 8619 

  0x0000029e8983b3d4: ;   {oop(a 'java/lang/Class'{0x0000000083ba1678} = 'lombok/eclipse/DeferUntilPostDiet')}
  0x0000029e8983b3d4: 1900 0049 | b878 16ba | 8300 0000 | 004d 8b00 | 41ff ca49 | 8bf0 4883 | e603 4883 | fe01 0f85 
  0x0000029e8983b3f4: a20c 0000 | 49c1 e808 | 418b c025 | ffff ff7f | 85c0 0f84 | 8e0c 0000 | 448b c041 | c1e8 1044 
  0x0000029e8983b414: 33c0 4523 | d047 8b5c | 9310 4585 | db0f 846a | 0100 0045 | 8b53 0c49 | 8bc3 453b | d00f 8496 
  0x0000029e8983b434: 0000 0045 | 8b53 1845 | 85d2 0f84 | 4d01 0000 | 418b 7308 

  0x0000029e8983b448: ;   {metadata('java/util/HashMap$TreeNode')}
  0x0000029e8983b448: 81fe c8fe | 1900 0f85 | 7406 0000 | 4889 7c24 | 4848 894c | 2440 4889 | 5c24 384c | 894c 2430 
  0x0000029e8983b468: 4889 5424 | 2848 8bd0 

  0x0000029e8983b470: ;   {oop(a 'java/lang/Class'{0x0000000083ba1678} = 'lombok/eclipse/DeferUntilPostDiet')}
  0x0000029e8983b470: 49b9 7816 | ba83 0000 

  0x0000029e8983b478: ;   {oop(a 'java/lang/Class'{0x0000000083bfc328} = 'lombok/eclipse/TransformEclipseAST$AnnotationVisitor')}
  0x0000029e8983b478: 0000 48bd | 28c3 bf83 | 0000 0000 

  0x0000029e8983b484: ;   {optimized virtual_call}
  0x0000029e8983b484: c5f8 77e8 

  0x0000029e8983b488: ; ImmutableOopMap {rbp=Oop [40]=Derived_oop_rbp [32]=Oop [48]=Oop [64]=Oop [72]=Oop [80]=Oop [88]=Oop [96]=Oop }
                      ;*invokevirtual getTreeNode {reexecute=0 rethrow=0 return_oop=1}
                      ; - java.util.HashMap::getNode@95
                      ; - java.util.LinkedHashMap::get@2
                      ; - java.lang.Class::getAnnotation@13
                      ; - java.lang.reflect.AnnotatedElement::isAnnotationPresent@2
                      ; - java.lang.Class::isAnnotationPresent@2
                      ; - lombok.eclipse.EclipseASTAdapter::<init>@11 (line 41)
                      ; - lombok.eclipse.TransformEclipseAST$AnnotationVisitor::<init>@1 (line 239)
                      ; - lombok.eclipse.TransformEclipseAST::go@51 (line 225)
                      ; - lombok.eclipse.TransformEclipseAST::transform@140 (line 187)
  0x0000029e8983b488: f432 c6fd 

  0x0000029e8983b48c: ;   {other}
  0x0000029e8983b48c: 0f1f 8400 | fc1c 0018 | 4885 c074 | 1b48 8b54 | 2428 4c8b | 4c24 3048 | 8b5c 2438 | 488b 4c24 
  0x0000029e8983b4ac: 4048 8b7c | 2448 eb29 | 488b 5424 | 284c 8b4c | 2430 488b | 5c24 3848 | 8b4c 2440 | e9c4 0000 
  0x0000029e8983b4cc: 0041 8b73 

  0x0000029e8983b4d0: ;   {oop(a 'java/lang/Class'{0x0000000083ba1678} = 'lombok/eclipse/DeferUntilPostDiet')}
  0x0000029e8983b4d0: 1081 fe78 | 16ba 830f | 855a ffff | ff44 0fb6 | 5730 4585 | d20f 85b8 | 0c00 008b | 6814 85ed 
  0x0000029e8983b4f0: 0f84 9b00 | 0000 448b | 5d08 48be | 0000 0093 | 9e02 0000 | 4903 f34c 

  0x0000029e8983b508: ;   {metadata('java/lang/annotation/Annotation')}
  0x0000029e8983b508: 8b56 2049 | bbf8 760f | 939e 0200 | 004d 3bd3 | 0f85 ad04 | 0000 41bb | 0100 0000 | eb6e 488b 
  0x0000029e8983b528: 5424 5066 | 6690 c5f8 | 7748 b890 | 3930 939e 

  0x0000029e8983b538: ;   {virtual_call}
  0x0000029e8983b538: 0200 00e8 

  0x0000029e8983b53c: ; ImmutableOopMap {rbp=Oop [48]=Derived_oop_rbp [32]=Oop [80]=Oop [88]=Oop [96]=Oop }
                      ;*invokeinterface hasNext {reexecute=0 rethrow=0 return_oop=0}
                      ; - java.util.Collections$UnmodifiableCollection$1::hasNext@4
                      ; - lombok.eclipse.TransformEclipseAST::go@99 (line 223)
                      ; - lombok.eclipse.TransformEclipseAST::transform@140 (line 187)
  0x0000029e8983b53c: e034 e4fe 

  0x0000029e8983b540: ;   {other}
  0x0000029e8983b540: 0f1f 8400 | b01d 0019 | 4d8b 9758 

  0x0000029e8983b54c: ;   {oop(a 'java/lang/Class'{0x0000000083bfc328} = 'lombok/eclipse/TransformEclipseAST$AnnotationVisitor')}
  0x0000029e8983b54c: 0400 0049 | bb28 c3bf | 8300 0000 

  0x0000029e8983b558: ; ImmutableOopMap {r11=Oop [48]=Derived_oop_r11 [32]=Oop [80]=Oop [88]=Oop [96]=Oop }
                      ;*ifne {reexecute=1 rethrow=0 return_oop=0}
                      ; - (reexecute) lombok.eclipse.TransformEclipseAST::go@104 (line 223)
                      ; - lombok.eclipse.TransformEclipseAST::transform@140 (line 187)
                      ;   {poll}
  0x0000029e8983b558: 0041 8502 | 85c0 0f85 | 7cfd ffff | e976 eeff | ff4c 8b94 | 2480 0000 | 0041 8b4a | 1044 8b4c 
  0x0000029e8983b578: 246c 4489 | 5c24 6ce9 | 0701 0000 

  0x0000029e8983b584: ;   {metadata('java/util/Collections$EmptyMap')}
  0x0000029e8983b584: 4181 fa20 | 661d 000f | 8518 1700 | 0045 33db | 4488 590c | 4889 5910 | 49ba ffff | ffff ffff 
  0x0000029e8983b5a4: ff7f 4c89 | 5118 4c8b | 5c24 6045 | 8b53 1045 | 85d2 0f84 | 6013 0000 | 4889 4c24 | 404c 894c 
  0x0000029e8983b5c4: 2438 4889 | 5424 3049 | 8bd2 4c8b 

  0x0000029e8983b5d0: ;   {oop(a 'java/lang/Class'{0x0000000083bfc328} = 'lombok/eclipse/TransformEclipseAST$AnnotationVisitor')}
  0x0000029e8983b5d0: c148 bd28 | c3bf 8300 | 0000 0090 

  0x0000029e8983b5dc: ;   {optimized virtual_call}
  0x0000029e8983b5dc: c5f8 77e8 

  0x0000029e8983b5e0: ; ImmutableOopMap {rbp=Oop [48]=Derived_oop_rbp [32]=Oop [56]=Oop [64]=Oop [80]=Oop [88]=Oop [96]=Oop }
                      ;*invokevirtual traverse {reexecute=0 rethrow=0 return_oop=0}
                      ; - lombok.eclipse.EclipseAST::traverse@8 (line 225)
                      ; - lombok.eclipse.TransformEclipseAST::go@62 (line 226)
                      ; - lombok.eclipse.TransformEclipseAST::transform@140 (line 187)
  0x0000029e8983b5e0: 9caa b8ff 

  0x0000029e8983b5e4: ;   {other}
  0x0000029e8983b5e4: 0f1f 8400 | 541e 001b 

  0x0000029e8983b5ec: ;   {oop(a 'lombok/eclipse/HandlerLibrary'{0x0000000083ba7b88})}
  0x0000029e8983b5ec: 49ba 887b | ba83 0000 | 0000 458b | 5214 4c8b | 5c24 4049 | 8b4b 184c | 8b44 2460 | 450f b658 
  0x0000029e8983b60c: 0d4c 8b4c | 2438 4d8b | 4910 418b 

  0x0000029e8983b618: ;   {metadata('java/util/ArrayList')}
  0x0000029e8983b618: 5a08 81fb | d089 0b00 | 0f85 1613 | 0000 4c89 | 4c24 3844 | 895c 2478 | 4889 4c24 | 2845 8b42 
  0x0000029e8983b638: 0c44 8944 | 2470 4c89 | 9424 8000 | 0000 41b9 | ffff ffff | 49bb ffff | ffff ffff | ff7f 4533 
  0x0000029e8983b658: d24c 895c | 2440 4489 | 5424 6c4c | 8b94 2480 | 0000 0041 | 8b4a 1044 | 8b5c 246c | 443b d90f 
  0x0000029e8983b678: 84e4 edff | ff44 8b54 | 2478 4585 | d20f 8520 | 0200 004c | 8b94 2480 | 0000 0045 | 8b5a 0c44 
  0x0000029e8983b698: 3b5c 2470 | 0f85 0614 | 0000 448b | 5424 6c44 | 3bd1 0f8d | 6c14 0000 | 4c8b 9424 | 8000 0000 
  0x0000029e8983b6b8: 458b 5214 

  0x0000029e8983b6bc: ; implicit exception: dispatches to 0x0000029e8983d9c8
  0x0000029e8983b6bc: 418b 7a0c | 448b 4424 | 6c44 3bc7 | 0f8d aa14 | 0000 41ff | c044 8944 | 2468 448b | 5c24 6c44 
  0x0000029e8983b6dc: 3bdf 0f83 | 6111 0000 | 478b 549a | 1045 8b42 

  0x0000029e8983b6ec: ;   {metadata('lombok/eclipse/HandlerLibrary$VisitorContainer')}
  0x0000029e8983b6ec: 0841 81f8 | c0d0 6d01 | 0f85 8e21 | 0000 4c89 | 5424 484d | 8b52 104c | 8b5c 2438 | 4d3b da7d 
  0x0000029e8983b70c: 134c 3b54 | 2440 4c8b | 5c24 404d | 0f4e da4c | 895c 2440 | 4c8b 5c24 | 4845 0fb6 | 5b0c 4585 
  0x0000029e8983b72c: db0f 85fd | ecff ff4c | 8b5c 2438 | 4d3b da0f | 85ef ecff | ff4c 8b54 | 2448 458b | 5218 4c8b 
  0x0000029e8983b74c: 5c24 6045 | 8b4b 1045 | 85c9 0f85 | 9cec ffff | 4533 c0eb | 0544 8b44 | 2478 ba5e | ffff ff48 
  0x0000029e8983b76c: 8b6c 2420 | 4c8b 5c24 | 284c 895c | 2420 4c8b | 5c24 384c | 895c 2430 | 4c8b 5c24 | 404c 895c 
  0x0000029e8983b78c: 2438 4c8b | 5c24 484c | 895c 2440 | 4c8b 5c24 | 504c 895c | 2448 4c8b | 5c24 584c | 895c 2450 
  0x0000029e8983b7ac: 4c8b 5c24 | 604c 895c | 2458 448b | 4c24 6844 | 894c 2460 | 448b 5c24 | 6c44 895c | 2464 448b 
  0x0000029e8983b7cc: 4c24 7044 | 894c 2468 | 4489 4424 | 6c44 8954 | 2478 6690 

  0x0000029e8983b7e0: ;   {runtime_call UncommonTrapBlob}
  0x0000029e8983b7e0: c5f8 77e8 

  0x0000029e8983b7e4: ; ImmutableOopMap {rbp=Oop [64]=Oop [72]=Oop [80]=Oop [88]=Oop [120]=NarrowOop [128]=Oop }
                      ;*invokevirtual traverse {reexecute=0 rethrow=0 return_oop=0}
                      ; - lombok.eclipse.EclipseAST::traverse@8 (line 225)
                      ; - lombok.eclipse.HandlerLibrary::callASTVisitors@88 (line 256)
                      ; - lombok.eclipse.TransformEclipseAST::go@90 (line 229)
                      ; - lombok.eclipse.TransformEclipseAST::transform@140 (line 187)
  0x0000029e8983b7e4: 1882 c6fd 

  0x0000029e8983b7e8: ;   {other}
  0x0000029e8983b7e8: 0f1f 8400 | 5820 001c | 4c3b 5c24 | 404c 8b54 | 2440 4d0f | 4ed3 4c89 | 5424 4066 | 0f1f 8400 
  0x0000029e8983b808: 0000 0000 | 6666 6690 | 4c8b 5424 | 384d 3bd3 | 754a 4c8b | 5424 4845 | 8b52 184c | 8b5c 2460 
  0x0000029e8983b828: 458b 4b10 | 4585 c90f | 842c ffff | ff4d 8bc2 

  0x0000029e8983b838: ;   {oop(a 'java/lang/Class'{0x0000000083bfc328} = 'lombok/eclipse/TransformEclipseAST$AnnotationVisitor')}
  0x0000029e8983b838: 498b d148 | bd28 c3bf | 8300 0000 | 0066 6690 

  0x0000029e8983b848: ;   {optimized virtual_call}
  0x0000029e8983b848: c5f8 77e8 

  0x0000029e8983b84c: ; ImmutableOopMap {rbp=Oop [48]=Derived_oop_rbp [32]=Oop [72]=Oop [80]=Oop [88]=Oop [96]=Oop [128]=Oop }
                      ;*invokevirtual traverse {reexecute=0 rethrow=0 return_oop=0}
                      ; - lombok.eclipse.EclipseAST::traverse@8 (line 225)
                      ; - lombok.eclipse.HandlerLibrary::callASTVisitors@88 (line 256)
                      ; - lombok.eclipse.TransformEclipseAST::go@90 (line 229)
                      ; - lombok.eclipse.TransformEclipseAST::transform@140 (line 187)
  0x0000029e8983b84c: 30a8 b8ff 

  0x0000029e8983b850: ;   {other}
  0x0000029e8983b850: 0f1f 8400 | c020 001d | 4c8b 9424 | 8000 0000 | 418b 4a10 | 4d8b 9f58 | 0400 0044 | 8b44 2468 
  0x0000029e8983b870: 4533 d244 | 3bc1 410f 

  0x0000029e8983b878: ;   {oop(a 'java/lang/Class'{0x0000000083bfc328} = 'lombok/eclipse/TransformEclipseAST$AnnotationVisitor')}
  0x0000029e8983b878: 95c2 49b8 | 28c3 bf83 

  0x0000029e8983b880: ; ImmutableOopMap {r8=Oop [48]=Derived_oop_r8 [32]=Oop [80]=Oop [88]=Oop [96]=Oop [128]=Oop }
                      ;*ifne {reexecute=1 rethrow=0 return_oop=0}
                      ; - (reexecute) lombok.eclipse.HandlerLibrary::callASTVisitors@142 (line 251)
                      ; - lombok.eclipse.TransformEclipseAST::go@90 (line 229)
                      ; - lombok.eclipse.TransformEclipseAST::transform@140 (line 187)
  0x0000029e8983b880: 0000 0000 

  0x0000029e8983b884: ;   {poll}
  0x0000029e8983b884: 4185 0344 | 8b5c 2468 | 443b d90f | 84cc ebff | ff4c 8b94 | 2480 0000 | 0041 8b4a | 1044 8b4c 
  0x0000029e8983b8a4: 246c 4489 | 5c24 6c4c | 8b94 2480 | 0000 0045 | 8b5a 0c44 | 3b5c 2470 | 0f85 e611 | 0000 448b 
  0x0000029e8983b8c4: 5c24 6c44 | 3bd9 0f8d | 4c12 0000 | 458b 5214 

  0x0000029e8983b8d4: ; implicit exception: dispatches to 0x0000029e8983d9c8
  0x0000029e8983b8d4: 418b 7a0c | 443b df0f | 8d97 1200 | 0044 8b44 | 246c 41ff | c044 8944 | 2468 443b | df0f 8353 
  0x0000029e8983b8f4: 0f00 0047 | 8b54 9a10 

  0x0000029e8983b8fc: ; implicit exception: dispatches to 0x0000029e8983da30
  0x0000029e8983b8fc: 458b 5a08 

  0x0000029e8983b900: ;   {metadata('lombok/eclipse/HandlerLibrary$VisitorContainer')}
  0x0000029e8983b900: 4181 fbc0 | d06d 010f | 857b 1f00 | 004c 8954 | 2448 4d8b | 5a10 4c8b | 5424 384d | 3bd3 0f8c 
  0x0000029e8983b920: ccfe ffff | e9e7 feff | ff48 894c | 2448 4889 | 5c24 404c | 894c 2438 | 48ff 7424 | 3048 8f44 
  0x0000029e8983b940: ;   {oop(a 'java/lang/Class'{0x0000000083bfc328} = 'lombok/eclipse/TransformEclipseAST$AnnotationVisitor')}
  0x0000029e8983b940: 2428 48ba | 28c3 bf83 | 0000 0000 | 458b c248 | 894c 2430 

  0x0000029e8983b954: ;   {oop(a 'java/lang/Class'{0x0000000083bfc328} = 'lombok/eclipse/TransformEclipseAST$AnnotationVisitor')}
  0x0000029e8983b954: 48bd 28c3 | bf83 0000 | 0000 6690 

  0x0000029e8983b960: ;   {optimized virtual_call}
  0x0000029e8983b960: c5f8 77e8 

  0x0000029e8983b964: ; ImmutableOopMap {rbp=Oop [40]=Derived_oop_rbp [32]=Oop [48]=Oop [56]=Oop [72]=Oop [80]=Oop [88]=Oop [96]=Oop }
                      ;*invokevirtual createAnnotationData {reexecute=0 rethrow=0 return_oop=1}
                      ; - java.lang.Class::annotationData@26
                      ; - java.lang.Class::getAnnotation@6
                      ; - java.lang.reflect.AnnotatedElement::isAnnotationPresent@2
                      ; - java.lang.Class::isAnnotationPresent@2
                      ; - lombok.eclipse.EclipseASTAdapter::<init>@11 (line 41)
                      ; - lombok.eclipse.TransformEclipseAST$AnnotationVisitor::<init>@1 (line 239)
                      ; - lombok.eclipse.TransformEclipseAST::go@51 (line 225)
                      ; - lombok.eclipse.TransformEclipseAST::transform@140 (line 187)
  0x0000029e8983b964: 182e c6fd 

  0x0000029e8983b968: ;   {other}
  0x0000029e8983b968: 0f1f 8400 | d821 001f | 4c8b c04c | 8bd0 4833 | c048 8b54 | 2428 f044 | 0fb1 1241 | 0f94 c345 
  0x0000029e8983b988: 0fb6 db45 | 85db 7415 | 4c8b d249 | c1ea 0949 | b900 008a | f99e 0200 | 0047 8824 | 1145 85db 
  0x0000029e8983b9a8: 0f84 4c08 | 0000 4d85 | c00f 8479 | 1800 004c | 8b4c 2438 | 488b 5c24 | 4048 8b4c | 2430 e9da 
  0x0000029e8983b9c8: f9ff ff4c | 8be9 4c8b | c34c 8bd2 

  0x0000029e8983b9d4: ;   {metadata('java/lang/annotation/Annotation')}
  0x0000029e8983b9d4: 48b8 f876 | 0f93 9e02 | 0000 4833 | ff4c 8b9e | a000 0000 | 498b d348 | c1e2 2b0f | 8921 0000 
  0x0000029e8983b9f4: 00f3 480f | b8d2 488b | 5e28 483b | 04d3 7415 | 490f bae3 | 1573 0b49 

  0x0000029e8983ba0c: ;   {runtime_call StubRoutines (compiler stubs)}
  0x0000029e8983ba0c: c1cb 14e8 | 83d3 c7fd | eb03 48ff | c748 85ff | 0f85 5e19 | 0000 498b | d249 8bd8 | 498b cde9 
  0x0000029e8983ba2c: eefa ffff 

  0x0000029e8983ba30: ;   {oop(a 'java/lang/ClassCastException'{0x0000000081cb89f0})}
  0x0000029e8983ba30: 49ba f089 | cb81 0000 | 0000 4589 | 6214 4c8b | 4424 28e9 | 9bf6 ffff | 4533 c0e9 | a4ed ffff 
  0x0000029e8983ba50: 4533 c0e9 | 9ced ffff | 488b 6c24 | 3866 6690 

  0x0000029e8983ba60: ;   {optimized virtual_call}
  0x0000029e8983ba60: c5f8 77e8 

  0x0000029e8983ba64: ; ImmutableOopMap {rbp=Oop [32]=Oop [56]=Oop }
                      ;*invokevirtual initClassName {reexecute=0 rethrow=0 return_oop=1}
                      ; - java.lang.Class::getName@14
                      ; - lombok.eclipse.TransformEclipseAST::transform@44 (line 175)
  0x0000029e8983ba64: 182d c6fd 

  0x0000029e8983ba68: ;   {other}
  0x0000029e8983ba68: 0f1f 8400 | d822 0020 | e9ec e7ff | ff45 33c0 | e977 edff | ff41 0fb6 | 6a10 83e5 | 0783 fd01 
  0x0000029e8983ba88: 0f85 4619 | 0000 ba45 | ffff ff48 | 8b6c 2420 | 4c8b 5424 | 384c 8954 | 2420 4c8b | 5424 404c 
  0x0000029e8983baa8: 8954 2428 | 8974 2438 | 4889 7c24 | 4066 6690 

  0x0000029e8983bab8: ;   {runtime_call UncommonTrapBlob}
  0x0000029e8983bab8: c5f8 77e8 

  0x0000029e8983babc: ; ImmutableOopMap {rbp=Oop [32]=Oop [40]=Oop [56]=NarrowOop [64]=Oop }
                      ;*ifeq {reexecute=1 rethrow=0 return_oop=0}
                      ; - (reexecute) org.eclipse.core.internal.watson.ElementTree::getElementData@6 (line 393)
                      ; - org.eclipse.core.internal.resources.Workspace::getResourceInfo@73 (line 1880)
                      ; - org.eclipse.core.internal.localstore.FileSystemResourceManager::getStoreRoot@12 (line 626)
                      ; - org.eclipse.core.internal.localstore.FileSystemResourceManager::locationURIFor@2 (line 916)
                      ; - org.eclipse.core.internal.resources.Resource::getLocationURI@26 (line 1176)
                      ; - lombok.eclipse.EclipseAST$EclipseWorkspaceBasedFileResolver::resolve@38 (line 192)
                      ; - lombok.eclipse.EclipseAST::getAbsoluteFileLocation0@39 (line 117)
                      ; - lombok.eclipse.EclipseAST::getAbsoluteFileLocation@1 (line 82)
                      ; - lombok.eclipse.TransformEclipseAST::transform@69 (line 180)
  0x0000029e8983babc: 407f c6fd 

  0x0000029e8983bac0: ;   {other}
  0x0000029e8983bac0: 0f1f 8400 | 3023 0021 | 4c89 9424 | 8000 0000 | 4c8b 9424 | 8000 0000 | 458b 520c | 453b d075 
  0x0000029e8983bae0: 264c 8b94 | 2480 0000 | 0045 8b52 

  0x0000029e8983baec: ;   {oop(a 'java/lang/Class'{0x0000000083ba1678} = 'lombok/eclipse/DeferUntilPostDiet')}
  0x0000029e8983baec: 1041 81fa | 7816 ba83 | 0f85 1a06 | 0000 488b | 8424 8000 | 0000 e9d6 | f9ff ff49 | 8b87 5804 
  0x0000029e8983bb0c: 0000 4c8b | 9424 8000 | 0000 458b 

  0x0000029e8983bb18: ;   {oop(a 'java/lang/Class'{0x0000000083bfc328} = 'lombok/eclipse/TransformEclipseAST$AnnotationVisitor')}
  0x0000029e8983bb18: 5a18 48bd | 28c3 bf83 

  0x0000029e8983bb20: ; ImmutableOopMap {r11=NarrowOop r9=Oop rcx=Oop rdi=Oop rbp=Oop rdx=Derived_oop_rbp [32]=Oop [80]=Oop [88]=Oop [96]=Oop }
                      ;*ifnonnull {reexecute=1 rethrow=0 return_oop=0}
                      ; - (reexecute) java.util.HashMap::getNode@145
                      ; - java.util.LinkedHashMap::get@2
                      ; - java.lang.Class::getAnnotation@13
                      ; - java.lang.reflect.AnnotatedElement::isAnnotationPresent@2
                      ; - java.lang.Class::isAnnotationPresent@2
                      ; - lombok.eclipse.EclipseASTAdapter::<init>@11 (line 41)
                      ; - lombok.eclipse.TransformEclipseAST$AnnotationVisitor::<init>@1 (line 239)
                      ; - lombok.eclipse.TransformEclipseAST::go@51 (line 225)
                      ; - lombok.eclipse.TransformEclipseAST::transform@140 (line 187)
  0x0000029e8983bb20: 0000 0000 

  0x0000029e8983bb24: ;   {poll}
  0x0000029e8983bb24: 8500 4585 | db0f 8462 | faff ff4d | 8bd3 4c89 | 9424 8000 | 0000 eb94 | 488b 5424 | 3090 c5f8 
  0x0000029e8983bb44: 7748 b8f0 | d419 949e 

  0x0000029e8983bb4c: ;   {virtual_call}
  0x0000029e8983bb4c: 0200 00e8 

  0x0000029e8983bb50: ; ImmutableOopMap {[32]=Oop [48]=Oop [56]=Oop [64]=Oop [72]=Oop [80]=Oop [88]=Oop [96]=Oop [104]=Oop [120]=Oop [136]=Oop [168]=NarrowOop [172]=NarrowOop [176]=NarrowOop [180]=NarrowOop [184]=NarrowOop }
                      ;*invokevirtual hasData {reexecute=0 rethrow=0 return_oop=0}
                      ; - org.eclipse.core.internal.dtree.DeltaDataTree::lookup@96 (line 682)
                      ; - org.eclipse.core.internal.watson.ElementTree::includes@27 (line 569)
                      ; - org.eclipse.core.internal.resources.Workspace::getResourceInfo@40 (line 1874)
                      ; - org.eclipse.core.internal.localstore.FileSystemResourceManager::getStoreRoot@12 (line 626)
                      ; - org.eclipse.core.internal.localstore.FileSystemResourceManager::locationURIFor@2 (line 916)
                      ; - org.eclipse.core.internal.resources.Resource::getLocationURI@26 (line 1176)
                      ; - lombok.eclipse.EclipseAST$EclipseWorkspaceBasedFileResolver::resolve@38 (line 192)
                      ; - lombok.eclipse.EclipseAST::getAbsoluteFileLocation0@39 (line 117)
                      ; - lombok.eclipse.EclipseAST::getAbsoluteFileLocation@1 (line 82)
                      ; - lombok.eclipse.TransformEclipseAST::transform@69 (line 180)
  0x0000029e8983bb50: 4cb5 4efe 

  0x0000029e8983bb54: ;   {other}
  0x0000029e8983bb54: 0f1f 8400 | c423 0023 | 4c8b 5424 | 3045 8b5a | 0885 c00f | 849e f0ff | ff4c 8b44 | 2430 e92b 
  0x0000029e8983bb74: f2ff ff33 | ffe9 63e6 | ffff 488b | d8eb 0348 | 8bd8 4c8b | 5c24 6848 | 8d84 24c0 | 0000 0048 
  0x0000029e8983bb94: 8338 000f | 8479 0000 | 004d 8b13 | 41f6 c202 | 0f84 6200 | 0000 4983 | ba86 0000 | 0000 7409 
  0x0000029e8983bbb4: 49ff 8a86 | 0000 00eb | 4b49 8b82 | 9600 0000 | 490b 828e | 0000 0075 | 0a49 c742 | 3e00 0000 
  0x0000029e8983bbd4: 00eb 3d49 | 83ba 9e00 | 0000 0074 | 2248 33c0 | 49c7 423e | 0000 0000 | f083 0424 | 0049 83ba 
  0x0000029e8983bbf4: 9e00 0000 | 0075 0df0 | 4d0f b17a | 3e75 0583 | c801 eb0c | a800 eb08 | 4c8b 10f0 | 4d0f b113 
  0x0000029e8983bc14: 750a 49ff | 8f50 0500 | 0045 33d2 | 0f85 421b | 0000 4c8b | c344 8b53 | 0849 bb00 | 0000 939e 
  0x0000029e8983bc34: 0200 004d | 03da 4d8b 

  0x0000029e8983bc3c: ;   {metadata('java/lang/IllegalArgumentException')}
  0x0000029e8983bc3c: 5350 49bb | c09a 0693 | 9e02 0000 | 4d3b d30f | 8550 0d00 | 0048 8b7c | 2448 8bb4 | 24a8 0000 
  0x0000029e8983bc5c: 004c 8b6c | 2450 4533 | d289 7424 | 50eb 2b45 | 8b42 2845 | 8bd8 4181 | e300 0008 | 0045 85db 
  0x0000029e8983bc7c: 0f85 ae18 | 0000 4181 | e000 0001 | 0045 85c0 | 0f85 de18 | 0000 8974 | 2450 498b | ea4c 896c 
  0x0000029e8983bc9c: 2448 4889 | 7c24 3048 | 8bd7 6690 

  0x0000029e8983bca8: ;   {optimized virtual_call}
  0x0000029e8983bca8: c5f8 77e8 

  0x0000029e8983bcac: ; ImmutableOopMap {rbp=Oop [32]=Oop [48]=Oop [56]=Oop [64]=Oop [72]=Oop [80]=NarrowOop }
                      ;*invokeinterface getParent {reexecute=0 rethrow=0 return_oop=1}
                      ; - org.eclipse.core.internal.localstore.FileSystemResourceManager::getStoreRoot@155 (line 653)
                      ; - org.eclipse.core.internal.localstore.FileSystemResourceManager::locationURIFor@2 (line 916)
                      ; - org.eclipse.core.internal.resources.Resource::getLocationURI@26 (line 1176)
                      ; - lombok.eclipse.EclipseAST$EclipseWorkspaceBasedFileResolver::resolve@38 (line 192)
                      ; - lombok.eclipse.EclipseAST::getAbsoluteFileLocation0@39 (line 117)
                      ; - lombok.eclipse.EclipseAST::getAbsoluteFileLocation@1 (line 82)
                      ; - lombok.eclipse.TransformEclipseAST::transform@69 (line 180)
  0x0000029e8983bcac: d02a c6fd 

  0x0000029e8983bcb0: ;   {other}
  0x0000029e8983bcb0: 0f1f 8400 | 2025 0024 | 4885 c00f | 84dd 0700 | 0048 8b54 | 2448 4c8b | c066 6690 

  0x0000029e8983bccc: ;   {optimized virtual_call}
  0x0000029e8983bccc: c5f8 77e8 

  0x0000029e8983bcd0: ; ImmutableOopMap {rbp=Oop [32]=Oop [48]=Oop [56]=Oop [64]=Oop }
                      ;*invokevirtual getStoreRoot {reexecute=0 rethrow=0 return_oop=1}
                      ; - org.eclipse.core.internal.localstore.FileSystemResourceManager::getStoreRoot@214 (line 662)
                      ; - org.eclipse.core.internal.localstore.FileSystemResourceManager::locationURIFor@2 (line 916)
                      ; - org.eclipse.core.internal.resources.Resource::getLocationURI@26 (line 1176)
                      ; - lombok.eclipse.EclipseAST$EclipseWorkspaceBasedFileResolver::resolve@38 (line 192)
                      ; - lombok.eclipse.EclipseAST::getAbsoluteFileLocation0@39 (line 117)
                      ; - lombok.eclipse.EclipseAST::getAbsoluteFileLocation@1 (line 82)
                      ; - lombok.eclipse.TransformEclipseAST::transform@69 (line 180)
  0x0000029e8983bcd0: ac2a c6fd 

  0x0000029e8983bcd4: ;   {other}
  0x0000029e8983bcd4: 0f1f 8400 | 4425 0025 | 4c8b d54d | 85d2 7419 | 4c8b d845 | 895a 3049 | c1ea 0949 | bb00 008a 
  0x0000029e8983bcf4: f99e 0200 | 0047 8824 | 134c 8b54 | 2430 418b | 6a0c 4885 | c00f 8401 | 1700 0048 | 8bd0 e9b0 
  0x0000029e8983bd14: f3ff ff4c | 8b6c 2428 

  0x0000029e8983bd1c: ;   {oop(a 'lombok/patcher/Symbols$1'{0x0000000083bc6440})}
  0x0000029e8983bd1c: 48ba 4064 | bc83 0000 | 0000 4d8b | c548 8b6c | 2438 6690 

  0x0000029e8983bd30: ;   {optimized virtual_call}
  0x0000029e8983bd30: c5f8 77e8 

  0x0000029e8983bd34: ; ImmutableOopMap {rbp=Oop [32]=Oop [56]=Oop }
                      ;*invokevirtual setInitialValue {reexecute=0 rethrow=0 return_oop=1}
                      ; - java.lang.ThreadLocal::get@31
                      ; - java.lang.ThreadLocal::get@4
                      ; - lombok.patcher.Symbols::hasSymbol@17 (line 69)
                      ; - lombok.eclipse.TransformEclipseAST::transform@31 (line 172)
  0x0000029e8983bd34: 08a2 44ff 

  0x0000029e8983bd38: ;   {other}
  0x0000029e8983bd38: 0f1f 8400 | a825 0026 | 4c8b d0e9 | cfe4 ffff 

  0x0000029e8983bd48: ;   {metadata('org/eclipse/core/internal/dtree/DeletedNode')}
  0x0000029e8983bd48: 4181 fba8 | db19 010f | 8587 1a00 | 0049 8b87 | b801 0000 | 4c8b d049 | 83c2 184d | 3b97 c801 
  0x0000029e8983bd68: 0000 0f83 | 180f 0000 | 4d89 97b8 | 0100 0041 | 0f0d 8ac0 | 0000 0048 | c700 0100 

  0x0000029e8983bd84: ;   {metadata('org/eclipse/core/internal/dtree/DataTreeLookup')}
  0x0000029e8983bd84: 0000 c740 | 08e8 b61b | 0144 8960 | 0c4c 8960 | 1044 8b9c | 24b8 0000 | 0044 8958 | 104c 8bc0 
  0x0000029e8983bda4: e97c f0ff | ff0f 1f80 | 0000 0000 | 418b caeb | 1546 0fb7 | 5453 1041 | 83fa 6d0f | 85d7 e3ff 
  0x0000029e8983bdc4: ffb9 0100 | 0000 448d | 0c0f 4863 | d145 0fb6 | 5c16 1045 | 8d51 f046 | 0fb7 5453 | 1045 3bd3 
  0x0000029e8983bde4: 0f85 b2e3 | ffff 450f | b654 1611 | 458d 41f1 | 460f b744 | 4310 453b | c20f 8599 | e3ff ff45 
  0x0000029e8983be04: 0fb6 5c16 | 1245 8d51 | f246 0fb7 | 5453 1045 | 3bd3 0f85 | 80e3 ffff | 450f b654 | 1613 4183 
  0x0000029e8983be24: c1f3 460f | b75c 4b10 | 453b da0f | 8567 e3ff | ff44 8d51 | 0441 83fa | 0d0f 8c6d | ffff ff83 
  0x0000029e8983be44: c104 6690 | 450f b654 | 0e10 448d | 440f f046 | 0fb7 5c43 | 1045 3bda | 0f85 3ae3 | ffff ffc1 
  0x0000029e8983be64: 83f9 107c | dfe9 13e3 | ffff 8b69 | 1444 8b5d 

  0x0000029e8983be74: ;   {metadata('org/eclipse/core/internal/resources/RootInfo')}
  0x0000029e8983be74: 0841 81fb | d0eb 1801 | 0f85 821a | 0000 4c8b | d5e9 1cf2 

  0x0000029e8983be88: ;   {metadata('org/eclipse/core/internal/dtree/DataDeltaNode')}
  0x0000029e8983be88: ffff 4181 | fbf0 d419 | 010f 85c9 | 1500 004d | 8bd0 458b | 4a14 e913 | efff ff45 | 8b43 1045 
  0x0000029e8983bea8: 85c0 0f84 | 0016 0000 | 4c89 4c24 | 5841 8beb | 4c89 6c24 | 504c 8954 | 2430 89b4 | 24a8 0000 
  0x0000029e8983bec8: 0048 897c | 2448 498b | d04d 8bc2 

  0x0000029e8983bed4: ;   {optimized virtual_call}
  0x0000029e8983bed4: c5f8 77e8 

  0x0000029e8983bed8: ; ImmutableOopMap {rbp=NarrowOop [32]=Oop [48]=Oop [56]=Oop [64]=Oop [72]=Oop [80]=Oop [88]=Oop [168]=NarrowOop }
                      ;*invokevirtual lookup {reexecute=0 rethrow=0 return_oop=1}
                      ; - org.eclipse.core.internal.watson.ElementTree::getElementData@38 (line 399)
                      ; - org.eclipse.core.internal.resources.Workspace::getResourceInfo@73 (line 1880)
                      ; - org.eclipse.core.internal.localstore.FileSystemResourceManager::getStoreRoot@12 (line 626)
                      ; - org.eclipse.core.internal.localstore.FileSystemResourceManager::locationURIFor@2 (line 916)
                      ; - org.eclipse.core.internal.resources.Resource::getLocationURI@26 (line 1176)
                      ; - lombok.eclipse.EclipseAST$EclipseWorkspaceBasedFileResolver::resolve@38 (line 192)
                      ; - lombok.eclipse.EclipseAST::getAbsoluteFileLocation0@39 (line 117)
                      ; - lombok.eclipse.EclipseAST::getAbsoluteFileLocation@1 (line 82)
                      ; - lombok.eclipse.TransformEclipseAST::transform@69 (line 180)
  0x0000029e8983bed8: c454 51fe 

  0x0000029e8983bedc: ;   {other}
  0x0000029e8983bedc: 0f1f 8400 | 4c27 0027 | 488b d84c | 8bc0 448b | dd45 8943 | 1c4c 8b4c | 2458 4d8b | d149 c1ea 
  0x0000029e8983befc: 0949 b800 | 008a f99e | 0200 0047 | 8824 10f0 | 8344 24c0 | 0048 85c0 | 0f84 de15 | 0000 488b 
  0x0000029e8983bf1c: 7c24 488b | b424 a800 | 0000 4c8b | 5424 304c | 8b6c 2450 | e99e f0ff | ffbb ffff | ffff e9d5 
  0x0000029e8983bf3c: ;   {oop([B{0x0000000080002bb0})}
  0x0000029e8983bf3c: e9ff ffbb | b02b 0080 | 4533 db45 | 8bcb e969 | e1ff ff44 | 0fb7 1941 | 83fb 660f | 85cf e7ff 
  0x0000029e8983bf5c: ff44 0fb7 | 5d12 4183 | fb69 0f85 | c0e7 ffff | 440f b75d | 1441 83fb | 6c0f 85b1 | e7ff ff44 
  0x0000029e8983bf7c: 0fb7 5d16 | 4183 fb65 | 0f85 a2e7 | ffff 440f | b75d 1841 | 83fb 3a0f | 8593 e7ff | ffe9 73e7 
  0x0000029e8983bf9c: ffff 440f | b719 4183 | fb73 0f85 | 9700 0000 | 440f b75d | 1241 83fb | 6f0f 8588 | 0000 0044 
  0x0000029e8983bfbc: 0fb7 5d14 | 4183 fb75 | 757d 440f | b75d 1641 | 83fb 7275 | 7244 0fb7 | 5d18 4183 | fb63 7567 
  0x0000029e8983bfdc: 440f b75d | 1a41 83fb | 6575 5c44 | 0fb7 5d1c | 4183 fb63 | 7551 440f | b75d 1e41 | 83fb 6f75 
  0x0000029e8983bffc: 4644 0fb7 | 5d20 4183 | fb6e 753b | 440f b75d | 2241 83fb | 7475 3044 | 0fb7 5d24 | 4183 fb72 
  0x0000029e8983c01c: 7525 440f | b75d 2641 | 83fb 6f75 | 1a44 0fb7 | 5d28 4183 | fb6c 750f | 440f b75d | 2a41 83fb 
  0x0000029e8983c03c: ;   {no_reloc}
  0x0000029e8983c03c: 3a0f 8491 | e7ff ff45 | 33c0 e9a9 | e7ff ff89 | 4c24 2849 | 8be8 498b | d266 6690 

  0x0000029e8983c058: ;   {optimized virtual_call}
  0x0000029e8983c058: c5f8 77e8 

  0x0000029e8983c05c: ; ImmutableOopMap {[32]=Oop [40]=NarrowOop [56]=Oop [64]=Oop }
                      ;*invokevirtual length {reexecute=0 rethrow=0 return_oop=0}
                      ; - java.lang.String::indexOf@30
                      ; - lombok.eclipse.EclipseAST$EclipseWorkspaceBasedFileResolver::resolve@8 (line 188)
                      ; - lombok.eclipse.EclipseAST::getAbsoluteFileLocation0@39 (line 117)
                      ; - lombok.eclipse.EclipseAST::getAbsoluteFileLocation@1 (line 82)
                      ; - lombok.eclipse.TransformEclipseAST::transform@69 (line 180)
  0x0000029e8983c05c: 2027 c6fd 

  0x0000029e8983c060: ;   {other}
  0x0000029e8983c060: 0f1f 8400 | d028 0028 | 448b 5c24 | 2849 8bd3 | 41b8 2f00 | 0000 41b9 | 0100 0000 | 8bf8 6690 
  0x0000029e8983c080: ;   {static_call}
  0x0000029e8983c080: c5f8 77e8 

  0x0000029e8983c084: ; ImmutableOopMap {[32]=Oop [56]=Oop [64]=Oop }
                      ;*invokestatic indexOf {reexecute=0 rethrow=0 return_oop=0}
                      ; - java.lang.String::indexOf@33
                      ; - lombok.eclipse.EclipseAST$EclipseWorkspaceBasedFileResolver::resolve@8 (line 188)
                      ; - lombok.eclipse.EclipseAST::getAbsoluteFileLocation0@39 (line 117)
                      ; - lombok.eclipse.EclipseAST::getAbsoluteFileLocation@1 (line 82)
                      ; - lombok.eclipse.TransformEclipseAST::transform@69 (line 180)
  0x0000029e8983c084: f82c c6fd 

  0x0000029e8983c088: ;   {other}
  0x0000029e8983c088: 0f1f 8400 | f828 0029 | 8bd8 4c8b | c5e9 7ae8 | ffff 4489 | 5424 6c48 | 897c 2448 | 4889 4c24 
  0x0000029e8983c0a8: 4048 895c | 2438 4c89 | 4c24 3048 | 8954 2428 | 4d8b d344 | 895c 2468 

  0x0000029e8983c0c0: ;   {oop(a 'java/lang/Class'{0x0000000083ba1678} = 'lombok/eclipse/DeferUntilPostDiet')}
  0x0000029e8983c0c0: 48ba 7816 | ba83 0000 

  0x0000029e8983c0c8: ;   {oop(a 'java/lang/Class'{0x0000000083bfc328} = 'lombok/eclipse/TransformEclipseAST$AnnotationVisitor')}
  0x0000029e8983c0c8: 0000 48bd | 28c3 bf83 | 0000 0000 | 4c89 9424 | 8000 0000 

  0x0000029e8983c0dc: ;   {optimized virtual_call}
  0x0000029e8983c0dc: c5f8 77e8 

  0x0000029e8983c0e0: ; ImmutableOopMap {rbp=Oop [40]=Derived_oop_rbp [32]=Oop [48]=Oop [64]=Oop [72]=Oop [80]=Oop [88]=Oop [96]=Oop [104]=NarrowOop [128]=Oop }
                      ;*invokevirtual hashCode {reexecute=0 rethrow=0 return_oop=0}
                      ; - java.util.HashMap::hash@9
                      ; - java.util.HashMap::getNode@23
                      ; - java.util.LinkedHashMap::get@2
                      ; - java.lang.Class::getAnnotation@13
                      ; - java.lang.reflect.AnnotatedElement::isAnnotationPresent@2
                      ; - java.lang.Class::isAnnotationPresent@2
                      ; - lombok.eclipse.EclipseASTAdapter::<init>@11 (line 41)
                      ; - lombok.eclipse.TransformEclipseAST$AnnotationVisitor::<init>@1 (line 239)
                      ; - lombok.eclipse.TransformEclipseAST::go@51 (line 225)
                      ; - lombok.eclipse.TransformEclipseAST::transform@140 (line 187)
  0x0000029e8983c0e0: 9c26 c6fd 

  0x0000029e8983c0e4: ;   {other}
  0x0000029e8983c0e4: 0f1f 8400 | 5429 002a | 488b 5424 | 284c 8b4c | 2430 488b | 5c24 3848 | 8b4c 2440 | 488b 7c24 
  0x0000029e8983c104: 4844 8b5c | 2468 448b | 5424 6ce9 | f8f2 ffff | 4489 4424 | 6848 897c | 2448 4889 | 4c24 4048 
  0x0000029e8983c124: 895c 2438 | 4c89 4c24 | 3048 8954 | 2428 4d8b 

  0x0000029e8983c134: ;   {oop(a 'java/lang/Class'{0x0000000083ba1678} = 'lombok/eclipse/DeferUntilPostDiet')}
  0x0000029e8983c134: c248 ba78 | 16ba 8300 

  0x0000029e8983c13c: ;   {oop(a 'java/lang/Class'{0x0000000083bfc328} = 'lombok/eclipse/TransformEclipseAST$AnnotationVisitor')}
  0x0000029e8983c13c: 0000 0048 | bd28 c3bf | 8300 0000 | 0066 6690 

  0x0000029e8983c14c: ;   {optimized virtual_call}
  0x0000029e8983c14c: c5f8 77e8 

  0x0000029e8983c150: ; ImmutableOopMap {rbp=Oop [40]=Derived_oop_rbp [32]=Oop [48]=Oop [64]=Oop [72]=Oop [80]=Oop [88]=Oop [96]=Oop [128]=Oop }
                      ;*invokevirtual equals {reexecute=0 rethrow=0 return_oop=0}
                      ; - java.util.HashMap::getNode@128
                      ; - java.util.LinkedHashMap::get@2
                      ; - java.lang.Class::getAnnotation@13
                      ; - java.lang.reflect.AnnotatedElement::isAnnotationPresent@2
                      ; - java.lang.Class::isAnnotationPresent@2
                      ; - lombok.eclipse.EclipseASTAdapter::<init>@11 (line 41)
                      ; - lombok.eclipse.TransformEclipseAST$AnnotationVisitor::<init>@1 (line 239)
                      ; - lombok.eclipse.TransformEclipseAST::go@51 (line 225)
                      ; - lombok.eclipse.TransformEclipseAST::transform@140 (line 187)
  0x0000029e8983c150: 2c26 c6fd 

  0x0000029e8983c154: ;   {other}
  0x0000029e8983c154: 0f1f 8400 | c429 002b | 85c0 0f84 | 8f06 0000 | 488b 5424 | 284c 8b4c | 2430 488b | 5c24 3848 
  0x0000029e8983c174: 8b4c 2440 | 488b 7c24 | 48e9 78f9 

  0x0000029e8983c180: ;   {oop([B{0x0000000080002bb0})}
  0x0000029e8983c180: ffff c740 | 14b0 2b00 | 804c 8bd0 | 49c1 ea09 | 49bb 0000 | 8af9 9e02 | 0000 4788 | 2413 e914 
  0x0000029e8983c1a0: e5ff ff48 | 8944 2448 | 4889 4c24 | 4048 895c | 2438 4c89 | 4c24 3048 | 8954 2428 | 488b d74c 
  0x0000029e8983c1c0: ;   {oop(a 'java/lang/Class'{0x0000000083bfc328} = 'lombok/eclipse/TransformEclipseAST$AnnotationVisitor')}
  0x0000029e8983c1c0: 8bc0 48bd | 28c3 bf83 | 0000 0000 

  0x0000029e8983c1cc: ;   {optimized virtual_call}
  0x0000029e8983c1cc: c5f8 77e8 

  0x0000029e8983c1d0: ; ImmutableOopMap {rbp=Oop [40]=Derived_oop_rbp [32]=Oop [48]=Oop [64]=Oop [72]=Oop [80]=Oop [88]=Oop [96]=Oop }
                      ;*invokevirtual afterNodeAccess {reexecute=0 rethrow=0 return_oop=0}
                      ; - java.util.LinkedHashMap::get@21
                      ; - java.lang.Class::getAnnotation@13
                      ; - java.lang.reflect.AnnotatedElement::isAnnotationPresent@2
                      ; - java.lang.Class::isAnnotationPresent@2
                      ; - lombok.eclipse.EclipseASTAdapter::<init>@11 (line 41)
                      ; - lombok.eclipse.TransformEclipseAST$AnnotationVisitor::<init>@1 (line 239)
                      ; - lombok.eclipse.TransformEclipseAST::go@51 (line 225)
                      ; - lombok.eclipse.TransformEclipseAST::transform@140 (line 187)
  0x0000029e8983c1d0: ac25 c6fd 

  0x0000029e8983c1d4: ;   {other}
  0x0000029e8983c1d4: 0f1f 8400 | 442a 002c | 488b 5424 | 284c 8b4c | 2430 488b | 5c24 3848 | 8b4c 2440 | 488b 4424 
  0x0000029e8983c1f4: 48e9 f1f2 | ffff 4d8b | 9758 0400 

  0x0000029e8983c200: ;   {oop(a 'java/lang/Class'{0x0000000083bfc328} = 'lombok/eclipse/TransformEclipseAST$AnnotationVisitor')}
  0x0000029e8983c200: 0049 bb28 | c3bf 8300 

  0x0000029e8983c208: ; ImmutableOopMap {r11=Oop rdx=Derived_oop_r11 [32]=Oop [48]=Oop [56]=Oop [72]=Oop [80]=Oop [88]=Oop [96]=Oop }
                      ;*goto {reexecute=1 rethrow=0 return_oop=0}
                      ; - (reexecute) java.lang.Class::annotationData@41
                      ; - java.lang.Class::getAnnotation@6
                      ; - java.lang.reflect.AnnotatedElement::isAnnotationPresent@2
                      ; - java.lang.Class::isAnnotationPresent@2
                      ; - lombok.eclipse.EclipseASTAdapter::<init>@11 (line 41)
                      ; - lombok.eclipse.TransformEclipseAST$AnnotationVisitor::<init>@1 (line 239)
                      ; - lombok.eclipse.TransformEclipseAST::go@51 (line 225)
                      ; - lombok.eclipse.TransformEclipseAST::transform@140 (line 187)
                      ;   {poll}
  0x0000029e8983c208: 0000 0041 | 8502 4889 | 5424 304c | 8b4c 2438 | 488b 5c24 | 4048 8b4c | 2448 e952 | f1ff ff4c 
  0x0000029e8983c228: 8b54 2450 | 4c89 5424 | 404c 896c | 2430 448b | 4424 2844 | 8944 242c | 4489 5c24 | 2848 8b6c 
  0x0000029e8983c248: ;   {metadata({type array byte})}
  0x0000029e8983c248: 2420 48ba | 1823 0093 | 9e02 0000 

  0x0000029e8983c254: ;   {runtime_call _new_array_nozero_Java}
  0x0000029e8983c254: c5f8 77e8 

  0x0000029e8983c258: ; ImmutableOopMap {rbp=Oop [40]=NarrowOop [48]=Oop [56]=Oop [96]=Oop }
                      ;*newarray {reexecute=0 rethrow=0 return_oop=1}
                      ; - java.lang.StringUTF16::compress@1
                      ; - java.lang.String::<init>@36
                      ; - java.lang.String::<init>@6
                      ; - java.lang.String::valueOf@5
                      ; - lombok.eclipse.TransformEclipseAST::transform@17 (line 170)
  0x0000029e8983c258: 2430 c8fd 

  0x0000029e8983c25c: ;   {other}
  0x0000029e8983c25c: 0f1f 8400 | cc2a 002e | 4889 6c24 | 2044 8b5c | 2428 448b | 4424 2c44 | 8944 2428 | 4c8b 4c24 
  0x0000029e8983c27c: 404c 894c | 2450 4c8b | 6c24 304c | 8bd0 e936 | ddff ff48 | 895c 2438 | 4c89 4c24 

  0x0000029e8983c298: ;   {metadata('lombok/eclipse/TransformEclipseAST$AnnotationVisitor')}
  0x0000029e8983c298: 2848 bad8 | 326e 949e | 0200 0090 

  0x0000029e8983c2a4: ;   {runtime_call _new_instance_Java}
  0x0000029e8983c2a4: c5f8 77e8 

  0x0000029e8983c2a8: ; ImmutableOopMap {rbp=Oop [48]=Derived_oop_rbp [32]=Oop [40]=Oop [80]=Oop [88]=Oop [96]=Oop }
                      ;*new {reexecute=0 rethrow=0 return_oop=1}
                      ; - lombok.eclipse.TransformEclipseAST::go@43 (line 225)
                      ; - lombok.eclipse.TransformEclipseAST::transform@140 (line 187)
  0x0000029e8983c2a8: 5436 c8fd 

  0x0000029e8983c2ac: ;   {other}
  0x0000029e8983c2ac: 0f1f 8400 | 1c2b 002f | 4c8b 4c24 | 2848 8b5c | 2438 e9b3 | f0ff ff44 | 8b44 2428 | 4181 f8ff 
  0x0000029e8983c2cc: ffff 3f0f | 8768 1300 | 0041 d1e0 | 4489 4424 | 4c41 81f8 | 0000 1000 | 0f87 7e13 | 0000 4d63 
  0x0000029e8983c2ec: d841 81f8 | 0000 1000 | 0f87 2e11 | 0000 498b | 9fb8 0100 | 0049 83c3 | 1749 83e3 | f84c 8bc3 
  0x0000029e8983c30c: 4d03 c34d | 3b87 c801 | 0000 0f83 | 0c11 0000 | 4d89 87b8 | 0100 0041 | 0f0d 88c0 | 0000 0048 
  0x0000029e8983c32c: c703 0100 | 0000 410f | 0d88 0001 

  0x0000029e8983c338: ;   {metadata({type array byte})}
  0x0000029e8983c338: 0000 c743 | 0818 2300 | 0044 8b5c | 244c 4489 | 5b0c 410f | 0d88 4001 | 0000 410f | 0d88 8001 
  0x0000029e8983c358: 0000 4c89 | 6c24 684c | 8954 2470 | 4c89 4c24 | 7848 8bfb | 4883 c710 | 488b 4c24 | 7848 8bd7 
  0x0000029e8983c378: 4c8b 4424 | 50c5 f877 | 49ba 806f | 4887 9e02 | 0000 41ff 

  0x0000029e8983c38c: ;   {other}
  0x0000029e8983c38c: d20f 1f84 | 0000 0000 | 0044 0fb7 | 5c6b 1041 | 81fb ff00 | 0000 0f8f | e900 0000 | 448b 5424 
  0x0000029e8983c3ac: 4c45 85d2 | 0f8c ba12 | 0000 488b | f748 8b7c | 2458 8b54 | 2428 8bc2 | f7c2 f8ff | ffff 0f84 
  0x0000029e8983c3cc: 8700 0000 | b900 ff00 | ffc5 f96e | d9c5 f970 | db00 83e2 | f074 38c5 | f1ef c948 | 8d34 5648 
  0x0000029e8983c3ec: 8d3c 1748 | f7da c5fa | 6f14 56c5 | f1eb cac5 | fa6f 4456 | 10c5 f1eb | c8c4 e279 | 17cb 7534 
  0x0000029e8983c40c: c5e9 67d0 | c5fa 7f14 | 1748 83c2 | 1075 d7a8 | 0874 33c5 | f9ef c0c5 | fa6f 16c4 | e279 17d3 
  0x0000029e8983c42c: 7512 c5e9 | 67d0 c5f9 | d617 4883 | c610 4883 | c708 eb12 | 8bc8 83e1 | 0f48 8d34 | 4e48 8d3c 
  0x0000029e8983c44c: 0f48 2bd1 | eb14 8bd0 | 83e2 0785 | d274 2148 | 8d34 5648 | 8d3c 1748 | f7da 0fb7 | 0c56 f7c1 
  0x0000029e8983c46c: 00ff 0000 | 7508 880c | 1748 ffc2 | 75ec 03c2 | 3b44 2428 | 750f 4c8b | 6c24 684c | 8b54 2470 
  0x0000029e8983c48c: ;   {no_reloc}
  0x0000029e8983c48c: e914 dcff | ff4c 8b6c | 2468 4c8b | d3e9 07dc | ffff 448b | 4424 5045 | 8b58 1445 | 85db 0f84 
  0x0000029e8983c4ac: ec11 0000 | 8b6c 2450 

  0x0000029e8983c4b4: ;   {oop(a 'org/eclipse/core/runtime/Path'{0x0000000080ab1250})}
  0x0000029e8983c4b4: 498b d349 | b850 12ab | 8000 0000 | 0045 33c9 | bf01 0000 | 0066 6690 

  0x0000029e8983c4cc: ;   {optimized virtual_call}
  0x0000029e8983c4cc: c5f8 77e8 

  0x0000029e8983c4d0: ; ImmutableOopMap {rbp=NarrowOop [32]=Oop [48]=Oop [56]=Oop [64]=Oop [72]=Oop }
                      ;*invokevirtual getResourceInfo {reexecute=0 rethrow=0 return_oop=1}
                      ; - org.eclipse.core.internal.localstore.FileSystemResourceManager::getStoreRoot@176 (line 657)
                      ; - org.eclipse.core.internal.localstore.FileSystemResourceManager::locationURIFor@2 (line 916)
                      ; - org.eclipse.core.internal.resources.Resource::getLocationURI@26 (line 1176)
                      ; - lombok.eclipse.EclipseAST$EclipseWorkspaceBasedFileResolver::resolve@38 (line 192)
                      ; - lombok.eclipse.EclipseAST::getAbsoluteFileLocation0@39 (line 117)
                      ; - lombok.eclipse.EclipseAST::getAbsoluteFileLocation@1 (line 82)
                      ; - lombok.eclipse.TransformEclipseAST::transform@69 (line 180)
  0x0000029e8983c4d0: ac22 c6fd 

  0x0000029e8983c4d4: ;   {other}
  0x0000029e8983c4d4: 0f1f 8400 | 442d 0030 | 4889 4424 | 5044 8bcd | 458b 5114 

  0x0000029e8983c4e8: ; implicit exception: dispatches to 0x0000029e8983e439
  0x0000029e8983c4e8: 418b 6a30 

  0x0000029e8983c4ec: ; implicit exception: dispatches to 0x0000029e8983e454
  0x0000029e8983c4ec: 448b 5d08 

  0x0000029e8983c4f0: ;   {metadata('org/eclipse/core/internal/resources/WorkspaceRoot')}
  0x0000029e8983c4f0: 4181 fb70 | 5719 010f | 85bb 1100 | 004c 8bd5 | 4d8b da45 | 8b53 1849 | 8beb 498b | d266 6690 
  0x0000029e8983c510: ;   {static_call}
  0x0000029e8983c510: c5f8 77e8 

  0x0000029e8983c514: ; ImmutableOopMap {rbp=Oop [32]=Oop [48]=Oop [56]=Oop [64]=Oop [72]=Oop [80]=Oop }
                      ;*invokestatic toURI {reexecute=0 rethrow=0 return_oop=1}
                      ; - org.eclipse.core.internal.localstore.FileSystemResourceManager::getStoreRoot@200 (line 659)
                      ; - org.eclipse.core.internal.localstore.FileSystemResourceManager::locationURIFor@2 (line 916)
                      ; - org.eclipse.core.internal.resources.Resource::getLocationURI@26 (line 1176)
                      ; - lombok.eclipse.EclipseAST$EclipseWorkspaceBasedFileResolver::resolve@38 (line 192)
                      ; - lombok.eclipse.EclipseAST::getAbsoluteFileLocation0@39 (line 117)
                      ; - lombok.eclipse.EclipseAST::getAbsoluteFileLocation@1 (line 82)
                      ; - lombok.eclipse.TransformEclipseAST::transform@69 (line 180)
  0x0000029e8983c514: 6828 c6fd 

  0x0000029e8983c518: ;   {other}
  0x0000029e8983c518: 0f1f 8400 | 882d 0031 | 488b 5424 | 484c 8bc5 | 4c8b 4c24 | 5048 8bf8 

  0x0000029e8983c530: ;   {optimized virtual_call}
  0x0000029e8983c530: c5f8 77e8 

  0x0000029e8983c534: ; ImmutableOopMap {[32]=Oop [48]=Oop [56]=Oop [64]=Oop [80]=Oop }
                      ;*invokevirtual setLocation {reexecute=0 rethrow=0 return_oop=0}
                      ; - org.eclipse.core.internal.localstore.FileSystemResourceManager::getStoreRoot@203 (line 659)
                      ; - org.eclipse.core.internal.localstore.FileSystemResourceManager::locationURIFor@2 (line 916)
                      ; - org.eclipse.core.internal.resources.Resource::getLocationURI@26 (line 1176)
                      ; - lombok.eclipse.EclipseAST$EclipseWorkspaceBasedFileResolver::resolve@38 (line 192)
                      ; - lombok.eclipse.EclipseAST::getAbsoluteFileLocation0@39 (line 117)
                      ; - lombok.eclipse.EclipseAST::getAbsoluteFileLocation@1 (line 82)
                      ; - lombok.eclipse.TransformEclipseAST::transform@69 (line 180)
  0x0000029e8983c534: 4822 c6fd 

  0x0000029e8983c538: ;   {other}
  0x0000029e8983c538: 0f1f 8400 | a82d 0032 | 4c8b 5424 | 5045 8b52 | 304c 8b5c | 2430 418b | 6b0c 4585 | d20f 84b5 
  0x0000029e8983c558: 0e00 0049 | 8bd2 e964 | ebff ff44 | 8954 2430 

  0x0000029e8983c568: ;   {metadata('java/lang/String')}
  0x0000029e8983c568: 48ba 78e8 | 0093 9e02 | 0000 488b | 6c24 3890 

  0x0000029e8983c578: ;   {runtime_call _new_instance_Java}
  0x0000029e8983c578: c5f8 77e8 

  0x0000029e8983c57c: ; ImmutableOopMap {rbp=Oop [32]=Oop [56]=Oop [80]=NarrowOop }
                      ;*new {reexecute=0 rethrow=0 return_oop=1}
                      ; - lombok.eclipse.EclipseAST::toFileName@14 (line 325)
                      ; - lombok.eclipse.EclipseAST::getAbsoluteFileLocation0@1 (line 94)
                      ; - lombok.eclipse.EclipseAST::getAbsoluteFileLocation@1 (line 82)
                      ; - lombok.eclipse.TransformEclipseAST::transform@69 (line 180)
  0x0000029e8983c57c: 8033 c8fd 

  0x0000029e8983c580: ;   {other}
  0x0000029e8983c580: 0f1f 8400 | f02d 0033 | 448b 5424 | 30e9 94df | ffff 4c89 | 4424 4844 | 8954 2434 | 448b 5c24 
  0x0000029e8983c5a0: 5044 895c | 2430 4c8b | 5424 384c | 8954 2428 

  0x0000029e8983c5b0: ;   {metadata({type array byte})}
  0x0000029e8983c5b0: 48ba 1823 | 0093 9e02 | 0000 448b | 4424 3490 

  0x0000029e8983c5c0: ;   {runtime_call _new_array_nozero_Java}
  0x0000029e8983c5c0: c5f8 77e8 

  0x0000029e8983c5c4: ; ImmutableOopMap {rbp=Oop [32]=Oop [40]=Oop [48]=NarrowOop [64]=Oop }
                      ;*newarray {reexecute=0 rethrow=0 return_oop=1}
                      ; - java.lang.StringUTF16::compress@1
                      ; - java.lang.String::<init>@36
                      ; - java.lang.String::<init>@6
                      ; - lombok.eclipse.EclipseAST::toFileName@25 (line 325)
                      ; - lombok.eclipse.EclipseAST::getAbsoluteFileLocation0@1 (line 94)
                      ; - lombok.eclipse.EclipseAST::getAbsoluteFileLocation@1 (line 82)
                      ; - lombok.eclipse.TransformEclipseAST::transform@69 (line 180)
  0x0000029e8983c5c4: b82c c8fd 

  0x0000029e8983c5c8: ;   {other}
  0x0000029e8983c5c8: 0f1f 8400 | 382e 0034 | 4c8b 5c24 | 284c 895c | 2438 448b | 5c24 3044 | 895c 2450 | 448b 4c24 
  0x0000029e8983c5e8: 344c 8b44 | 2448 4c8b | e845 8bd1 | e9b0 dfff | ff4c 8944 

  0x0000029e8983c5fc: ;   {metadata('org/eclipse/core/runtime/Path')}
  0x0000029e8983c5fc: 2428 48ba | 688d 1494 | 9e02 0000 

  0x0000029e8983c608: ;   {runtime_call _new_instance_Java}
  0x0000029e8983c608: c5f8 77e8 

  0x0000029e8983c60c: ; ImmutableOopMap {rbp=NarrowOop [32]=Oop [56]=Oop [64]=Oop }
                      ;*new {reexecute=0 rethrow=0 return_oop=1}
                      ; - lombok.eclipse.EclipseAST$EclipseWorkspaceBasedFileResolver::resolve@25 (line 192)
                      ; - lombok.eclipse.EclipseAST::getAbsoluteFileLocation0@39 (line 117)
                      ; - lombok.eclipse.EclipseAST::getAbsoluteFileLocation@1 (line 82)
                      ; - lombok.eclipse.TransformEclipseAST::transform@69 (line 180)
  0x0000029e8983c60c: f032 c8fd 

  0x0000029e8983c610: ;   {other}
  0x0000029e8983c610: 0f1f 8400 | 802e 0035 | e966 e3ff | ff4c 8944 

  0x0000029e8983c620: ;   {metadata('lombok/core/configuration/BubblingConfigurationResolver')}
  0x0000029e8983c620: 2430 48ba | a00c 6e94 | 9e02 0000 

  0x0000029e8983c62c: ;   {runtime_call _new_instance_Java}
  0x0000029e8983c62c: c5f8 77e8 

  0x0000029e8983c630: ; ImmutableOopMap {rbp=Oop [32]=Oop [48]=Oop [56]=Oop }
                      ;*new {reexecute=0 rethrow=0 return_oop=1}
                      ; - lombok.core.LombokConfiguration$3::createResolver@0 (line 80)
                      ; - lombok.core.LombokConfiguration::read@4 (line 73)
                      ; - lombok.eclipse.TransformEclipseAST::transform@72 (line 180)
  0x0000029e8983c630: cc32 c8fd 

  0x0000029e8983c634: ;   {other}
  0x0000029e8983c634: 0f1f 8400 | a42e 0036 | 4c8b 4424 | 30e9 fcea | ffff 4181 | faff ffff | 3f0f 8795 | 1000 0047 
  0x0000029e8983c654: 8d34 1241 | 81fe 0000 | 1000 0f87 | cc10 0000 | 4d63 ce41 | 81fe 0000 | 1000 0f87 | 440f 0000 
  0x0000029e8983c674: 4489 5424 | 6c4c 8bd5 | 498b afb8 | 0100 0049 | 83c1 1749 | 83e1 f848 | 8bcd 4903 | c949 3b8f 
  0x0000029e8983c694: c801 0000 | 0f83 120f | 0000 4989 | 8fb8 0100 | 000f 0d89 | c000 0000 | 48c7 4500 | 0100 0000 
  0x0000029e8983c6b4: 0f0d 8900 

  0x0000029e8983c6b8: ;   {metadata({type array byte})}
  0x0000029e8983c6b8: 0100 00c7 | 4508 1823 | 0000 4489 | 750c 0f0d | 8940 0100 | 000f 0d89 | 8001 0000 | 488b f548 
  0x0000029e8983c6d8: 83c6 1049 | 8bcb 488b | d6c5 f877 | 49ba 806f | 4887 9e02 | 0000 41ff 

  0x0000029e8983c6f0: ;   {other}
  0x0000029e8983c6f0: d20f 1f84 | 0000 0000 | 0044 0fb7 | 547d 1041 | 81fa ff00 | 0000 0f8f | da00 0000 | 4585 f60f 
  0x0000029e8983c710: 8c23 1000 | 0048 8bfb | 8b54 246c | 8bc2 f7c2 | f8ff ffff | 0f84 8700 | 0000 b900 | ff00 ffc5 
  0x0000029e8983c730: f96e d1c5 | f970 d200 | 83e2 f074 | 38c5 e1ef | db48 8d34 | 5648 8d3c | 1748 f7da | c5fa 6f0c 
  0x0000029e8983c750: 56c5 e1eb | d9c5 fa6f | 4456 10c5 | e1eb d8c4 | e279 17da | 7534 c5f1 | 67c8 c5fa | 7f0c 1748 
  0x0000029e8983c770: 83c2 1075 | d7a8 0874 | 33c5 f9ef | c0c5 fa6f | 0ec4 e279 | 17ca 7512 | c5f1 67c8 | c5f9 d60f 
  0x0000029e8983c790: 4883 c610 | 4883 c708 | eb12 8bc8 | 83e1 0f48 | 8d34 4e48 | 8d3c 0f48 | 2bd1 eb14 | 8bd0 83e2 
  0x0000029e8983c7b0: 0785 d274 | 2148 8d34 | 5648 8d3c | 1748 f7da | 0fb7 0c56 | f7c1 00ff | 0000 7508 | 880c 1748 
  0x0000029e8983c7d0: ffc2 75ec | 03c2 3b44 | 246c 750a | 448b 5424 | 6ce9 a1de | ffff 4c8b | ed44 8b54 | 246c e994 
  0x0000029e8983c7f0: ;   {no_reloc}
  0x0000029e8983c7f0: deff ff48 | 8b54 2428 | 4c8b 4c24 | 3048 8b5c | 2438 488b | 4c24 4048 | 8b7c 2448 | 448b 4424 
  0x0000029e8983c810: 68e9 f1f2 | ffff 4489 

  0x0000029e8983c818: ;   {metadata('org/eclipse/core/internal/dtree/DataTreeLookup')}
  0x0000029e8983c818: 4c24 3048 | bae8 b61b | 949e 0200 | 0066 6690 

  0x0000029e8983c828: ;   {runtime_call _new_instance_Java}
  0x0000029e8983c828: c5f8 77e8 

  0x0000029e8983c82c: ; ImmutableOopMap {[32]=Oop [48]=NarrowOop [56]=Oop [64]=Oop [72]=Oop [80]=Oop [88]=Oop [96]=Oop [104]=Oop [168]=NarrowOop [172]=NarrowOop [176]=NarrowOop [184]=NarrowOop }
                      ;*new {reexecute=0 rethrow=0 return_oop=1}
                      ; - org.eclipse.core.internal.dtree.DataTreeLookup::newLookup@0 (line 49)
                      ; - org.eclipse.core.internal.dtree.DeltaDataTree::lookup@119 (line 683)
                      ; - org.eclipse.core.internal.watson.ElementTree::includes@27 (line 569)
                      ; - org.eclipse.core.internal.resources.Workspace::getResourceInfo@40 (line 1874)
                      ; - org.eclipse.core.internal.localstore.FileSystemResourceManager::getStoreRoot@12 (line 626)
                      ; - org.eclipse.core.internal.localstore.FileSystemResourceManager::locationURIFor@2 (line 916)
                      ; - org.eclipse.core.internal.resources.Resource::getLocationURI@26 (line 1176)
                      ; - lombok.eclipse.EclipseAST$EclipseWorkspaceBasedFileResolver::resolve@38 (line 192)
                      ; - lombok.eclipse.EclipseAST::getAbsoluteFileLocation0@39 (line 117)
                      ; - lombok.eclipse.EclipseAST::getAbsoluteFileLocation@1 (line 82)
                      ; - lombok.eclipse.TransformEclipseAST::transform@69 (line 180)
  0x0000029e8983c82c: d030 c8fd 

  0x0000029e8983c830: ;   {other}
  0x0000029e8983c830: 0f1f 8400 | a030 0037 | 4c8b c044 | 8b4c 2430 | e9c4 e5ff | ff4d 8bc2 | eb03 4d8b | c2ba e4ff 
  0x0000029e8983c850: ffff 488b | 6c24 204c | 8b54 2428 | 4c89 5424 | 204c 8b54 | 2438 4c89 | 5424 304c | 8b54 2440 
  0x0000029e8983c870: 4c89 5424 | 3844 8b5c | 246c 4c8b | 5424 504c | 8954 2448 | 4c8b 5424 | 584c 8954 | 2450 4c8b 
  0x0000029e8983c890: 5424 604c | 8954 2458 | 448b 5424 | 6844 8954 | 2444 4489 | 5c24 6044 | 8b54 2470 | 4489 5424 
  0x0000029e8983c8b0: 6444 8b5c | 2478 4489 | 5c24 704c | 8944 2478 

  0x0000029e8983c8c0: ;   {runtime_call UncommonTrapBlob}
  0x0000029e8983c8c0: c5f8 77e8 

  0x0000029e8983c8c4: ; ImmutableOopMap {rbp=Oop [72]=Oop [80]=Oop [88]=Oop [120]=Oop [128]=Oop }
                      ;*aaload {reexecute=0 rethrow=0 return_oop=0}
                      ; - java.util.ArrayList$Itr::next@64
                      ; - lombok.eclipse.HandlerLibrary::callASTVisitors@21 (line 251)
                      ; - lombok.eclipse.TransformEclipseAST::go@90 (line 229)
                      ; - lombok.eclipse.TransformEclipseAST::transform@140 (line 187)
  0x0000029e8983c8c4: 3871 c6fd 

  0x0000029e8983c8c8: ;   {other}
  0x0000029e8983c8c8: 0f1f 8400 | 3831 0038 | bae4 ffff | ff89 5c24 | 2c66 6690 

  0x0000029e8983c8dc: ;   {runtime_call UncommonTrapBlob}
  0x0000029e8983c8dc: c5f8 77e8 

  0x0000029e8983c8e0: ; ImmutableOopMap {[32]=Oop [44]=NarrowOop [56]=Oop }
                      ;*baload {reexecute=0 rethrow=0 return_oop=0}
                      ; - jdk.internal.util.ArraysSupport::mismatch@12
                      ; - java.lang.String::startsWith@70
                      ; - java.lang.String::endsWith@11
                      ; - lombok.eclipse.TransformEclipseAST::transform@22 (line 170)
  0x0000029e8983c8e0: 1c71 c6fd 

  0x0000029e8983c8e4: ;   {other}
  0x0000029e8983c8e4: 0f1f 8400 | 5431 0039 | bae4 ffff | ff4c 8b54 | 2438 4c89 | 5424 284c | 896c 2430 | 894c 2438 
  0x0000029e8983c904: 4489 4c24 | 4066 6690 

  0x0000029e8983c90c: ;   {runtime_call UncommonTrapBlob}
  0x0000029e8983c90c: c5f8 77e8 

  0x0000029e8983c910: ; ImmutableOopMap {rbp=NarrowOop [32]=Oop [40]=Oop [48]=Oop [56]=NarrowOop }
                      ;*aaload {reexecute=0 rethrow=0 return_oop=0}
                      ; - java.lang.ThreadLocal$ThreadLocalMap::getEntry@18
                      ; - java.lang.ThreadLocal::get@12
                      ; - java.lang.ThreadLocal::get@4
                      ; - lombok.patcher.Symbols::hasSymbol@17 (line 69)
                      ; - lombok.eclipse.TransformEclipseAST::transform@31 (line 172)
  0x0000029e8983c910: ec70 c6fd 

  0x0000029e8983c914: ;   {other}
  0x0000029e8983c914: 0f1f 8400 | 8431 003a | ba5e ffff | ff48 8b6c | 2420 4889 | 4c24 2090 

  0x0000029e8983c92c: ;   {runtime_call UncommonTrapBlob}
  0x0000029e8983c92c: c5f8 77e8 

  0x0000029e8983c930: ; ImmutableOopMap {rbp=Oop [32]=Oop }
                      ;*invokevirtual traverse {reexecute=0 rethrow=0 return_oop=0}
                      ; - lombok.eclipse.EclipseAST::traverse@8 (line 225)
                      ; - lombok.eclipse.TransformEclipseAST::go@62 (line 226)
                      ; - lombok.eclipse.TransformEclipseAST::transform@140 (line 187)
  0x0000029e8983c930: cc70 c6fd 

  0x0000029e8983c934: ;   {other}
  0x0000029e8983c934: 0f1f 8400 | a431 003b | bade ffff | ff48 8b6c | 2420 4889 | 4c24 204c | 894c 2430 | 4c8b 4c24 
  0x0000029e8983c954: 504c 894c | 2438 4489 | 5c24 5044 | 8954 2454 

  0x0000029e8983c964: ;   {runtime_call UncommonTrapBlob}
  0x0000029e8983c964: c5f8 77e8 

  0x0000029e8983c968: ; ImmutableOopMap {rbp=Oop [56]=Oop [84]=NarrowOop [88]=Oop [96]=Oop }
                      ;*invokeinterface iterator {reexecute=0 rethrow=0 return_oop=0}
                      ; - lombok.eclipse.HandlerLibrary::callASTVisitors@9 (line 251)
                      ; - lombok.eclipse.TransformEclipseAST::go@90 (line 229)
                      ; - lombok.eclipse.TransformEclipseAST::transform@140 (line 187)
  0x0000029e8983c968: 9470 c6fd 

  0x0000029e8983c96c: ;   {other}
  0x0000029e8983c96c: 0f1f 8400 | dc31 003c | ba76 ffff | ff89 5c24 | 2889 4424 | 3066 6690 

  0x0000029e8983c984: ;   {runtime_call UncommonTrapBlob}
  0x0000029e8983c984: c5f8 77e8 

  0x0000029e8983c988: ; ImmutableOopMap {[32]=Oop [40]=NarrowOop [56]=Oop }
                      ;*if_icmpge {reexecute=1 rethrow=0 return_oop=0}
                      ; - (reexecute) jdk.internal.util.ArraysSupport::mismatch@74
                      ; - java.lang.String::startsWith@70
                      ; - java.lang.String::endsWith@11
                      ; - lombok.eclipse.TransformEclipseAST::transform@22 (line 170)
  0x0000029e8983c988: 7470 c6fd 

  0x0000029e8983c98c: ;   {other}
  0x0000029e8983c98c: 0f1f 8400 | fc31 003d | e9f0 0000 | 00e9 eb00 | 0000 4c8b | c045 8b50 | 0849 bb00 | 0000 939e 
  0x0000029e8983c9ac: 0200 004d | 03da eb2a | 4c8b c044 | 8b50 0849 | bb00 0000 | 939e 0200 | 004d 03da | eb14 4c8b 
  0x0000029e8983c9cc: c044 8b50 | 0849 bb00 | 0000 939e | 0200 004d | 03da 4d8b 

  0x0000029e8983c9e0: ;   {metadata('java/lang/Exception')}
  0x0000029e8983c9e0: 5340 49bb | 20c0 0093 | 9e02 0000 | 4d3b d30f | 8449 f0ff | ff45 8b58 | 0849 ba00 | 0000 939e 
  0x0000029e8983ca00: 0200 004d | 03d3 eb52 | 4c8b c044 | 8b48 0849 | ba00 0000 | 939e 0200 | 004d 03d1 | eb14 4c8b 
  0x0000029e8983ca20: c044 8b58 | 0849 ba00 | 0000 939e | 0200 004d | 03d3 4d8b 

  0x0000029e8983ca34: ;   {metadata('java/lang/Exception')}
  0x0000029e8983ca34: 5240 49bb | 20c0 0093 | 9e02 0000 | 4d3b d30f | 84f5 efff | ff45 8b58 | 0849 ba00 | 0000 939e 
  0x0000029e8983ca54: 0200 004d | 03d3 4d8b 

  0x0000029e8983ca5c: ;   {metadata('java/lang/IllegalArgumentException')}
  0x0000029e8983ca5c: 5250 49bb | c09a 0693 | 9e02 0000 | 4d3b d30f | 8422 0d00 

  0x0000029e8983ca70: ;   {metadata('java/lang/NoClassDefFoundError')}
  0x0000029e8983ca70: 0049 bb18 | be06 939e | 0200 004d | 3bd3 0f84 | 280d 0000 | 498b d0eb | 0f48 8bd0 | eb0a 488b 
  0x0000029e8983ca90: d0eb 05eb | 0048 8bd0 | c5f8 7748 | 81c4 d000 

  0x0000029e8983caa0: ;   {runtime_call _rethrow_Java}
  0x0000029e8983caa0: 0000 5de9 | 588e c8fd | ba45 ffff | ff48 8b6c | 2420 4c8b | 5424 284c | 8954 2420 | 4c8b 5424 
  0x0000029e8983cac0: 384c 8954 | 2430 4c8b | 5424 404c | 8954 2438 | 4489 5c24 | 4044 8b54 | 2470 4489 | 5424 444c 
  0x0000029e8983cae0: 8b54 2450 | 4c89 5424 | 484c 8b54 | 2458 4c89 | 5424 504c | 8b54 2460 | 4c89 5424 | 5844 8b5c 
  0x0000029e8983cb00: 246c 4489 | 5c24 6044 | 894c 2464 

  0x0000029e8983cb0c: ;   {runtime_call UncommonTrapBlob}
  0x0000029e8983cb0c: c5f8 77e8 

  0x0000029e8983cb10: ; ImmutableOopMap {rbp=Oop [72]=Oop [80]=Oop [88]=Oop [128]=Oop }
                      ;*if_icmpeq {reexecute=1 rethrow=0 return_oop=0}
                      ; - (reexecute) java.util.ArrayList$Itr::checkForComodification@11
                      ; - java.util.ArrayList$Itr::next@1
                      ; - lombok.eclipse.HandlerLibrary::callASTVisitors@21 (line 251)
                      ; - lombok.eclipse.TransformEclipseAST::go@90 (line 229)
                      ; - lombok.eclipse.TransformEclipseAST::transform@140 (line 187)
  0x0000029e8983cb10: ec6e c6fd 

  0x0000029e8983cb14: ;   {other}
  0x0000029e8983cb14: 0f1f 8400 | 8433 003e | ba45 ffff | ff48 8b6c | 2420 4c8b | 5424 284c | 8954 2420 | 4c8b 5424 
  0x0000029e8983cb34: 384c 8954 | 2430 4c8b | 5424 404c | 8954 2438 | 448b 5c24 | 6c44 895c | 2444 894c | 2448 4489 
  0x0000029e8983cb54: 5c24 4c44 | 894c 2468 | 448b 5424 | 7044 8954 | 246c 6690 

  0x0000029e8983cb68: ;   {runtime_call UncommonTrapBlob}
  0x0000029e8983cb68: c5f8 77e8 

  0x0000029e8983cb6c: ; ImmutableOopMap {rbp=Oop [80]=Oop [88]=Oop [96]=Oop [128]=Oop }
                      ;*if_icmplt {reexecute=1 rethrow=0 return_oop=0}
                      ; - (reexecute) java.util.ArrayList$Itr::next@17
                      ; - lombok.eclipse.HandlerLibrary::callASTVisitors@21 (line 251)
                      ; - lombok.eclipse.TransformEclipseAST::go@90 (line 229)
                      ; - lombok.eclipse.TransformEclipseAST::transform@140 (line 187)
  0x0000029e8983cb6c: 906e c6fd 

  0x0000029e8983cb70: ;   {other}
  0x0000029e8983cb70: 0f1f 8400 | e033 003f | ba45 ffff | ff48 8b6c | 2420 4c8b | 5424 284c | 8954 2420 | 4c8b 5424 
  0x0000029e8983cb90: 384c 8954 | 2430 4c8b | 5424 404c | 8954 2438 | 448b 5c24 | 6c89 7c24 | 444c 8b54 | 2450 4c89 
  0x0000029e8983cbb0: 5424 484c | 8b54 2458 | 4c89 5424 | 504c 8b54 | 2460 4c89 | 5424 5844 | 895c 2460 | 4489 4c24 
  0x0000029e8983cbd0: 6444 8b54 | 2470 4489 | 5424 6890 

  0x0000029e8983cbdc: ;   {runtime_call UncommonTrapBlob}
  0x0000029e8983cbdc: c5f8 77e8 

  0x0000029e8983cbe0: ; ImmutableOopMap {rbp=Oop [72]=Oop [80]=Oop [88]=Oop [128]=Oop }
                      ;*if_icmplt {reexecute=1 rethrow=0 return_oop=0}
                      ; - (reexecute) java.util.ArrayList$Itr::next@39
                      ; - lombok.eclipse.HandlerLibrary::callASTVisitors@21 (line 251)
                      ; - lombok.eclipse.TransformEclipseAST::go@90 (line 229)
                      ; - lombok.eclipse.TransformEclipseAST::transform@140 (line 187)
  0x0000029e8983cbe0: 1c6e c6fd 

  0x0000029e8983cbe4: ;   {other}
  0x0000029e8983cbe4: 0f1f 8400 | 5434 0040 | ba45 ffff | ff66 6690 

  0x0000029e8983cbf4: ;   {runtime_call UncommonTrapBlob}
  0x0000029e8983cbf4: c5f8 77e8 

  0x0000029e8983cbf8: ; ImmutableOopMap {}
                      ;*ifeq {reexecute=1 rethrow=0 return_oop=0}
                      ; - (reexecute) lombok.eclipse.TransformEclipseAST::transform@3 (line 166)
  0x0000029e8983cbf8: 046e c6fd 

  0x0000029e8983cbfc: ;   {other}
  0x0000029e8983cbfc: 0f1f 8400 | 6c34 0041 | ba45 ffff | ff66 6690 

  0x0000029e8983cc0c: ;   {runtime_call UncommonTrapBlob}
  0x0000029e8983cc0c: c5f8 77e8 

  0x0000029e8983cc10: ; ImmutableOopMap {rbp=NarrowOop [32]=Oop [56]=Oop }
                      ;*ifnull {reexecute=1 rethrow=0 return_oop=0}
                      ; - (reexecute) java.util.LinkedList::indexOf@44
                      ; - java.util.LinkedList::contains@2
                      ; - lombok.patcher.Symbols::hasSymbol@24 (line 69)
                      ; - lombok.eclipse.TransformEclipseAST::transform@31 (line 172)
  0x0000029e8983cc10: ec6d c6fd 

  0x0000029e8983cc14: ;   {other}
  0x0000029e8983cc14: 0f1f 8400 | 8434 0042 | ba45 ffff | ff66 6690 

  0x0000029e8983cc24: ;   {runtime_call UncommonTrapBlob}
  0x0000029e8983cc24: c5f8 77e8 

  0x0000029e8983cc28: ; ImmutableOopMap {[32]=Oop [56]=Oop }
                      ;*if_icmpne {reexecute=1 rethrow=0 return_oop=0}
                      ; - (reexecute) java.lang.String::equals@33
                      ; - lombok.eclipse.TransformEclipseAST::transform@47 (line 175)
  0x0000029e8983cc28: d46d c6fd 

  0x0000029e8983cc2c: ;   {other}
  0x0000029e8983cc2c: 0f1f 8400 | 9c34 0043 | ba45 ffff | ff4c 894c | 2428 4889 | 5c24 304c | 8b5c 2450 | 4c89 5c24 
  0x0000029e8983cc4c: 384c 8b5c | 2458 4c89 | 5c24 404c | 8b5c 2460 | 4c89 5c24 | 4848 894c | 2458 4889 | 4c24 6044 
  0x0000029e8983cc6c: 8944 2468 | 4489 5424 | 7066 6690 

  0x0000029e8983cc78: ;   {runtime_call UncommonTrapBlob}
  0x0000029e8983cc78: c5f8 77e8 

  0x0000029e8983cc7c: ; ImmutableOopMap {[32]=Oop [40]=Oop [56]=Oop [64]=Oop [72]=Oop [88]=Oop [96]=Oop [104]=NarrowOop }
                      ;*if_icmpne {reexecute=1 rethrow=0 return_oop=0}
                      ; - (reexecute) java.lang.Class::annotationData@19
                      ; - java.lang.Class::getAnnotation@6
                      ; - java.lang.reflect.AnnotatedElement::isAnnotationPresent@2
                      ; - java.lang.Class::isAnnotationPresent@2
                      ; - lombok.eclipse.EclipseASTAdapter::<init>@11 (line 41)
                      ; - lombok.eclipse.TransformEclipseAST$AnnotationVisitor::<init>@1 (line 239)
                      ; - lombok.eclipse.TransformEclipseAST::go@51 (line 225)
                      ; - lombok.eclipse.TransformEclipseAST::transform@140 (line 187)
  0x0000029e8983cc7c: 806d c6fd 

  0x0000029e8983cc80: ;   {other}
  0x0000029e8983cc80: 0f1f 8400 | f034 0044 

  0x0000029e8983cc88: ;   {metadata('org/eclipse/core/internal/dtree/DataTreeLookup')}
  0x0000029e8983cc88: 48ba e8b6 | 1b94 9e02 | 0000 6690 

  0x0000029e8983cc94: ;   {runtime_call _new_instance_Java}
  0x0000029e8983cc94: c5f8 77e8 

  0x0000029e8983cc98: ; ImmutableOopMap {[32]=Oop [56]=Oop [64]=Oop [72]=Oop [80]=Oop [88]=Oop [96]=Oop [104]=Oop [168]=NarrowOop [172]=NarrowOop [176]=NarrowOop [184]=NarrowOop }
                      ;*new {reexecute=0 rethrow=0 return_oop=1}
                      ; - org.eclipse.core.internal.dtree.DataTreeLookup::newLookup@0 (line 42)
                      ; - org.eclipse.core.internal.dtree.DeltaDataTree::lookup@154 (line 693)
                      ; - org.eclipse.core.internal.watson.ElementTree::includes@27 (line 569)
                      ; - org.eclipse.core.internal.resources.Workspace::getResourceInfo@40 (line 1874)
                      ; - org.eclipse.core.internal.localstore.FileSystemResourceManager::getStoreRoot@12 (line 626)
                      ; - org.eclipse.core.internal.localstore.FileSystemResourceManager::locationURIFor@2 (line 916)
                      ; - org.eclipse.core.internal.resources.Resource::getLocationURI@26 (line 1176)
                      ; - lombok.eclipse.EclipseAST$EclipseWorkspaceBasedFileResolver::resolve@38 (line 192)
                      ; - lombok.eclipse.EclipseAST::getAbsoluteFileLocation0@39 (line 117)
                      ; - lombok.eclipse.EclipseAST::getAbsoluteFileLocation@1 (line 82)
                      ; - lombok.eclipse.TransformEclipseAST::transform@69 (line 180)
  0x0000029e8983cc98: 642c c8fd 

  0x0000029e8983cc9c: ;   {other}
  0x0000029e8983cc9c: 0f1f 8400 | 0c35 0045 | e9ec f0ff | ffba c6ff | ffff 4c89 | 4c24 2848 | 895c 2430 | 4c8b 5424 
  0x0000029e8983ccbc: 504c 8954 | 2438 4c8b | 5424 584c | 8954 2440 | 4c8b 5424 | 604c 8954 | 2448 4889 | 4c24 5848 
  0x0000029e8983ccdc: 894c 2460 

  0x0000029e8983cce0: ;   {runtime_call UncommonTrapBlob}
  0x0000029e8983cce0: c5f8 77e8 

  0x0000029e8983cce4: ; ImmutableOopMap {rbp=NarrowOop [32]=Oop [40]=Oop [56]=Oop [64]=Oop [72]=Oop [88]=Oop [96]=Oop }
                      ;*invokeinterface get {reexecute=0 rethrow=0 return_oop=0}
                      ; - java.lang.Class::getAnnotation@13
                      ; - java.lang.reflect.AnnotatedElement::isAnnotationPresent@2
                      ; - java.lang.Class::isAnnotationPresent@2
                      ; - lombok.eclipse.EclipseASTAdapter::<init>@11 (line 41)
                      ; - lombok.eclipse.TransformEclipseAST$AnnotationVisitor::<init>@1 (line 239)
                      ; - lombok.eclipse.TransformEclipseAST::go@51 (line 225)
                      ; - lombok.eclipse.TransformEclipseAST::transform@140 (line 187)
  0x0000029e8983cce4: 186d c6fd 

  0x0000029e8983cce8: ;   {other}
  0x0000029e8983cce8: 0f1f 8400 | 5835 0046 | ba45 ffff | ff48 8b6c | 2420 4c89 | 4c24 2048 | 895c 2428 | 4c8b 5c24 
  0x0000029e8983cd08: 504c 895c | 2430 4c8b | 5c24 584c | 895c 2438 | 4c8b 5c24 | 604c 895c | 2440 4889 | 4c24 5048 
  0x0000029e8983cd28: 894c 2458 | 4889 7c24 | 6044 8954 | 2468 6690 

  0x0000029e8983cd38: ;   {runtime_call UncommonTrapBlob}
  0x0000029e8983cd38: c5f8 77e8 

  0x0000029e8983cd3c: ; ImmutableOopMap {rbp=Oop [32]=Oop [48]=Oop [56]=Oop [64]=Oop [80]=Oop [88]=Oop [96]=Oop }
                      ;*ifle {reexecute=1 rethrow=0 return_oop=0}
                      ; - (reexecute) java.util.HashMap::getNode@14
                      ; - java.util.LinkedHashMap::get@2
                      ; - java.lang.Class::getAnnotation@13
                      ; - java.lang.reflect.AnnotatedElement::isAnnotationPresent@2
                      ; - java.lang.Class::isAnnotationPresent@2
                      ; - lombok.eclipse.EclipseASTAdapter::<init>@11 (line 41)
                      ; - lombok.eclipse.TransformEclipseAST$AnnotationVisitor::<init>@1 (line 239)
                      ; - lombok.eclipse.TransformEclipseAST::go@51 (line 225)
                      ; - lombok.eclipse.TransformEclipseAST::transform@140 (line 187)
  0x0000029e8983cd3c: c06c c6fd 

  0x0000029e8983cd40: ;   {other}
  0x0000029e8983cd40: 0f1f 8400 | b035 0047 | baf6 ffff | ff48 8b6c | 2420 4889 | 4424 3090 

  0x0000029e8983cd58: ;   {runtime_call UncommonTrapBlob}
  0x0000029e8983cd58: c5f8 77e8 

  0x0000029e8983cd5c: ; ImmutableOopMap {rbp=Oop [48]=Oop [56]=Oop [64]=Oop }
                      ;*invokevirtual newResource {reexecute=0 rethrow=0 return_oop=0}
                      ; - org.eclipse.core.internal.resources.Container::getFile@15 (line 207)
                      ; - lombok.eclipse.EclipseAST$EclipseWorkspaceBasedFileResolver::resolve@33 (line 192)
                      ; - lombok.eclipse.EclipseAST::getAbsoluteFileLocation0@39 (line 117)
                      ; - lombok.eclipse.EclipseAST::getAbsoluteFileLocation@1 (line 82)
                      ; - lombok.eclipse.TransformEclipseAST::transform@69 (line 180)
  0x0000029e8983cd5c: a06c c6fd 

  0x0000029e8983cd60: ;   {other}
  0x0000029e8983cd60: 0f1f 8400 | d035 0048 | ba45 ffff | ff48 8b6c | 2420 6690 

  0x0000029e8983cd74: ;   {runtime_call UncommonTrapBlob}
  0x0000029e8983cd74: c5f8 77e8 

  0x0000029e8983cd78: ; ImmutableOopMap {rbp=Oop [56]=Oop [64]=Oop }
                      ;*ifne {reexecute=1 rethrow=0 return_oop=0}
                      ; - (reexecute) org.eclipse.core.internal.resources.Resource::getLocationURI@15 (line 1173)
                      ; - lombok.eclipse.EclipseAST$EclipseWorkspaceBasedFileResolver::resolve@38 (line 192)
                      ; - lombok.eclipse.EclipseAST::getAbsoluteFileLocation0@39 (line 117)
                      ; - lombok.eclipse.EclipseAST::getAbsoluteFileLocation@1 (line 82)
                      ; - lombok.eclipse.TransformEclipseAST::transform@69 (line 180)
  0x0000029e8983cd78: 846c c6fd 

  0x0000029e8983cd7c: ;   {other}
  0x0000029e8983cd7c: 0f1f 8400 | ec35 0049 | bace ffff | ff4c 8b54 | 2438 4c89 | 5424 284c | 8b54 2440 | 4c89 5424 
  0x0000029e8983cd9c: 3889 4c24 | 4066 6690 

  0x0000029e8983cda4: ;   {runtime_call UncommonTrapBlob}
  0x0000029e8983cda4: c5f8 77e8 

  0x0000029e8983cda8: ; ImmutableOopMap {[32]=Oop [40]=Oop [56]=Oop [64]=NarrowOop }
                      ;*invokestatic indexOfChar {reexecute=0 rethrow=0 return_oop=0}
                      ; - java.lang.StringLatin1::indexOf@33
                      ; - java.lang.String::indexOf@17
                      ; - lombok.eclipse.EclipseAST$EclipseWorkspaceBasedFileResolver::resolve@8 (line 188)
                      ; - lombok.eclipse.EclipseAST::getAbsoluteFileLocation0@39 (line 117)
                      ; - lombok.eclipse.EclipseAST::getAbsoluteFileLocation@1 (line 82)
                      ; - lombok.eclipse.TransformEclipseAST::transform@69 (line 180)
  0x0000029e8983cda8: 546c c6fd 

  0x0000029e8983cdac: ;   {other}
  0x0000029e8983cdac: 0f1f 8400 | 1c36 004a | bade ffff | ff4c 8b54 | 2438 4c89 | 5424 2890 

  0x0000029e8983cdc4: ;   {runtime_call UncommonTrapBlob}
  0x0000029e8983cdc4: c5f8 77e8 

  0x0000029e8983cdc8: ; ImmutableOopMap {rbp=NarrowOop [32]=Oop [40]=Oop [48]=Oop [64]=Oop }
                      ;*invokeinterface getFile {reexecute=0 rethrow=0 return_oop=0}
                      ; - lombok.eclipse.EclipseAST$EclipseWorkspaceBasedFileResolver::resolve@33 (line 192)
                      ; - lombok.eclipse.EclipseAST::getAbsoluteFileLocation0@39 (line 117)
                      ; - lombok.eclipse.EclipseAST::getAbsoluteFileLocation@1 (line 82)
                      ; - lombok.eclipse.TransformEclipseAST::transform@69 (line 180)
  0x0000029e8983cdc8: 346c c6fd 

  0x0000029e8983cdcc: ;   {other}
  0x0000029e8983cdcc: 0f1f 8400 | 3c36 004b | bade ffff | ff4c 8b54 | 2438 4c89 | 5424 284c | 8b54 2440 | 4c89 5424 
  0x0000029e8983cdec: 3844 895c | 2440 6690 

  0x0000029e8983cdf4: ;   {runtime_call UncommonTrapBlob}
  0x0000029e8983cdf4: c5f8 77e8 

  0x0000029e8983cdf8: ; ImmutableOopMap {rbp=NarrowOop [32]=Oop [40]=Oop [48]=Oop [56]=Oop [64]=NarrowOop }
                      ;*invokeinterface append {reexecute=0 rethrow=0 return_oop=0}
                      ; - org.eclipse.core.internal.resources.Container::getFile@9 (line 207)
                      ; - lombok.eclipse.EclipseAST$EclipseWorkspaceBasedFileResolver::resolve@33 (line 192)
                      ; - lombok.eclipse.EclipseAST::getAbsoluteFileLocation0@39 (line 117)
                      ; - lombok.eclipse.EclipseAST::getAbsoluteFileLocation@1 (line 82)
                      ; - lombok.eclipse.TransformEclipseAST::transform@69 (line 180)
  0x0000029e8983cdf8: 046c c6fd 

  0x0000029e8983cdfc: ;   {other}
  0x0000029e8983cdfc: 0f1f 8400 | 6c36 004c | bade ffff | ff4c 8b54 | 2438 4c89 | 5424 284c | 8b54 2440 | 4c89 5424 
  0x0000029e8983ce1c: 3048 8944 | 2438 894c | 2440 6690 

  0x0000029e8983ce28: ;   {runtime_call UncommonTrapBlob}
  0x0000029e8983ce28: c5f8 77e8 

  0x0000029e8983ce2c: ; ImmutableOopMap {rbp=NarrowOop [32]=Oop [40]=Oop [48]=Oop [56]=Oop [64]=NarrowOop }
                      ;*invokeinterface segment {reexecute=0 rethrow=0 return_oop=0}
                      ; - org.eclipse.core.internal.resources.Resource::getProject@12 (line 1226)
                      ; - org.eclipse.core.internal.resources.Resource::getLocationURI@1 (line 1172)
                      ; - lombok.eclipse.EclipseAST$EclipseWorkspaceBasedFileResolver::resolve@38 (line 192)
                      ; - lombok.eclipse.EclipseAST::getAbsoluteFileLocation0@39 (line 117)
                      ; - lombok.eclipse.EclipseAST::getAbsoluteFileLocation@1 (line 82)
                      ; - lombok.eclipse.TransformEclipseAST::transform@69 (line 180)
  0x0000029e8983ce2c: d06b c6fd 

  0x0000029e8983ce30: ;   {other}
  0x0000029e8983ce30: 0f1f 8400 | a036 004d | bade ffff | ff4c 8b54 | 2438 4c89 | 5424 284c | 8b54 2440 | 4c89 5424 
  0x0000029e8983ce50: 3048 8944 | 2438 894c | 2440 6690 

  0x0000029e8983ce5c: ;   {runtime_call UncommonTrapBlob}
  0x0000029e8983ce5c: c5f8 77e8 

  0x0000029e8983ce60: ; ImmutableOopMap {rbp=NarrowOop [32]=Oop [40]=Oop [48]=Oop [56]=Oop [64]=NarrowOop }
                      ;*invokeinterface getProject {reexecute=0 rethrow=0 return_oop=0}
                      ; - org.eclipse.core.internal.resources.Resource::getProject@17 (line 1226)
                      ; - org.eclipse.core.internal.resources.Resource::getLocationURI@1 (line 1172)
                      ; - lombok.eclipse.EclipseAST$EclipseWorkspaceBasedFileResolver::resolve@38 (line 192)
                      ; - lombok.eclipse.EclipseAST::getAbsoluteFileLocation0@39 (line 117)
                      ; - lombok.eclipse.EclipseAST::getAbsoluteFileLocation@1 (line 82)
                      ; - lombok.eclipse.TransformEclipseAST::transform@69 (line 180)
  0x0000029e8983ce60: 9c6b c6fd 

  0x0000029e8983ce64: ;   {other}
  0x0000029e8983ce64: 0f1f 8400 | d436 004e | bade ffff | ff48 8b6c | 2420 4c8b | 5424 384c | 8954 2420 | 4889 4424 
  0x0000029e8983ce84: 3866 6690 

  0x0000029e8983ce88: ;   {runtime_call UncommonTrapBlob}
  0x0000029e8983ce88: c5f8 77e8 

  0x0000029e8983ce8c: ; ImmutableOopMap {rbp=Oop [32]=Oop [48]=Oop [56]=Oop [64]=Oop }
                      ;*invokeinterface exists {reexecute=0 rethrow=0 return_oop=0}
                      ; - org.eclipse.core.internal.resources.Resource::getLocationURI@10 (line 1173)
                      ; - lombok.eclipse.EclipseAST$EclipseWorkspaceBasedFileResolver::resolve@38 (line 192)
                      ; - lombok.eclipse.EclipseAST::getAbsoluteFileLocation0@39 (line 117)
                      ; - lombok.eclipse.EclipseAST::getAbsoluteFileLocation@1 (line 82)
                      ; - lombok.eclipse.TransformEclipseAST::transform@69 (line 180)
  0x0000029e8983ce8c: 706b c6fd 

  0x0000029e8983ce90: ;   {other}
  0x0000029e8983ce90: 0f1f 8400 | 0037 004f | bade ffff | ff48 8b6c | 2420 4c8b | 4424 384c | 8944 2420 | 4c8b 4424 
  0x0000029e8983ceb0: 404c 8944 | 2428 8974 | 2438 4489 | 5c24 3c44 | 8954 244c 

  0x0000029e8983cec4: ;   {runtime_call UncommonTrapBlob}
  0x0000029e8983cec4: c5f8 77e8 

  0x0000029e8983cec8: ; ImmutableOopMap {rbp=Oop [32]=Oop [40]=Oop [48]=Oop [56]=NarrowOop [60]=NarrowOop [76]=NarrowOop }
                      ;*invokeinterface segmentCount {reexecute=0 rethrow=0 return_oop=0}
                      ; - org.eclipse.core.internal.resources.Workspace::getResourceInfo@1 (line 1868)
                      ; - org.eclipse.core.internal.localstore.FileSystemResourceManager::getStoreRoot@12 (line 626)
                      ; - org.eclipse.core.internal.localstore.FileSystemResourceManager::locationURIFor@2 (line 916)
                      ; - org.eclipse.core.internal.resources.Resource::getLocationURI@26 (line 1176)
                      ; - lombok.eclipse.EclipseAST$EclipseWorkspaceBasedFileResolver::resolve@38 (line 192)
                      ; - lombok.eclipse.EclipseAST::getAbsoluteFileLocation0@39 (line 117)
                      ; - lombok.eclipse.EclipseAST::getAbsoluteFileLocation@1 (line 82)
                      ; - lombok.eclipse.TransformEclipseAST::transform@69 (line 180)
  0x0000029e8983cec8: 346b c6fd 

  0x0000029e8983cecc: ;   {other}
  0x0000029e8983cecc: 0f1f 8400 | 3c37 0050 | baf6 ffff | ff48 8b6c | 2420 4c8b | 5c24 384c | 895c 2420 | 4c8b 5c24 
  0x0000029e8983ceec: 404c 895c | 2428 8974 | 2438 4889 | 7c24 404c | 8954 2448 

  0x0000029e8983cf00: ;   {runtime_call UncommonTrapBlob}
  0x0000029e8983cf00: c5f8 77e8 

  0x0000029e8983cf04: ; ImmutableOopMap {rbp=Oop [32]=Oop [40]=Oop [56]=NarrowOop [64]=Oop [72]=Oop }
                      ;*invokevirtual getElementData {reexecute=0 rethrow=0 return_oop=0}
                      ; - org.eclipse.core.internal.resources.Workspace::getResourceInfo@73 (line 1880)
                      ; - org.eclipse.core.internal.localstore.FileSystemResourceManager::getStoreRoot@12 (line 626)
                      ; - org.eclipse.core.internal.localstore.FileSystemResourceManager::locationURIFor@2 (line 916)
                      ; - org.eclipse.core.internal.resources.Resource::getLocationURI@26 (line 1176)
                      ; - lombok.eclipse.EclipseAST$EclipseWorkspaceBasedFileResolver::resolve@38 (line 192)
                      ; - lombok.eclipse.EclipseAST::getAbsoluteFileLocation0@39 (line 117)
                      ; - lombok.eclipse.EclipseAST::getAbsoluteFileLocation@1 (line 82)
                      ; - lombok.eclipse.TransformEclipseAST::transform@69 (line 180)
  0x0000029e8983cf04: f86a c6fd 

  0x0000029e8983cf08: ;   {other}
  0x0000029e8983cf08: 0f1f 8400 | 7837 0051 | baf6 ffff | ff48 8b6c | 2420 4c89 | 4424 2890 

  0x0000029e8983cf20: ;   {runtime_call UncommonTrapBlob}
  0x0000029e8983cf20: c5f8 77e8 

  0x0000029e8983cf24: ; ImmutableOopMap {rbp=Oop [40]=Oop [56]=Oop }
                      ;*invokevirtual forUri {reexecute=0 rethrow=0 return_oop=0}
                      ; - lombok.core.LombokConfiguration$3::createResolver@8 (line 80)
                      ; - lombok.core.LombokConfiguration::read@4 (line 73)
                      ; - lombok.eclipse.TransformEclipseAST::transform@72 (line 180)
  0x0000029e8983cf24: d86a c6fd 

  0x0000029e8983cf28: ;   {other}
  0x0000029e8983cf28: 0f1f 8400 | 9837 0052 | baf6 ffff | ff66 6690 

  0x0000029e8983cf38: ;   {runtime_call UncommonTrapBlob}
  0x0000029e8983cf38: c5f8 77e8 

  0x0000029e8983cf3c: ; ImmutableOopMap {rbp=NarrowOop [32]=Oop }
                      ;*invokevirtual setSource {reexecute=0 rethrow=0 return_oop=0}
                      ; - lombok.eclipse.TransformEclipseAST::transform@128 (line 186)
  0x0000029e8983cf3c: c06a c6fd 

  0x0000029e8983cf40: ;   {other}
  0x0000029e8983cf40: 0f1f 8400 | b037 0053 | bade ffff | ff4c 8944 | 2430 6690 

  0x0000029e8983cf54: ;   {runtime_call UncommonTrapBlob}
  0x0000029e8983cf54: c5f8 77e8 

  0x0000029e8983cf58: ; ImmutableOopMap {rbp=NarrowOop [32]=Oop [48]=Oop [56]=Oop }
                      ;*invokeinterface createResolver {reexecute=0 rethrow=0 return_oop=0}
                      ; - lombok.core.LombokConfiguration::read@4 (line 73)
                      ; - lombok.eclipse.TransformEclipseAST::transform@72 (line 180)
  0x0000029e8983cf58: a46a c6fd 

  0x0000029e8983cf5c: ;   {other}
  0x0000029e8983cf5c: 0f1f 8400 | cc37 0054 | bade ffff | ff48 8944 | 2428 6690 

  0x0000029e8983cf70: ;   {runtime_call UncommonTrapBlob}
  0x0000029e8983cf70: c5f8 77e8 

  0x0000029e8983cf74: ; ImmutableOopMap {rbp=NarrowOop [32]=Oop [40]=Oop }
                      ;*invokeinterface iterator {reexecute=0 rethrow=0 return_oop=0}
                      ; - lombok.eclipse.TransformEclipseAST::go@10 (line 223)
                      ; - lombok.eclipse.TransformEclipseAST::transform@140 (line 187)
  0x0000029e8983cf74: 886a c6fd 

  0x0000029e8983cf78: ;   {other}
  0x0000029e8983cf78: 0f1f 8400 | e837 0055 | bae4 ffff | ff66 6690 

  0x0000029e8983cf88: ;   {runtime_call UncommonTrapBlob}
  0x0000029e8983cf88: c5f8 77e8 

  0x0000029e8983cf8c: ; ImmutableOopMap {rbp=NarrowOop [32]=Oop [56]=Oop [64]=Oop }
                      ;*baload {reexecute=0 rethrow=0 return_oop=0}
                      ; - jdk.internal.util.ArraysSupport::mismatch@82
                      ; - java.lang.String::startsWith@70
                      ; - java.lang.String::startsWith@3
                      ; - lombok.eclipse.EclipseAST::getAbsoluteFileLocation0@12 (line 95)
                      ; - lombok.eclipse.EclipseAST::getAbsoluteFileLocation@1 (line 82)
                      ; - lombok.eclipse.TransformEclipseAST::transform@69 (line 180)
  0x0000029e8983cf8c: 706a c6fd 

  0x0000029e8983cf90: ;   {other}
  0x0000029e8983cf90: 0f1f 8400 | 0038 0056 | bae4 ffff | ff66 6690 

  0x0000029e8983cfa0: ;   {runtime_call UncommonTrapBlob}
  0x0000029e8983cfa0: c5f8 77e8 

  0x0000029e8983cfa4: ; ImmutableOopMap {rbp=NarrowOop [32]=Oop [56]=Oop [64]=Oop }
                      ;*baload {reexecute=0 rethrow=0 return_oop=0}
                      ; - jdk.internal.util.ArraysSupport::mismatch@12
                      ; - java.lang.String::startsWith@70
                      ; - java.lang.String::startsWith@3
                      ; - lombok.eclipse.EclipseAST::getAbsoluteFileLocation0@21 (line 95)
                      ; - lombok.eclipse.EclipseAST::getAbsoluteFileLocation@1 (line 82)
                      ; - lombok.eclipse.TransformEclipseAST::transform@69 (line 180)
  0x0000029e8983cfa4: 586a c6fd 

  0x0000029e8983cfa8: ;   {other}
  0x0000029e8983cfa8: 0f1f 8400 | 1838 0057 | 4c89 4c24 | 5844 895c | 2434 4c89 | 6c24 504c | 8954 2448 | 8974 2430 
  0x0000029e8983cfc8: 488b ef49 | 8bd1 4c8d | 8424 c000 | 0000 6690 

  0x0000029e8983cfd8: ;   {runtime_call _complete_monitor_locking_Java}
  0x0000029e8983cfd8: c5f8 77e8 

  0x0000029e8983cfdc: ; ImmutableOopMap {rbp=Oop [32]=Oop [48]=NarrowOop [52]=NarrowOop [56]=Oop [64]=Oop [72]=Oop [80]=Oop [88]=Oop }
                      ;*monitorenter {reexecute=0 rethrow=0 return_oop=0}
                      ; - org.eclipse.core.internal.watson.ElementTree::getElementData@14 (line 396)
                      ; - org.eclipse.core.internal.resources.Workspace::getResourceInfo@73 (line 1880)
                      ; - org.eclipse.core.internal.localstore.FileSystemResourceManager::getStoreRoot@12 (line 626)
                      ; - org.eclipse.core.internal.localstore.FileSystemResourceManager::locationURIFor@2 (line 916)
                      ; - org.eclipse.core.internal.resources.Resource::getLocationURI@26 (line 1176)
                      ; - lombok.eclipse.EclipseAST$EclipseWorkspaceBasedFileResolver::resolve@38 (line 192)
                      ; - lombok.eclipse.EclipseAST::getAbsoluteFileLocation0@39 (line 117)
                      ; - lombok.eclipse.EclipseAST::getAbsoluteFileLocation@1 (line 82)
                      ; - lombok.eclipse.TransformEclipseAST::transform@69 (line 180)
  0x0000029e8983cfdc: 2080 c8fd 

  0x0000029e8983cfe0: ;   {other}
  0x0000029e8983cfe0: 0f1f 8400 | 5038 0058 | 488b fd8b | 7424 304c | 8b54 2448 | 4c8b 6c24 | 5044 8b5c | 2434 4c8b 
  0x0000029e8983d000: 4c24 58e9 | b5df ffff | 498b c948 | 8d94 24c0 | 0000 004d | 8bc7 c5f8 | 7749 bab0 | cf7f ceff 
  0x0000029e8983d020: 7f00 0041 

  0x0000029e8983d024: ;   {other}
  0x0000029e8983d024: ffd2 0f1f | 8400 0000 | 0000 e947 | e0ff ffba | e4ff ffff | 488b 6c24 | 204c 8b54 | 2438 4c89 
  0x0000029e8983d044: 5424 204c | 8b54 2440 | 4c89 5424 | 2844 8b9c | 24b0 0000 | 0044 895c | 245c 4489 | 5c24 6844 
  0x0000029e8983d064: 8b9c 2480 | 0000 0044 | 895c 2470 | 4c8b 9424 | 8800 0000 | 4c89 5424 | 7844 8b94 | 2484 0000 
  0x0000029e8983d084: 0044 8954 | 2474 4489 | 8c24 8400 | 0000 6690 

  0x0000029e8983d094: ;   {runtime_call UncommonTrapBlob}
  0x0000029e8983d094: c5f8 77e8 

  0x0000029e8983d098: ; ImmutableOopMap {rbp=Oop [32]=Oop [40]=Oop [48]=Oop [72]=Oop [92]=NarrowOop [96]=Oop [104]=NarrowOop [120]=Oop [132]=NarrowOop [168]=NarrowOop [172]=NarrowOop [180]=NarrowOop }
                      ;*aaload {reexecute=0 rethrow=0 return_oop=0}
                      ; - org.eclipse.core.runtime.Path::segment@15 (line 1260)
                      ; - org.eclipse.core.internal.dtree.DeltaDataTree::lookup@44 (line 675)
                      ; - org.eclipse.core.internal.watson.ElementTree::includes@27 (line 569)
                      ; - org.eclipse.core.internal.resources.Workspace::getResourceInfo@40 (line 1874)
                      ; - org.eclipse.core.internal.localstore.FileSystemResourceManager::getStoreRoot@12 (line 626)
                      ; - org.eclipse.core.internal.localstore.FileSystemResourceManager::locationURIFor@2 (line 916)
                      ; - org.eclipse.core.internal.resources.Resource::getLocationURI@26 (line 1176)
                      ; - lombok.eclipse.EclipseAST$EclipseWorkspaceBasedFileResolver::resolve@38 (line 192)
                      ; - lombok.eclipse.EclipseAST::getAbsoluteFileLocation0@39 (line 117)
                      ; - lombok.eclipse.EclipseAST::getAbsoluteFileLocation@1 (line 82)
                      ; - lombok.eclipse.TransformEclipseAST::transform@69 (line 180)
  0x0000029e8983d098: 6469 c6fd 

  0x0000029e8983d09c: ;   {other}
  0x0000029e8983d09c: 0f1f 8400 | 0c39 0059 | ba76 ffff | ff4c 8b54 | 2438 4c89 | 5424 2889 | 4424 3c90 

  0x0000029e8983d0b8: ;   {runtime_call UncommonTrapBlob}
  0x0000029e8983d0b8: c5f8 77e8 

  0x0000029e8983d0bc: ; ImmutableOopMap {rbp=NarrowOop [32]=Oop [40]=Oop [64]=Oop }
                      ;*if_icmpge {reexecute=1 rethrow=0 return_oop=0}
                      ; - (reexecute) jdk.internal.util.ArraysSupport::mismatch@74
                      ; - java.lang.String::startsWith@70
                      ; - java.lang.String::startsWith@3
                      ; - lombok.eclipse.EclipseAST::getAbsoluteFileLocation0@21 (line 95)
                      ; - lombok.eclipse.EclipseAST::getAbsoluteFileLocation@1 (line 82)
                      ; - lombok.eclipse.TransformEclipseAST::transform@69 (line 180)
  0x0000029e8983d0bc: 4069 c6fd 

  0x0000029e8983d0c0: ;   {other}
  0x0000029e8983d0c0: 0f1f 8400 | 3039 005a | ba45 ffff | ff66 6690 

  0x0000029e8983d0d0: ;   {runtime_call UncommonTrapBlob}
  0x0000029e8983d0d0: c5f8 77e8 

  0x0000029e8983d0d4: ; ImmutableOopMap {[32]=Oop [56]=Oop [64]=Oop }
                      ;*ifne {reexecute=1 rethrow=0 return_oop=0}
                      ; - (reexecute) lombok.eclipse.EclipseAST::getAbsoluteFileLocation0@35 (line 112)
                      ; - lombok.eclipse.EclipseAST::getAbsoluteFileLocation@1 (line 82)
                      ; - lombok.eclipse.TransformEclipseAST::transform@69 (line 180)
  0x0000029e8983d0d4: 2869 c6fd 

  0x0000029e8983d0d8: ;   {other}
  0x0000029e8983d0d8: 0f1f 8400 | 4839 005b | ba45 ffff | ff4c 8b54 | 2438 4c89 | 5424 2890 

  0x0000029e8983d0f0: ;   {runtime_call UncommonTrapBlob}
  0x0000029e8983d0f0: c5f8 77e8 

  0x0000029e8983d0f4: ; ImmutableOopMap {[32]=Oop [40]=Oop [48]=Oop [64]=Oop }
                      ;*if_icmpne {reexecute=1 rethrow=0 return_oop=0}
                      ; - (reexecute) org.eclipse.core.internal.resources.Resource::exists@17 (line 1025)
                      ; - org.eclipse.core.internal.resources.Resource::exists@14 (line 1021)
                      ; - org.eclipse.core.internal.resources.Resource::getLocationURI@10 (line 1173)
                      ; - lombok.eclipse.EclipseAST$EclipseWorkspaceBasedFileResolver::resolve@38 (line 192)
                      ; - lombok.eclipse.EclipseAST::getAbsoluteFileLocation0@39 (line 117)
                      ; - lombok.eclipse.EclipseAST::getAbsoluteFileLocation@1 (line 82)
                      ; - lombok.eclipse.TransformEclipseAST::transform@69 (line 180)
  0x0000029e8983d0f4: 0869 c6fd 

  0x0000029e8983d0f8: ;   {other}
  0x0000029e8983d0f8: 0f1f 8400 | 6839 005c | ba45 ffff | ff4c 8b54 | 2438 4c89 | 5424 284c | 8b54 2440 | 4c89 5424 
  0x0000029e8983d118: 3048 8944 | 2438 894c | 2440 6690 

  0x0000029e8983d124: ;   {runtime_call UncommonTrapBlob}
  0x0000029e8983d124: c5f8 77e8 

  0x0000029e8983d128: ; ImmutableOopMap {[32]=Oop [40]=Oop [48]=Oop [56]=Oop [64]=NarrowOop }
                      ;*if_icmplt {reexecute=1 rethrow=0 return_oop=0}
                      ; - (reexecute) org.eclipse.core.runtime.Path::segment@8 (line 1257)
                      ; - org.eclipse.core.internal.resources.Resource::getProject@12 (line 1226)
                      ; - org.eclipse.core.internal.resources.Resource::getLocationURI@1 (line 1172)
                      ; - lombok.eclipse.EclipseAST$EclipseWorkspaceBasedFileResolver::resolve@38 (line 192)
                      ; - lombok.eclipse.EclipseAST::getAbsoluteFileLocation0@39 (line 117)
                      ; - lombok.eclipse.EclipseAST::getAbsoluteFileLocation@1 (line 82)
                      ; - lombok.eclipse.TransformEclipseAST::transform@69 (line 180)
  0x0000029e8983d128: d468 c6fd 

  0x0000029e8983d12c: ;   {other}
  0x0000029e8983d12c: 0f1f 8400 | 9c39 005d | ba45 ffff | ff48 8b6c | 2420 4c8b | 4424 384c | 8944 2420 | 4c8b 4424 
  0x0000029e8983d14c: 404c 8944 | 2428 8974 | 2438 4889 | 7c24 4044 | 895c 243c | 4c89 5424 | 504c 8954 | 2458 6690 
  0x0000029e8983d16c: ;   {runtime_call UncommonTrapBlob}
  0x0000029e8983d16c: c5f8 77e8 

  0x0000029e8983d170: ; ImmutableOopMap {rbp=Oop [32]=Oop [40]=Oop [56]=NarrowOop [60]=NarrowOop [64]=Oop [80]=Oop [88]=Oop }
                      ;*if_acmpeq {reexecute=1 rethrow=0 return_oop=0}
                      ; - (reexecute) org.eclipse.core.runtime.Path::isRoot@4 (line 897)
                      ; - org.eclipse.core.internal.watson.ElementTree::getElementData@1 (line 393)
                      ; - org.eclipse.core.internal.resources.Workspace::getResourceInfo@73 (line 1880)
                      ; - org.eclipse.core.internal.localstore.FileSystemResourceManager::getStoreRoot@12 (line 626)
                      ; - org.eclipse.core.internal.localstore.FileSystemResourceManager::locationURIFor@2 (line 916)
                      ; - org.eclipse.core.internal.resources.Resource::getLocationURI@26 (line 1176)
                      ; - lombok.eclipse.EclipseAST$EclipseWorkspaceBasedFileResolver::resolve@38 (line 192)
                      ; - lombok.eclipse.EclipseAST::getAbsoluteFileLocation0@39 (line 117)
                      ; - lombok.eclipse.EclipseAST::getAbsoluteFileLocation@1 (line 82)
                      ; - lombok.eclipse.TransformEclipseAST::transform@69 (line 180)
  0x0000029e8983d170: 8c68 c6fd 

  0x0000029e8983d174: ;   {other}
  0x0000029e8983d174: 0f1f 8400 | e439 005e | ba45 ffff | ff66 6690 

  0x0000029e8983d184: ;   {runtime_call UncommonTrapBlob}
  0x0000029e8983d184: c5f8 77e8 

  0x0000029e8983d188: ; ImmutableOopMap {}
                      ;*ifeq {reexecute=1 rethrow=0 return_oop=0}
                      ; - (reexecute) lombok.eclipse.TransformEclipseAST::transform@78 (line 180)
  0x0000029e8983d188: 7468 c6fd 

  0x0000029e8983d18c: ;   {other}
  0x0000029e8983d18c: 0f1f 8400 | fc39 005f | ba45 ffff | ff4c 8b44 | 2438 4c89 | 4424 284c | 8b44 2440 | 4c89 4424 
  0x0000029e8983d1ac: 3089 7424 | 4048 897c | 2448 4c89 | 5424 5044 | 895c 2458 | 4489 5c24 | 5c66 6690 

  0x0000029e8983d1c8: ;   {runtime_call UncommonTrapBlob}
  0x0000029e8983d1c8: c5f8 77e8 

  0x0000029e8983d1cc: ; ImmutableOopMap {[32]=Oop [40]=Oop [48]=Oop [64]=NarrowOop [72]=Oop [80]=Oop [88]=NarrowOop [92]=NarrowOop }
                      ;*ifeq {reexecute=1 rethrow=0 return_oop=0}
                      ; - (reexecute) org.eclipse.core.internal.watson.ElementTree::getElementData@50 (line 401)
                      ; - org.eclipse.core.internal.resources.Workspace::getResourceInfo@73 (line 1880)
                      ; - org.eclipse.core.internal.localstore.FileSystemResourceManager::getStoreRoot@12 (line 626)
                      ; - org.eclipse.core.internal.localstore.FileSystemResourceManager::locationURIFor@2 (line 916)
                      ; - org.eclipse.core.internal.resources.Resource::getLocationURI@26 (line 1176)
                      ; - lombok.eclipse.EclipseAST$EclipseWorkspaceBasedFileResolver::resolve@38 (line 192)
                      ; - lombok.eclipse.EclipseAST::getAbsoluteFileLocation0@39 (line 117)
                      ; - lombok.eclipse.EclipseAST::getAbsoluteFileLocation@1 (line 82)
                      ; - lombok.eclipse.TransformEclipseAST::transform@69 (line 180)
  0x0000029e8983d1cc: 3068 c6fd 

  0x0000029e8983d1d0: ;   {other}
  0x0000029e8983d1d0: 0f1f 8400 | 403a 0060 | ba45 ffff | ff4c 8b54 | 2438 4c89 | 5424 284c | 8b54 2440 | 4c89 5424 
  0x0000029e8983d1f0: 3844 8b94 | 24b0 0000 | 0044 8954 | 246c 4489 | 5424 7044 | 8b94 2480 | 0000 0044 | 8954 2478 
  0x0000029e8983d210: 448b 9c24 | 8400 0000 | 4489 5c24 | 7c66 6690 

  0x0000029e8983d220: ;   {runtime_call UncommonTrapBlob}
  0x0000029e8983d220: c5f8 77e8 

  0x0000029e8983d224: ; ImmutableOopMap {[32]=Oop [40]=Oop [48]=Oop [56]=Oop [72]=Oop [96]=Oop [108]=NarrowOop [112]=NarrowOop [136]=Oop [168]=NarrowOop [172]=NarrowOop [180]=NarrowOop }
                      ;*if_icmplt {reexecute=1 rethrow=0 return_oop=0}
                      ; - (reexecute) org.eclipse.core.runtime.Path::segment@8 (line 1257)
                      ; - org.eclipse.core.internal.dtree.DeltaDataTree::lookup@44 (line 675)
                      ; - org.eclipse.core.internal.watson.ElementTree::includes@27 (line 569)
                      ; - org.eclipse.core.internal.resources.Workspace::getResourceInfo@40 (line 1874)
                      ; - org.eclipse.core.internal.localstore.FileSystemResourceManager::getStoreRoot@12 (line 626)
                      ; - org.eclipse.core.internal.localstore.FileSystemResourceManager::locationURIFor@2 (line 916)
                      ; - org.eclipse.core.internal.resources.Resource::getLocationURI@26 (line 1176)
                      ; - lombok.eclipse.EclipseAST$EclipseWorkspaceBasedFileResolver::resolve@38 (line 192)
                      ; - lombok.eclipse.EclipseAST::getAbsoluteFileLocation0@39 (line 117)
                      ; - lombok.eclipse.EclipseAST::getAbsoluteFileLocation@1 (line 82)
                      ; - lombok.eclipse.TransformEclipseAST::transform@69 (line 180)
  0x0000029e8983d224: d867 c6fd 

  0x0000029e8983d228: ;   {other}
  0x0000029e8983d228: 0f1f 8400 | 983a 0061 | baf6 ffff | ff66 6690 

  0x0000029e8983d238: ;   {runtime_call UncommonTrapBlob}
  0x0000029e8983d238: c5f8 77e8 

  0x0000029e8983d23c: ; ImmutableOopMap {[32]=Oop }
                      ;*getfield annotations {reexecute=1 rethrow=0 return_oop=0}
                      ; - (reexecute) java.lang.Class::getAnnotation@9
                      ; - java.lang.reflect.AnnotatedElement::isAnnotationPresent@2
                      ; - java.lang.Class::isAnnotationPresent@2
                      ; - lombok.eclipse.EclipseASTAdapter::<init>@11 (line 41)
                      ; - lombok.eclipse.TransformEclipseAST$AnnotationVisitor::<init>@1 (line 239)
                      ; - lombok.eclipse.TransformEclipseAST::go@51 (line 225)
                      ; - lombok.eclipse.TransformEclipseAST::transform@140 (line 187)
  0x0000029e8983d23c: c067 c6fd 

  0x0000029e8983d240: ;   {other}
  0x0000029e8983d240: 0f1f 8400 | b03a 0062 | baf6 ffff | ff48 8b6c | 2420 4c8b | 4424 384c | 8944 2420 | 4c8b 4424 
  0x0000029e8983d260: 404c 8944 | 2428 8974 | 2438 4889 | 7c24 4044 | 895c 243c | 894c 2454 | 4c89 5424 | 5889 4c24 
  0x0000029e8983d280: 6066 6690 

  0x0000029e8983d284: ;   {runtime_call UncommonTrapBlob}
  0x0000029e8983d284: c5f8 77e8 

  0x0000029e8983d288: ; ImmutableOopMap {rbp=Oop [32]=Oop [40]=Oop [56]=NarrowOop [60]=NarrowOop [64]=Oop [84]=NarrowOop [88]=Oop [96]=NarrowOop }
                      ;*invokevirtual lookup {reexecute=0 rethrow=0 return_oop=0}
                      ; - org.eclipse.core.internal.watson.ElementTree::includes@27 (line 569)
                      ; - org.eclipse.core.internal.resources.Workspace::getResourceInfo@40 (line 1874)
                      ; - org.eclipse.core.internal.localstore.FileSystemResourceManager::getStoreRoot@12 (line 626)
                      ; - org.eclipse.core.internal.localstore.FileSystemResourceManager::locationURIFor@2 (line 916)
                      ; - org.eclipse.core.internal.resources.Resource::getLocationURI@26 (line 1176)
                      ; - lombok.eclipse.EclipseAST$EclipseWorkspaceBasedFileResolver::resolve@38 (line 192)
                      ; - lombok.eclipse.EclipseAST::getAbsoluteFileLocation0@39 (line 117)
                      ; - lombok.eclipse.EclipseAST::getAbsoluteFileLocation@1 (line 82)
                      ; - lombok.eclipse.TransformEclipseAST::transform@69 (line 180)
  0x0000029e8983d288: 7467 c6fd 

  0x0000029e8983d28c: ;   {other}
  0x0000029e8983d28c: 0f1f 8400 | fc3a 0063 | 4889 5424 | 684c 894c | 2460 4c89 | 6c24 584c | 8954 2450 | 894c 2448 
  0x0000029e8983d2ac: 4489 5c24 | 3489 7424 | 3048 8bef | 498b d14c | 8d84 24c0 | 0000 0090 

  0x0000029e8983d2c4: ;   {runtime_call _complete_monitor_locking_Java}
  0x0000029e8983d2c4: c5f8 77e8 

  0x0000029e8983d2c8: ; ImmutableOopMap {rbp=Oop [32]=Oop [48]=NarrowOop [52]=NarrowOop [56]=Oop [64]=Oop [72]=NarrowOop [80]=Oop [88]=Oop [96]=Oop [104]=Oop }
                      ;*monitorenter {reexecute=0 rethrow=0 return_oop=0}
                      ; - org.eclipse.core.internal.watson.ElementTree::includes@20 (line 568)
                      ; - org.eclipse.core.internal.resources.Workspace::getResourceInfo@40 (line 1874)
                      ; - org.eclipse.core.internal.localstore.FileSystemResourceManager::getStoreRoot@12 (line 626)
                      ; - org.eclipse.core.internal.localstore.FileSystemResourceManager::locationURIFor@2 (line 916)
                      ; - org.eclipse.core.internal.resources.Resource::getLocationURI@26 (line 1176)
                      ; - lombok.eclipse.EclipseAST$EclipseWorkspaceBasedFileResolver::resolve@38 (line 192)
                      ; - lombok.eclipse.EclipseAST::getAbsoluteFileLocation0@39 (line 117)
                      ; - lombok.eclipse.EclipseAST::getAbsoluteFileLocation@1 (line 82)
                      ; - lombok.eclipse.TransformEclipseAST::transform@69 (line 180)
  0x0000029e8983d2c8: 347d c8fd 

  0x0000029e8983d2cc: ;   {other}
  0x0000029e8983d2cc: 0f1f 8400 | 3c3b 0064 | 488b fd8b | 7424 3044 | 8b5c 2434 | 8b4c 2448 | 4c8b 5424 | 504c 8b6c 
  0x0000029e8983d2ec: 2458 4c8b | 4c24 6048 | 8b54 2468 | e9a1 d8ff | ff49 8bd8 | 498b cb48 | 8d94 24c0 | 0000 004d 
  0x0000029e8983d30c: 8bc7 c5f8 | 7749 bab0 | cf7f ceff | 7f00 0041 

  0x0000029e8983d31c: ;   {other}
  0x0000029e8983d31c: ffd2 0f1f | 8400 0000 | 0000 4c8b | c3e9 c1db | ffff bac6 | ffff ff48 | 8b6c 2420 | 4c8b 5424 
  0x0000029e8983d33c: 384c 8954 | 2420 4c8b | 5424 404c | 8954 2428 | 4c8b 5424 | 484c 8954 | 2430 448b | 9424 b000 
  0x0000029e8983d35c: 0000 4489 | 5424 5444 | 8954 2458 | 4489 4424 | 7866 6690 

  0x0000029e8983d370: ;   {runtime_call UncommonTrapBlob}
  0x0000029e8983d370: c5f8 77e8 

  0x0000029e8983d374: ; ImmutableOopMap {rbp=Oop [32]=Oop [40]=Oop [48]=Oop [84]=NarrowOop [88]=NarrowOop [96]=Oop [120]=NarrowOop [136]=Oop [168]=NarrowOop [172]=NarrowOop [180]=NarrowOop }
                      ;*invokevirtual isDelta {reexecute=0 rethrow=0 return_oop=0}
                      ; - org.eclipse.core.internal.dtree.DeltaDataTree::lookup@20 (line 673)
                      ; - org.eclipse.core.internal.watson.ElementTree::includes@27 (line 569)
                      ; - org.eclipse.core.internal.resources.Workspace::getResourceInfo@40 (line 1874)
                      ; - org.eclipse.core.internal.localstore.FileSystemResourceManager::getStoreRoot@12 (line 626)
                      ; - org.eclipse.core.internal.localstore.FileSystemResourceManager::locationURIFor@2 (line 916)
                      ; - org.eclipse.core.internal.resources.Resource::getLocationURI@26 (line 1176)
                      ; - lombok.eclipse.EclipseAST$EclipseWorkspaceBasedFileResolver::resolve@38 (line 192)
                      ; - lombok.eclipse.EclipseAST::getAbsoluteFileLocation0@39 (line 117)
                      ; - lombok.eclipse.EclipseAST::getAbsoluteFileLocation@1 (line 82)
                      ; - lombok.eclipse.TransformEclipseAST::transform@69 (line 180)
  0x0000029e8983d374: 8866 c6fd 

  0x0000029e8983d378: ;   {other}
  0x0000029e8983d378: 0f1f 8400 | e83b 0065 | bade ffff | ff66 6690 

  0x0000029e8983d388: ;   {runtime_call UncommonTrapBlob}
  0x0000029e8983d388: c5f8 77e8 

  0x0000029e8983d38c: ; ImmutableOopMap {rbp=NarrowOop [32]=Oop }
                      ;*checkcast {reexecute=0 rethrow=0 return_oop=0}
                      ; - java.lang.Class::getAnnotation@18
                      ; - java.lang.reflect.AnnotatedElement::isAnnotationPresent@2
                      ; - java.lang.Class::isAnnotationPresent@2
                      ; - lombok.eclipse.EclipseASTAdapter::<init>@11 (line 41)
                      ; - lombok.eclipse.TransformEclipseAST$AnnotationVisitor::<init>@1 (line 239)
                      ; - lombok.eclipse.TransformEclipseAST::go@51 (line 225)
                      ; - lombok.eclipse.TransformEclipseAST::transform@140 (line 187)
  0x0000029e8983d38c: 7066 c6fd 

  0x0000029e8983d390: ;   {other}
  0x0000029e8983d390: 0f1f 8400 | 003c 0066 | ba45 ffff | ff4c 8b54 | 2438 4c89 | 5424 284c | 8b54 2440 | 4c89 5424 
  0x0000029e8983d3b0: 3044 8b9c | 24b0 0000 | 0044 895c | 245c 4489 | 5c24 6890 

  0x0000029e8983d3c4: ;   {runtime_call UncommonTrapBlob}
  0x0000029e8983d3c4: c5f8 77e8 

  0x0000029e8983d3c8: ; ImmutableOopMap {rbp=NarrowOop [32]=Oop [40]=Oop [48]=Oop [72]=Oop [92]=NarrowOop [96]=Oop [104]=NarrowOop [168]=NarrowOop [172]=NarrowOop }
                      ;*ifnonnull {reexecute=1 rethrow=0 return_oop=0}
                      ; - (reexecute) org.eclipse.core.internal.dtree.DeltaDataTree::lookup@148 (line 671)
                      ; - org.eclipse.core.internal.watson.ElementTree::includes@27 (line 569)
                      ; - org.eclipse.core.internal.resources.Workspace::getResourceInfo@40 (line 1874)
                      ; - org.eclipse.core.internal.localstore.FileSystemResourceManager::getStoreRoot@12 (line 626)
                      ; - org.eclipse.core.internal.localstore.FileSystemResourceManager::locationURIFor@2 (line 916)
                      ; - org.eclipse.core.internal.resources.Resource::getLocationURI@26 (line 1176)
                      ; - lombok.eclipse.EclipseAST$EclipseWorkspaceBasedFileResolver::resolve@38 (line 192)
                      ; - lombok.eclipse.EclipseAST::getAbsoluteFileLocation0@39 (line 117)
                      ; - lombok.eclipse.EclipseAST::getAbsoluteFileLocation@1 (line 82)
                      ; - lombok.eclipse.TransformEclipseAST::transform@69 (line 180)
  0x0000029e8983d3c8: 3466 c6fd 

  0x0000029e8983d3cc: ;   {other}
  0x0000029e8983d3cc: 0f1f 8400 | 3c3c 0067 | ba45 ffff | ff4c 8b44 | 2438 4c89 | 4424 284c | 8b44 2440 | 4c89 4424 
  0x0000029e8983d3ec: 3089 7424 | 4048 897c | 2448 4489 | 5c24 444c | 8954 2450 

  0x0000029e8983d400: ;   {runtime_call UncommonTrapBlob}
  0x0000029e8983d400: c5f8 77e8 

  0x0000029e8983d404: ; ImmutableOopMap {[32]=Oop [40]=Oop [48]=Oop [64]=NarrowOop [68]=NarrowOop [72]=Oop [80]=Oop }
                      ;*if_icmpeq {reexecute=1 rethrow=0 return_oop=0}
                      ; - (reexecute) org.eclipse.core.runtime.Path::isRoot@23 (line 897)
                      ; - org.eclipse.core.internal.watson.ElementTree::getElementData@1 (line 393)
                      ; - org.eclipse.core.internal.resources.Workspace::getResourceInfo@73 (line 1880)
                      ; - org.eclipse.core.internal.localstore.FileSystemResourceManager::getStoreRoot@12 (line 626)
                      ; - org.eclipse.core.internal.localstore.FileSystemResourceManager::locationURIFor@2 (line 916)
                      ; - org.eclipse.core.internal.resources.Resource::getLocationURI@26 (line 1176)
                      ; - lombok.eclipse.EclipseAST$EclipseWorkspaceBasedFileResolver::resolve@38 (line 192)
                      ; - lombok.eclipse.EclipseAST::getAbsoluteFileLocation0@39 (line 117)
                      ; - lombok.eclipse.EclipseAST::getAbsoluteFileLocation@1 (line 82)
                      ; - lombok.eclipse.TransformEclipseAST::transform@69 (line 180)
  0x0000029e8983d404: f865 c6fd 

  0x0000029e8983d408: ;   {other}
  0x0000029e8983d408: 0f1f 8400 | 783c 0068 | baf6 ffff | ff66 6690 

  0x0000029e8983d418: ;   {runtime_call UncommonTrapBlob}
  0x0000029e8983d418: c5f8 77e8 

  0x0000029e8983d41c: ; ImmutableOopMap {rbp=NarrowOop [32]=Oop [56]=Oop [64]=Oop }
                      ;*invokevirtual computeURI {reexecute=0 rethrow=0 return_oop=0}
                      ; - org.eclipse.core.internal.localstore.FileSystemResourceManager::locationURIFor@12 (line 916)
                      ; - org.eclipse.core.internal.resources.Resource::getLocationURI@26 (line 1176)
                      ; - lombok.eclipse.EclipseAST$EclipseWorkspaceBasedFileResolver::resolve@38 (line 192)
                      ; - lombok.eclipse.EclipseAST::getAbsoluteFileLocation0@39 (line 117)
                      ; - lombok.eclipse.EclipseAST::getAbsoluteFileLocation@1 (line 82)
                      ; - lombok.eclipse.TransformEclipseAST::transform@69 (line 180)
  0x0000029e8983d41c: e065 c6fd 

  0x0000029e8983d420: ;   {other}
  0x0000029e8983d420: 0f1f 8400 | 903c 0069 | 4c89 4c24 | 784c 896c 

  0x0000029e8983d430: ;   {metadata({type array byte})}
  0x0000029e8983d430: 2468 48ba | 1823 0093 | 9e02 0000 | 448b 4424 | 4c4c 8954 | 2470 6690 

  0x0000029e8983d448: ;   {runtime_call _new_array_nozero_Java}
  0x0000029e8983d448: c5f8 77e8 

  0x0000029e8983d44c: ; ImmutableOopMap {[32]=Oop [56]=Oop [96]=Oop [120]=Derived_oop_[96] [104]=Oop [112]=Oop [88]=Derived_oop_[112] }
                      ;*invokestatic toBytes {reexecute=1 rethrow=0 return_oop=1}
                      ; - (reexecute) java.lang.StringUTF16::compress@23
                      ; - java.lang.String::<init>@36
                      ; - java.lang.String::<init>@6
                      ; - java.lang.String::valueOf@5
                      ; - lombok.eclipse.TransformEclipseAST::transform@17 (line 170)
  0x0000029e8983d44c: 301e c8fd 

  0x0000029e8983d450: ;   {other}
  0x0000029e8983d450: 0f1f 8400 | c03c 006a | 488b d8e9 | 09ef ffff | bac6 ffff | ff48 8b6c | 2420 4c8b | 5424 384c 
  0x0000029e8983d470: 8954 2420 | 4c8b 5424 | 404c 8954 | 2428 4c8b | 5424 484c | 8954 2440 | 448b 9424 | b000 0000 
  0x0000029e8983d490: 4489 5424 | 5444 8954 | 2458 4c89 | 4424 7090 

  0x0000029e8983d4a0: ;   {runtime_call UncommonTrapBlob}
  0x0000029e8983d4a0: c5f8 77e8 

  0x0000029e8983d4a4: ; ImmutableOopMap {rbp=Oop [32]=Oop [40]=Oop [64]=Oop [84]=NarrowOop [88]=NarrowOop [96]=Oop [112]=Oop [136]=Oop [168]=NarrowOop [172]=NarrowOop [180]=NarrowOop }
                      ;*invokevirtual getData {reexecute=0 rethrow=0 return_oop=0}
                      ; - org.eclipse.core.internal.dtree.DeltaDataTree::lookup@106 (line 683)
                      ; - org.eclipse.core.internal.watson.ElementTree::includes@27 (line 569)
                      ; - org.eclipse.core.internal.resources.Workspace::getResourceInfo@40 (line 1874)
                      ; - org.eclipse.core.internal.localstore.FileSystemResourceManager::getStoreRoot@12 (line 626)
                      ; - org.eclipse.core.internal.localstore.FileSystemResourceManager::locationURIFor@2 (line 916)
                      ; - org.eclipse.core.internal.resources.Resource::getLocationURI@26 (line 1176)
                      ; - lombok.eclipse.EclipseAST$EclipseWorkspaceBasedFileResolver::resolve@38 (line 192)
                      ; - lombok.eclipse.EclipseAST::getAbsoluteFileLocation0@39 (line 117)
                      ; - lombok.eclipse.EclipseAST::getAbsoluteFileLocation@1 (line 82)
                      ; - lombok.eclipse.TransformEclipseAST::transform@69 (line 180)
  0x0000029e8983d4a4: 5865 c6fd 

  0x0000029e8983d4a8: ;   {other}
  0x0000029e8983d4a8: 0f1f 8400 | 183d 006b | baf6 ffff | ff48 8b6c | 2420 4c8b | 4424 384c | 8944 2420 | 4c8b 4424 
  0x0000029e8983d4c8: 404c 8944 | 2428 8974 | 2438 4889 | 7c24 4044 | 895c 2450 | 4489 5c24 | 544c 8954 | 2458 6690 
  0x0000029e8983d4e8: ;   {runtime_call UncommonTrapBlob}
  0x0000029e8983d4e8: c5f8 77e8 

  0x0000029e8983d4ec: ; ImmutableOopMap {rbp=Oop [32]=Oop [40]=Oop [56]=NarrowOop [64]=Oop [80]=NarrowOop [84]=NarrowOop [88]=Oop }
                      ;*invokevirtual lookup {reexecute=0 rethrow=0 return_oop=0}
                      ; - org.eclipse.core.internal.watson.ElementTree::getElementData@38 (line 399)
                      ; - org.eclipse.core.internal.resources.Workspace::getResourceInfo@73 (line 1880)
                      ; - org.eclipse.core.internal.localstore.FileSystemResourceManager::getStoreRoot@12 (line 626)
                      ; - org.eclipse.core.internal.localstore.FileSystemResourceManager::locationURIFor@2 (line 916)
                      ; - org.eclipse.core.internal.resources.Resource::getLocationURI@26 (line 1176)
                      ; - lombok.eclipse.EclipseAST$EclipseWorkspaceBasedFileResolver::resolve@38 (line 192)
                      ; - lombok.eclipse.EclipseAST::getAbsoluteFileLocation0@39 (line 117)
                      ; - lombok.eclipse.EclipseAST::getAbsoluteFileLocation@1 (line 82)
                      ; - lombok.eclipse.TransformEclipseAST::transform@69 (line 180)
  0x0000029e8983d4ec: 1065 c6fd 

  0x0000029e8983d4f0: ;   {other}
  0x0000029e8983d4f0: 0f1f 8400 | 603d 006c | baf6 ffff | ff48 8b6c | 2420 4c8b | 5424 384c | 8954 2420 | 4c8b 5424 
  0x0000029e8983d510: 404c 8954 | 2428 4489 | 5c24 5044 | 895c 2454 

  0x0000029e8983d520: ;   {runtime_call UncommonTrapBlob}
  0x0000029e8983d520: c5f8 77e8 

  0x0000029e8983d524: ; ImmutableOopMap {rbp=Oop [32]=Oop [40]=Oop [48]=Oop [72]=Oop [80]=NarrowOop [84]=NarrowOop [168]=NarrowOop }
                      ;*getfield isPresent {reexecute=1 rethrow=0 return_oop=0}
                      ; - (reexecute) org.eclipse.core.internal.watson.ElementTree::getElementData@47 (line 401)
                      ; - org.eclipse.core.internal.resources.Workspace::getResourceInfo@73 (line 1880)
                      ; - org.eclipse.core.internal.localstore.FileSystemResourceManager::getStoreRoot@12 (line 626)
                      ; - org.eclipse.core.internal.localstore.FileSystemResourceManager::locationURIFor@2 (line 916)
                      ; - org.eclipse.core.internal.resources.Resource::getLocationURI@26 (line 1176)
                      ; - lombok.eclipse.EclipseAST$EclipseWorkspaceBasedFileResolver::resolve@38 (line 192)
                      ; - lombok.eclipse.EclipseAST::getAbsoluteFileLocation0@39 (line 117)
                      ; - lombok.eclipse.EclipseAST::getAbsoluteFileLocation@1 (line 82)
                      ; - lombok.eclipse.TransformEclipseAST::transform@69 (line 180)
  0x0000029e8983d524: d864 c6fd 

  0x0000029e8983d528: ;   {other}
  0x0000029e8983d528: 0f1f 8400 | 983d 006d | 33ed 4585 | db40 0f95 | c5ba 45ff | ffff 4c8b | 5c24 384c | 895c 2428 
  0x0000029e8983d548: 4c8b 5c24 | 404c 895c | 2430 8974 | 2440 4889 | 7c24 484c | 8954 2450 

  0x0000029e8983d560: ;   {runtime_call UncommonTrapBlob}
  0x0000029e8983d560: c5f8 77e8 

  0x0000029e8983d564: ; ImmutableOopMap {[32]=Oop [40]=Oop [48]=Oop [64]=NarrowOop [72]=Oop [80]=Oop }
                      ;*ifeq {reexecute=1 rethrow=0 return_oop=0}
                      ; - (reexecute) org.eclipse.core.internal.localstore.FileSystemResourceManager::getStoreRoot@45 (line 633)
                      ; - org.eclipse.core.internal.localstore.FileSystemResourceManager::locationURIFor@2 (line 916)
                      ; - org.eclipse.core.internal.resources.Resource::getLocationURI@26 (line 1176)
                      ; - lombok.eclipse.EclipseAST$EclipseWorkspaceBasedFileResolver::resolve@38 (line 192)
                      ; - lombok.eclipse.EclipseAST::getAbsoluteFileLocation0@39 (line 117)
                      ; - lombok.eclipse.EclipseAST::getAbsoluteFileLocation@1 (line 82)
                      ; - lombok.eclipse.TransformEclipseAST::transform@69 (line 180)
  0x0000029e8983d564: 9864 c6fd 

  0x0000029e8983d568: ;   {other}
  0x0000029e8983d568: 0f1f 8400 | d83d 006e | 33ed 4585 | c040 0f95 | c5ba 45ff | ffff 4c8b | 5c24 384c | 895c 2428 
  0x0000029e8983d588: 4c8b 5c24 | 404c 895c | 2430 8974 | 2440 4889 | 7c24 484c | 8954 2450 

  0x0000029e8983d5a0: ;   {runtime_call UncommonTrapBlob}
  0x0000029e8983d5a0: c5f8 77e8 

  0x0000029e8983d5a4: ; ImmutableOopMap {[32]=Oop [40]=Oop [48]=Oop [64]=NarrowOop [72]=Oop [80]=Oop }
                      ;*ifeq {reexecute=1 rethrow=0 return_oop=0}
                      ; - (reexecute) org.eclipse.core.internal.localstore.FileSystemResourceManager::getStoreRoot@101 (line 641)
                      ; - org.eclipse.core.internal.localstore.FileSystemResourceManager::locationURIFor@2 (line 916)
                      ; - org.eclipse.core.internal.resources.Resource::getLocationURI@26 (line 1176)
                      ; - lombok.eclipse.EclipseAST$EclipseWorkspaceBasedFileResolver::resolve@38 (line 192)
                      ; - lombok.eclipse.EclipseAST::getAbsoluteFileLocation0@39 (line 117)
                      ; - lombok.eclipse.EclipseAST::getAbsoluteFileLocation@1 (line 82)
                      ; - lombok.eclipse.TransformEclipseAST::transform@69 (line 180)
  0x0000029e8983d5a4: 5864 c6fd 

  0x0000029e8983d5a8: ;   {other}
  0x0000029e8983d5a8: 0f1f 8400 | 183e 006f | 498b ea44 | 8b54 246c | 4489 7424 | 6889 4424 | 3448 895c | 2460 4c89 
  0x0000029e8983d5c8: 5c24 584c | 896c 2450 | 4c89 4424 | 4844 8954 | 2430 4c8b | 5424 384c | 8954 2428 

  0x0000029e8983d5e4: ;   {metadata({type array byte})}
  0x0000029e8983d5e4: 48ba 1823 | 0093 9e02 | 0000 458b | c666 6690 

  0x0000029e8983d5f4: ;   {runtime_call _new_array_nozero_Java}
  0x0000029e8983d5f4: c5f8 77e8 

  0x0000029e8983d5f8: ; ImmutableOopMap {rbp=Oop [88]=Derived_oop_rbp [32]=Oop [40]=Oop [64]=Oop [80]=Oop [96]=Derived_oop_[80] }
                      ;*invokestatic toBytes {reexecute=1 rethrow=0 return_oop=1}
                      ; - (reexecute) java.lang.StringUTF16::compress@23
                      ; - java.lang.String::<init>@36
                      ; - java.lang.String::<init>@6
                      ; - lombok.eclipse.EclipseAST::toFileName@25 (line 325)
                      ; - lombok.eclipse.EclipseAST::getAbsoluteFileLocation0@1 (line 94)
                      ; - lombok.eclipse.EclipseAST::getAbsoluteFileLocation@1 (line 82)
                      ; - lombok.eclipse.TransformEclipseAST::transform@69 (line 180)
  0x0000029e8983d5f8: 841c c8fd 

  0x0000029e8983d5fc: ;   {other}
  0x0000029e8983d5fc: 0f1f 8400 | 6c3e 0070 | 4c8b 5424 | 284c 8954 | 2438 448b | 5424 3044 | 8954 246c | 4c8b 4424 
  0x0000029e8983d61c: 484c 8b6c | 2450 4c8b | 5c24 5848 | 8b5c 2460 | 8b7c 2434 | 448b 7424 | 6848 8be8 | e997 f0ff 
  0x0000029e8983d63c: ffba ceff | ffff 4c8b | 4424 384c | 8944 2430 | 4c89 5424 | 3844 895c | 2440 6690 

  0x0000029e8983d658: ;   {runtime_call UncommonTrapBlob}
  0x0000029e8983d658: c5f8 77e8 

  0x0000029e8983d65c: ; ImmutableOopMap {[32]=Oop [48]=Oop [56]=Oop [64]=NarrowOop }
                      ;*invokestatic toBytes {reexecute=1 rethrow=0 return_oop=0}
                      ; - (reexecute) java.lang.StringUTF16::compress@23
                      ; - java.lang.String::<init>@36
                      ; - java.lang.String::<init>@6
                      ; - java.lang.String::valueOf@5
                      ; - lombok.eclipse.TransformEclipseAST::transform@17 (line 170)
  0x0000029e8983d65c: a063 c6fd 

  0x0000029e8983d660: ;   {other}
  0x0000029e8983d660: 0f1f 8400 | d03e 0071 | 4d63 d8e9 | 7dec ffff | bace ffff | ff48 8b6c | 2420 4c8b | 5424 384c 
  0x0000029e8983d680: 8954 2420 | 4889 5c24 | 4066 6690 

  0x0000029e8983d68c: ;   {runtime_call UncommonTrapBlob}
  0x0000029e8983d68c: c5f8 77e8 

  0x0000029e8983d690: ; ImmutableOopMap {rbp=Oop [32]=Oop [64]=Oop [112]=Oop }
                      ;*invokestatic compress {reexecute=0 rethrow=0 return_oop=0}
                      ; - java.lang.StringUTF16::compress@47
                      ; - java.lang.String::<init>@36
                      ; - java.lang.String::<init>@6
                      ; - java.lang.String::valueOf@5
                      ; - lombok.eclipse.TransformEclipseAST::transform@17 (line 170)
  0x0000029e8983d690: 6c63 c6fd 

  0x0000029e8983d694: ;   {other}
  0x0000029e8983d694: 0f1f 8400 | 043f 0072 | baf6 ffff | ff48 8b6c | 2420 6690 

  0x0000029e8983d6a8: ;   {runtime_call UncommonTrapBlob}
  0x0000029e8983d6a8: c5f8 77e8 

  0x0000029e8983d6ac: ; ImmutableOopMap {rbp=Oop [56]=Oop [64]=Oop }
                      ;*invokevirtual getResourceInfo {reexecute=0 rethrow=0 return_oop=0}
                      ; - org.eclipse.core.internal.localstore.FileSystemResourceManager::getStoreRoot@176 (line 657)
                      ; - org.eclipse.core.internal.localstore.FileSystemResourceManager::locationURIFor@2 (line 916)
                      ; - org.eclipse.core.internal.resources.Resource::getLocationURI@26 (line 1176)
                      ; - lombok.eclipse.EclipseAST$EclipseWorkspaceBasedFileResolver::resolve@38 (line 192)
                      ; - lombok.eclipse.EclipseAST::getAbsoluteFileLocation0@39 (line 117)
                      ; - lombok.eclipse.EclipseAST::getAbsoluteFileLocation@1 (line 82)
                      ; - lombok.eclipse.TransformEclipseAST::transform@69 (line 180)
  0x0000029e8983d6ac: 5063 c6fd 

  0x0000029e8983d6b0: ;   {other}
  0x0000029e8983d6b0: 0f1f 8400 | 203f 0073 | bade ffff | ff4c 8b54 | 2438 4c89 | 5424 284c | 8b54 2440 | 4c89 5424 
  0x0000029e8983d6d0: 3844 894c | 2448 6690 

  0x0000029e8983d6d8: ;   {runtime_call UncommonTrapBlob}
  0x0000029e8983d6d8: c5f8 77e8 

  0x0000029e8983d6dc: ; ImmutableOopMap {rbp=NarrowOop [32]=Oop [40]=Oop [48]=Oop [56]=Oop [72]=NarrowOop [80]=Oop }
                      ;*invokeinterface getLocation {reexecute=0 rethrow=0 return_oop=0}
                      ; - org.eclipse.core.internal.localstore.FileSystemResourceManager::getStoreRoot@195 (line 659)
                      ; - org.eclipse.core.internal.localstore.FileSystemResourceManager::locationURIFor@2 (line 916)
                      ; - org.eclipse.core.internal.resources.Resource::getLocationURI@26 (line 1176)
                      ; - lombok.eclipse.EclipseAST$EclipseWorkspaceBasedFileResolver::resolve@38 (line 192)
                      ; - lombok.eclipse.EclipseAST::getAbsoluteFileLocation0@39 (line 117)
                      ; - lombok.eclipse.EclipseAST::getAbsoluteFileLocation@1 (line 82)
                      ; - lombok.eclipse.TransformEclipseAST::transform@69 (line 180)
  0x0000029e8983d6dc: 2063 c6fd 

  0x0000029e8983d6e0: ;   {other}
  0x0000029e8983d6e0: 0f1f 8400 | 503f 0074 | bace ffff | ff48 8b6c | 2420 4c8b | 5c24 384c | 895c 2420 | 4c8b 5c24 
  0x0000029e8983d700: 404c 895c | 2430 4489 | 5424 3c4c | 896c 2440 | 8944 2448 | 4489 4c24 | 4c44 8954 | 2450 6690 
  0x0000029e8983d720: ;   {runtime_call UncommonTrapBlob}
  0x0000029e8983d720: c5f8 77e8 

  0x0000029e8983d724: ; ImmutableOopMap {rbp=Oop [32]=Oop [48]=Oop [64]=Oop [76]=NarrowOop }
                      ;*invokestatic toBytes {reexecute=1 rethrow=0 return_oop=0}
                      ; - (reexecute) java.lang.StringUTF16::compress@23
                      ; - java.lang.String::<init>@36
                      ; - java.lang.String::<init>@6
                      ; - lombok.eclipse.EclipseAST::toFileName@25 (line 325)
                      ; - lombok.eclipse.EclipseAST::getAbsoluteFileLocation0@1 (line 94)
                      ; - lombok.eclipse.EclipseAST::getAbsoluteFileLocation@1 (line 82)
                      ; - lombok.eclipse.TransformEclipseAST::transform@69 (line 180)
  0x0000029e8983d724: d862 c6fd 

  0x0000029e8983d728: ;   {other}
  0x0000029e8983d728: 0f1f 8400 | 983f 0075 | 4d63 cee9 | 2fef ffff | bace ffff | ff4c 8b54 | 2438 4c89 | 5424 284c 
  0x0000029e8983d748: 8b54 2440 | 4c89 5424 | 384c 896c | 2458 6690 

  0x0000029e8983d758: ;   {runtime_call UncommonTrapBlob}
  0x0000029e8983d758: c5f8 77e8 

  0x0000029e8983d75c: ; ImmutableOopMap {rbp=Oop [32]=Oop [40]=Oop [56]=Oop [88]=Oop }
                      ;*invokestatic compress {reexecute=0 rethrow=0 return_oop=0}
                      ; - java.lang.StringUTF16::compress@47
                      ; - java.lang.String::<init>@36
                      ; - java.lang.String::<init>@6
                      ; - lombok.eclipse.EclipseAST::toFileName@25 (line 325)
                      ; - lombok.eclipse.EclipseAST::getAbsoluteFileLocation0@1 (line 94)
                      ; - lombok.eclipse.EclipseAST::getAbsoluteFileLocation@1 (line 82)
                      ; - lombok.eclipse.TransformEclipseAST::transform@69 (line 180)
  0x0000029e8983d75c: a062 c6fd 

  0x0000029e8983d760: ;   {other}
  0x0000029e8983d760: 0f1f 8400 | d03f 0076 | 498b cb48 | 8d94 24c0 | 0000 004d | 8bc7 c5f8 | 7749 bab0 | cf7f ceff 
  0x0000029e8983d780: 7f00 0041 

  0x0000029e8983d784: ;   {other}
  0x0000029e8983d784: ffd2 0f1f | 8400 0000 | 0000 e993 | e4ff ff49 | 8be8 ba6e | 0000 0090 

  0x0000029e8983d79c: ;   {runtime_call UncommonTrapBlob}
  0x0000029e8983d79c: c5f8 77e8 

  0x0000029e8983d7a0: ; ImmutableOopMap {rbp=Oop [32]=Oop [56]=Oop [64]=Oop }
                      ;*new {reexecute=0 rethrow=0 return_oop=0}
                      ; - lombok.eclipse.EclipseAST::getAbsoluteFileLocation0@44 (line 119)
                      ; - lombok.eclipse.EclipseAST::getAbsoluteFileLocation@1 (line 82)
                      ; - lombok.eclipse.TransformEclipseAST::transform@69 (line 180)
  0x0000029e8983d7a0: 5c62 c6fd 

  0x0000029e8983d7a4: ;   {other}
  0x0000029e8983d7a4: 0f1f 8400 | 1440 0077 

  0x0000029e8983d7ac: ;   {oop(a 'java/lang/Class'{0x0000000083bc32d8} = 'lombok/eclipse/EclipseAST')}
  0x0000029e8983d7ac: 49ba d832 | bc83 0000 | 0000 41c6 | 4278 01f0 | 8344 24c0 | 00ba 8500 | 0000 488b | 6c24 2090 
  0x0000029e8983d7cc: ;   {runtime_call UncommonTrapBlob}
  0x0000029e8983d7cc: c5f8 77e8 

  0x0000029e8983d7d0: ; ImmutableOopMap {rbp=Oop [56]=Oop [64]=Oop }
                      ;*new {reexecute=0 rethrow=0 return_oop=0}
                      ; - lombok.eclipse.EclipseAST::getAbsoluteFileLocation0@77 (line 136)
                      ; - lombok.eclipse.EclipseAST::getAbsoluteFileLocation@1 (line 82)
                      ; - lombok.eclipse.TransformEclipseAST::transform@69 (line 180)
  0x0000029e8983d7d0: 2c62 c6fd 

  0x0000029e8983d7d4: ;   {other}
  0x0000029e8983d7d4: 0f1f 8400 | 4440 0078 | bac6 ffff | ff48 8b6c | 2420 4c8b | 5424 384c | 8954 2420 | 4c8b 5424 
  0x0000029e8983d7f4: 404c 8954 | 2428 448b | 9424 b000 | 0000 4489 | 5424 5c44 | 8954 2468 

  0x0000029e8983d80c: ;   {runtime_call UncommonTrapBlob}
  0x0000029e8983d80c: c5f8 77e8 

  0x0000029e8983d810: ; ImmutableOopMap {rbp=Oop [32]=Oop [40]=Oop [48]=Oop [72]=Oop [92]=NarrowOop [96]=Oop [104]=NarrowOop [136]=Oop [168]=NarrowOop [172]=NarrowOop [180]=NarrowOop }
                      ;*invokevirtual isDeleted {reexecute=0 rethrow=0 return_oop=0}
                      ; - org.eclipse.core.internal.dtree.DeltaDataTree::lookup@125 (line 684)
                      ; - org.eclipse.core.internal.watson.ElementTree::includes@27 (line 569)
                      ; - org.eclipse.core.internal.resources.Workspace::getResourceInfo@40 (line 1874)
                      ; - org.eclipse.core.internal.localstore.FileSystemResourceManager::getStoreRoot@12 (line 626)
                      ; - org.eclipse.core.internal.localstore.FileSystemResourceManager::locationURIFor@2 (line 916)
                      ; - org.eclipse.core.internal.resources.Resource::getLocationURI@26 (line 1176)
                      ; - lombok.eclipse.EclipseAST$EclipseWorkspaceBasedFileResolver::resolve@38 (line 192)
                      ; - lombok.eclipse.EclipseAST::getAbsoluteFileLocation0@39 (line 117)
                      ; - lombok.eclipse.EclipseAST::getAbsoluteFileLocation@1 (line 82)
                      ; - lombok.eclipse.TransformEclipseAST::transform@69 (line 180)
  0x0000029e8983d810: ec61 c6fd 

  0x0000029e8983d814: ;   {other}
  0x0000029e8983d814: 0f1f 8400 | 8440 0079 | bade ffff | ff48 8b6c | 2420 4c89 | 5424 2890 

  0x0000029e8983d82c: ;   {runtime_call UncommonTrapBlob}
  0x0000029e8983d82c: c5f8 77e8 

  0x0000029e8983d830: ; ImmutableOopMap {rbp=Oop [40]=Oop [56]=Oop }
                      ;*checkcast {reexecute=0 rethrow=0 return_oop=0}
                      ; - lombok.patcher.Symbols::hasSymbol@20 (line 69)
                      ; - lombok.eclipse.TransformEclipseAST::transform@31 (line 172)
  0x0000029e8983d830: cc61 c6fd 

  0x0000029e8983d834: ;   {other}
  0x0000029e8983d834: 0f1f 8400 | a440 007a | bade ffff | ff48 8b6c | 2420 4889 | 4424 3090 

  0x0000029e8983d84c: ;   {runtime_call UncommonTrapBlob}
  0x0000029e8983d84c: c5f8 77e8 

  0x0000029e8983d850: ; ImmutableOopMap {rbp=Oop [48]=Oop [56]=Oop [64]=Oop }
                      ;*checkcast {reexecute=0 rethrow=0 return_oop=0}
                      ; - org.eclipse.core.internal.resources.Container::getFile@18 (line 207)
                      ; - lombok.eclipse.EclipseAST$EclipseWorkspaceBasedFileResolver::resolve@33 (line 192)
                      ; - lombok.eclipse.EclipseAST::getAbsoluteFileLocation0@39 (line 117)
                      ; - lombok.eclipse.EclipseAST::getAbsoluteFileLocation@1 (line 82)
                      ; - lombok.eclipse.TransformEclipseAST::transform@69 (line 180)
  0x0000029e8983d850: ac61 c6fd 

  0x0000029e8983d854: ;   {other}
  0x0000029e8983d854: 0f1f 8400 | c440 007b | bade ffff | ff48 8b6c | 2420 4c8b | 5424 284c | 8954 2420 | 4889 4424 
  0x0000029e8983d874: 2866 6690 

  0x0000029e8983d878: ;   {runtime_call UncommonTrapBlob}
  0x0000029e8983d878: c5f8 77e8 

  0x0000029e8983d87c: ; ImmutableOopMap {rbp=Oop [40]=Oop [80]=Oop [88]=Oop [96]=Oop }
                      ;*checkcast {reexecute=0 rethrow=0 return_oop=0}
                      ; - lombok.eclipse.TransformEclipseAST::go@27 (line 223)
                      ; - lombok.eclipse.TransformEclipseAST::transform@140 (line 187)
  0x0000029e8983d87c: 8061 c6fd 

  0x0000029e8983d880: ;   {other}
  0x0000029e8983d880: 0f1f 8400 | f040 007c | bade ffff | ff48 8b6c | 2420 4c8b | 5c24 284c | 895c 2420 | 4c8b 5c24 
  0x0000029e8983d8a0: 384c 895c | 2430 4c8b | 5c24 404c | 895c 2438 | 4c89 5424 | 404c 8b54 | 2450 4c89 | 5424 484c 
  0x0000029e8983d8c0: 8b54 2458 | 4c89 5424 | 504c 8b54 | 2460 4c89 | 5424 5844 | 8b5c 2468 | 4489 5c24 | 6044 8b54 
  0x0000029e8983d8e0: 246c 4489 | 5424 6444 | 8b5c 2470 | 4489 5c24 | 6866 6690 

  0x0000029e8983d8f4: ;   {runtime_call UncommonTrapBlob}
  0x0000029e8983d8f4: c5f8 77e8 

  0x0000029e8983d8f8: ; ImmutableOopMap {rbp=Oop [64]=Oop [72]=Oop [80]=Oop [88]=Oop [128]=Oop }
                      ;*checkcast {reexecute=0 rethrow=0 return_oop=0}
                      ; - lombok.eclipse.HandlerLibrary::callASTVisitors@26 (line 251)
                      ; - lombok.eclipse.TransformEclipseAST::go@90 (line 229)
                      ; - lombok.eclipse.TransformEclipseAST::transform@140 (line 187)
  0x0000029e8983d8f8: 0461 c6fd 

  0x0000029e8983d8fc: ;   {other}
  0x0000029e8983d8fc: 0f1f 8400 | 6c41 007d | bade ffff | ff4c 8b54 | 2438 4c89 | 5424 284c | 8b54 2440 | 4c89 5424 
  0x0000029e8983d91c: 3089 7424 | 4048 897c | 2448 6690 

  0x0000029e8983d928: ;   {runtime_call UncommonTrapBlob}
  0x0000029e8983d928: c5f8 77e8 

  0x0000029e8983d92c: ; ImmutableOopMap {rbp=NarrowOop [32]=Oop [40]=Oop [48]=Oop [64]=NarrowOop [72]=Oop }
                      ;*checkcast {reexecute=0 rethrow=0 return_oop=0}
                      ; - org.eclipse.core.internal.resources.Workspace::getResourceInfo@16 (line 1869)
                      ; - org.eclipse.core.internal.localstore.FileSystemResourceManager::getStoreRoot@12 (line 626)
                      ; - org.eclipse.core.internal.localstore.FileSystemResourceManager::locationURIFor@2 (line 916)
                      ; - org.eclipse.core.internal.resources.Resource::getLocationURI@26 (line 1176)
                      ; - lombok.eclipse.EclipseAST$EclipseWorkspaceBasedFileResolver::resolve@38 (line 192)
                      ; - lombok.eclipse.EclipseAST::getAbsoluteFileLocation0@39 (line 117)
                      ; - lombok.eclipse.EclipseAST::getAbsoluteFileLocation@1 (line 82)
                      ; - lombok.eclipse.TransformEclipseAST::transform@69 (line 180)
  0x0000029e8983d92c: d060 c6fd 

  0x0000029e8983d930: ;   {other}
  0x0000029e8983d930: 0f1f 8400 | a041 007e | bade ffff | ff48 8944 | 2430 6690 

  0x0000029e8983d944: ;   {runtime_call UncommonTrapBlob}
  0x0000029e8983d944: c5f8 77e8 

  0x0000029e8983d948: ; ImmutableOopMap {[32]=Oop [48]=Oop [56]=Oop }
                      ;*checkcast {reexecute=0 rethrow=0 return_oop=0}
                      ; - lombok.eclipse.TransformEclipseAST::alreadyTransformed@7 (line 142)
                      ; - lombok.eclipse.TransformEclipseAST::transform@55 (line 176)
  0x0000029e8983d948: b460 c6fd 

  0x0000029e8983d94c: ;   {other}
  0x0000029e8983d94c: 0f1f 8400 | bc41 007f | bade ffff | ff48 8b6c | 2420 4889 | 4424 3090 

  0x0000029e8983d964: ;   {runtime_call UncommonTrapBlob}
  0x0000029e8983d964: c5f8 77e8 

  0x0000029e8983d968: ; ImmutableOopMap {rbp=Oop [48]=Oop [56]=Oop }
                      ;*instanceof {reexecute=0 rethrow=0 return_oop=0}
                      ; - java.lang.Boolean::equals@1
                      ; - lombok.eclipse.TransformEclipseAST::transform@75 (line 180)
  0x0000029e8983d968: 9460 c6fd 

  0x0000029e8983d96c: ;   {other}
  0x0000029e8983d96c: 0f1f 8400 | dc41 0080 | baf4 ffff | ff48 8b6c | 2420 4c8b | 5424 284c | 8954 2420 

  0x0000029e8983d988: ;   {runtime_call UncommonTrapBlob}
  0x0000029e8983d988: c5f8 77e8 

  0x0000029e8983d98c: ; ImmutableOopMap {rbp=Oop [80]=Oop [88]=Oop [96]=Oop }
                      ;*checkcast {reexecute=0 rethrow=0 return_oop=0}
                      ; - lombok.eclipse.TransformEclipseAST::go@27 (line 223)
                      ; - lombok.eclipse.TransformEclipseAST::transform@140 (line 187)
  0x0000029e8983d98c: 7060 c6fd 

  0x0000029e8983d990: ;   {other}
  0x0000029e8983d990: 0f1f 8400 | 0042 0081 | 4c8b c044 | 8b58 0849 | ba00 0000 | 939e 0200 | 004d 03d3 | 4d8b 5a40 
  0x0000029e8983d9b0: ;   {metadata('java/lang/Exception')}
  0x0000029e8983d9b0: 49b9 20c0 | 0093 9e02 | 0000 4d3b | d90f 847b | e0ff ffe9 | 92f0 ffff | baf6 ffff | ff48 8b6c 
  0x0000029e8983d9d0: 2420 4c8b | 5424 284c | 8954 2420 | 4c8b 5424 | 384c 8954 | 2430 4c8b | 5424 404c | 8954 2438 
  0x0000029e8983d9f0: 4c8b 5424 | 504c 8954 | 2440 4c8b | 5424 584c | 8954 2448 | 4c8b 5424 | 604c 8954 | 2450 448b 
  0x0000029e8983da10: 5424 6c44 | 8954 2458 | 4489 4c24 | 5c66 6690 

  0x0000029e8983da20: ;   {runtime_call UncommonTrapBlob}
  0x0000029e8983da20: c5f8 77e8 

  0x0000029e8983da24: ; ImmutableOopMap {rbp=Oop [64]=Oop [72]=Oop [80]=Oop [128]=Oop }
                      ;*arraylength {reexecute=0 rethrow=0 return_oop=0}
                      ; - java.util.ArrayList$Itr::next@38
                      ; - lombok.eclipse.HandlerLibrary::callASTVisitors@21 (line 251)
                      ; - lombok.eclipse.TransformEclipseAST::go@90 (line 229)
                      ; - lombok.eclipse.TransformEclipseAST::transform@140 (line 187)
  0x0000029e8983da24: d85f c6fd 

  0x0000029e8983da28: ;   {other}
  0x0000029e8983da28: 0f1f 8400 | 9842 0082 | baf4 ffff | ff48 8b6c | 2420 4c8b | 5424 284c | 8954 2420 | 4c8b 5424 
  0x0000029e8983da48: 384c 8954 | 2430 4c8b | 5424 404c | 8954 2438 | 4c8b 5424 | 504c 8954 | 2440 4c8b | 5424 584c 
  0x0000029e8983da68: 8954 2448 | 4c8b 5424 | 604c 8954 | 2450 448b | 5424 6844 | 8954 2458 | 448b 5c24 | 6c44 895c 
  0x0000029e8983da88: 245c 6690 

  0x0000029e8983da8c: ;   {runtime_call UncommonTrapBlob}
  0x0000029e8983da8c: c5f8 77e8 

  0x0000029e8983da90: ; ImmutableOopMap {rbp=Oop [64]=Oop [72]=Oop [80]=Oop [128]=Oop }
                      ;*checkcast {reexecute=0 rethrow=0 return_oop=0}
                      ; - lombok.eclipse.HandlerLibrary::callASTVisitors@26 (line 251)
                      ; - lombok.eclipse.TransformEclipseAST::go@90 (line 229)
                      ; - lombok.eclipse.TransformEclipseAST::transform@140 (line 187)
  0x0000029e8983da90: 6c5f c6fd 

  0x0000029e8983da94: ;   {other}
  0x0000029e8983da94: 0f1f 8400 | 0443 0083 | 4c8b 5424 | 6045 8b52 | 1048 8984 | 2490 0000 | 0045 33db | 4489 9c24 
  0x0000029e8983dab4: a000 0000 | eb1e 4c8b | 5424 6045 | 8b52 1048 | 8984 2490 | 0000 0044 | 8b5c 2478 | 4489 9c24 
  0x0000029e8983dad4: a000 0000 

  0x0000029e8983dad8: ; implicit exception: dispatches to 0x0000029e8983e48c
  0x0000029e8983dad8: 418b 6a14 

  0x0000029e8983dadc: ; implicit exception: dispatches to 0x0000029e8983e50c
  0x0000029e8983dadc: 448b 5d08 

  0x0000029e8983dae0: ;   {metadata('org/eclipse/jdt/internal/compiler/ast/CompilationUnitDeclaration')}
  0x0000029e8983dae0: 4181 fb00 | c02f 010f | 853c 0100 | 0049 8b87 | b801 0000 | 4c8b d849 | 83c3 184c | 8bd5 4c89 
  0x0000029e8983db00: 9424 8800 | 0000 4d3b | 9fc8 0100 | 000f 83e5 | 0000 004d | 899f b801 | 0000 410f | 0d8b c000 
  0x0000029e8983db20: 0000 48c7 | 0001 0000 | 0041 0f0d | 8b00 0100 

  0x0000029e8983db30: ;   {metadata('java/lang/Object'[])}
  0x0000029e8983db30: 00c7 4008 | 7012 0000 | 410f 0d8b | 4001 0000 | c740 0c01 | 0000 0041 | 0f0d 8b80 | 0100 004c 
  0x0000029e8983db50: 8960 104c | 8bd0 4d8b | c24c 8b54 | 2448 458b | 5218 458b | 5a08 4d8b | d049 83c2 | 104d 8bca 
  0x0000029e8983db70: 49c1 e909 

  0x0000029e8983db74: ;   {oop("Lombok visitor handler %s failed"{0x0000000083d9bb00})}
  0x0000029e8983db74: 48ba 00bb | d983 0000 | 0000 48b9 | 0000 0093 | 9e02 0000 | 4903 cb4c | 8b59 704d | 8b1b 48b9 
  0x0000029e8983db94: 0000 8af9 | 9e02 0000 | 4688 2409 | 4d8b cb45 

  0x0000029e8983dba4: ;   {oop(a 'java/lang/Class'{0x0000000083bfc328} = 'lombok/eclipse/TransformEclipseAST$AnnotationVisitor')}
  0x0000029e8983dba4: 890a 48bd | 28c3 bf83 | 0000 0000 

  0x0000029e8983dbb0: ;   {static_call}
  0x0000029e8983dbb0: c5f8 77e8 

  0x0000029e8983dbb4: ; ImmutableOopMap {rbp=Oop [48]=Derived_oop_rbp [32]=Oop [80]=Oop [88]=Oop [96]=Oop [128]=Oop [136]=Oop [144]=Oop }
                      ;*invokestatic format {reexecute=0 rethrow=0 return_oop=1}
                      ; - lombok.eclipse.HandlerLibrary::callASTVisitors@127 (line 259)
                      ; - lombok.eclipse.TransformEclipseAST::go@90 (line 229)
                      ; - lombok.eclipse.TransformEclipseAST::transform@140 (line 187)
  0x0000029e8983dbb4: c811 c6fd 

  0x0000029e8983dbb8: ;   {other}
  0x0000029e8983dbb8: 0f1f 8400 | 2844 0084 | 488b 9424 | 8800 0000 | 4c8b c04c | 8b8c 2490 | 0000 0090 

  0x0000029e8983dbd4: ;   {static_call}
  0x0000029e8983dbd4: c5f8 77e8 

  0x0000029e8983dbd8: ; ImmutableOopMap {rbp=Oop [48]=Derived_oop_rbp [32]=Oop [80]=Oop [88]=Oop [96]=Oop [128]=Oop }
                      ;*invokestatic error {reexecute=0 rethrow=0 return_oop=0}
                      ; - lombok.eclipse.HandlerLibrary::callASTVisitors@132 (line 258)
                      ; - lombok.eclipse.TransformEclipseAST::go@90 (line 229)
                      ; - lombok.eclipse.TransformEclipseAST::transform@140 (line 187)
  0x0000029e8983dbd8: a411 c6fd 

  0x0000029e8983dbdc: ;   {other}
  0x0000029e8983dbdc: 0f1f 8400 | 4c44 0085 | 448b 4c24 | 6c44 8b54 | 2468 4489 | 5424 6ce9 | 6bda ffff 

  0x0000029e8983dbf8: ;   {metadata('java/lang/Object'[])}
  0x0000029e8983dbf8: 48ba 7012 | 0093 9e02 | 0000 41b8 | 0100 0000 

  0x0000029e8983dc08: ;   {oop(a 'java/lang/Class'{0x0000000083bfc328} = 'lombok/eclipse/TransformEclipseAST$AnnotationVisitor')}
  0x0000029e8983dc08: 48bd 28c3 | bf83 0000 | 0000 6690 

  0x0000029e8983dc14: ;   {runtime_call _new_array_Java}
  0x0000029e8983dc14: c5f8 77e8 

  0x0000029e8983dc18: ; ImmutableOopMap {rbp=Oop [48]=Derived_oop_rbp [32]=Oop [72]=Oop [80]=Oop [88]=Oop [96]=Oop [128]=Oop [136]=Oop [144]=Oop }
                      ;*anewarray {reexecute=0 rethrow=0 return_oop=1}
                      ; - lombok.eclipse.HandlerLibrary::callASTVisitors@113 (line 259)
                      ; - lombok.eclipse.TransformEclipseAST::go@90 (line 229)
                      ; - lombok.eclipse.TransformEclipseAST::transform@140 (line 187)
  0x0000029e8983dc18: e419 c8fd 

  0x0000029e8983dc1c: ;   {other}
  0x0000029e8983dc1c: 0f1f 8400 | 8c44 0086 | e92a ffff | ffba deff | ffff 4c8b | 9424 8000 | 0000 4c89 | 5424 7890 
  0x0000029e8983dc3c: ;   {runtime_call UncommonTrapBlob}
  0x0000029e8983dc3c: c5f8 77e8 

  0x0000029e8983dc40: ; ImmutableOopMap {rbp=NarrowOop [32]=Oop [72]=Oop [80]=Oop [88]=Oop [96]=Oop [120]=Oop [144]=Oop }
                      ;*checkcast {reexecute=0 rethrow=0 return_oop=0}
                      ; - lombok.eclipse.HandlerLibrary::callASTVisitors@106 (line 258)
                      ; - lombok.eclipse.TransformEclipseAST::go@90 (line 229)
                      ; - lombok.eclipse.TransformEclipseAST::transform@140 (line 187)
  0x0000029e8983dc40: bc5d c6fd 

  0x0000029e8983dc44: ;   {other}
  0x0000029e8983dc44: 0f1f 8400 | b444 0087 | baf6 ffff | ff48 8b6c | 2438 6690 

  0x0000029e8983dc58: ;   {runtime_call UncommonTrapBlob}
  0x0000029e8983dc58: c5f8 77e8 

  0x0000029e8983dc5c: ; ImmutableOopMap {rbp=Oop }
                      ;*invokevirtual getFileName {reexecute=0 rethrow=0 return_oop=0}
                      ; - lombok.eclipse.TransformEclipseAST::transform@8 (line 169)
  0x0000029e8983dc5c: a05d c6fd 

  0x0000029e8983dc60: ;   {other}
  0x0000029e8983dc60: 0f1f 8400 | d044 0088 | baf6 ffff | ff49 8be8 

  0x0000029e8983dc70: ;   {runtime_call UncommonTrapBlob}
  0x0000029e8983dc70: c5f8 77e8 

  0x0000029e8983dc74: ; ImmutableOopMap {rbp=Oop [56]=Oop }
                      ;*invokevirtual getFileName {reexecute=0 rethrow=0 return_oop=0}
                      ; - org.eclipse.jdt.internal.compiler.ast.CompilationUnitDeclaration::getFileName@4 (line 419)
                      ; - lombok.eclipse.TransformEclipseAST::transform@8 (line 169)
  0x0000029e8983dc74: 885d c6fd 

  0x0000029e8983dc78: ;   {other}
  0x0000029e8983dc78: 0f1f 8400 | e844 0089 | baf4 ffff | ff48 8b6c | 2420 6690 

  0x0000029e8983dc8c: ;   {runtime_call UncommonTrapBlob}
  0x0000029e8983dc8c: c5f8 77e8 

  0x0000029e8983dc90: ; ImmutableOopMap {rbp=Oop [56]=Oop }
                      ;*checkcast {reexecute=0 rethrow=0 return_oop=0}
                      ; - lombok.patcher.Symbols::hasSymbol@20 (line 69)
                      ; - lombok.eclipse.TransformEclipseAST::transform@31 (line 172)
  0x0000029e8983dc90: 6c5d c6fd 

  0x0000029e8983dc94: ;   {other}
  0x0000029e8983dc94: 0f1f 8400 | 0445 008a | baf6 ffff | ff66 6690 

  0x0000029e8983dca4: ;   {runtime_call UncommonTrapBlob}
  0x0000029e8983dca4: c5f8 77e8 

  0x0000029e8983dca8: ; ImmutableOopMap {[32]=Oop }
                      ;*invokevirtual getClass {reexecute=0 rethrow=0 return_oop=0}
                      ; - lombok.eclipse.TransformEclipseAST::transform@41 (line 175)
  0x0000029e8983dca8: 545d c6fd 

  0x0000029e8983dcac: ;   {other}
  0x0000029e8983dcac: 0f1f 8400 | 1c45 008b | baf6 ffff | ff48 8b6c | 2420 6690 

  0x0000029e8983dcc0: ;   {runtime_call UncommonTrapBlob}
  0x0000029e8983dcc0: c5f8 77e8 

  0x0000029e8983dcc4: ; ImmutableOopMap {rbp=Oop [56]=Oop }
                      ;*arraylength {reexecute=0 rethrow=0 return_oop=0}
                      ; - java.lang.ThreadLocal$ThreadLocalMap::getEntry@8
                      ; - java.lang.ThreadLocal::get@12
                      ; - java.lang.ThreadLocal::get@4
                      ; - lombok.patcher.Symbols::hasSymbol@17 (line 69)
                      ; - lombok.eclipse.TransformEclipseAST::transform@31 (line 172)
  0x0000029e8983dcc4: 385d c6fd 

  0x0000029e8983dcc8: ;   {other}
  0x0000029e8983dcc8: 0f1f 8400 | 3845 008c | baf6 ffff | ff66 6690 

  0x0000029e8983dcd8: ;   {runtime_call UncommonTrapBlob}
  0x0000029e8983dcd8: c5f8 77e8 

  0x0000029e8983dcdc: ; ImmutableOopMap {[32]=Oop }
                      ;*invokeinterface get {reexecute=0 rethrow=0 return_oop=0}
                      ; - java.lang.Class::getAnnotation@13
                      ; - java.lang.reflect.AnnotatedElement::isAnnotationPresent@2
                      ; - java.lang.Class::isAnnotationPresent@2
                      ; - lombok.eclipse.EclipseASTAdapter::<init>@11 (line 41)
                      ; - lombok.eclipse.TransformEclipseAST$AnnotationVisitor::<init>@1 (line 239)
                      ; - lombok.eclipse.TransformEclipseAST::go@51 (line 225)
                      ; - lombok.eclipse.TransformEclipseAST::transform@140 (line 187)
  0x0000029e8983dcdc: 205d c6fd 

  0x0000029e8983dce0: ;   {other}
  0x0000029e8983dce0: 0f1f 8400 | 5045 008d | baf6 ffff | ff48 8b6c | 2420 4889 | 4c24 204c | 894c 2430 | 4c8b 5424 
  0x0000029e8983dd00: 504c 8954 | 2438 4489 | 5c24 5090 

  0x0000029e8983dd0c: ;   {runtime_call UncommonTrapBlob}
  0x0000029e8983dd0c: c5f8 77e8 

  0x0000029e8983dd10: ; ImmutableOopMap {rbp=Oop [56]=Oop [88]=Oop [96]=Oop }
                      ;*invokeinterface iterator {reexecute=0 rethrow=0 return_oop=0}
                      ; - lombok.eclipse.HandlerLibrary::callASTVisitors@9 (line 251)
                      ; - lombok.eclipse.TransformEclipseAST::go@90 (line 229)
                      ; - lombok.eclipse.TransformEclipseAST::transform@140 (line 187)
  0x0000029e8983dd10: ec5c c6fd 

  0x0000029e8983dd14: ;   {other}
  0x0000029e8983dd14: 0f1f 8400 | 8445 008e | ba45 ffff | ff48 8b6c | 2420 4489 | 5c24 2c90 

  0x0000029e8983dd2c: ;   {runtime_call UncommonTrapBlob}
  0x0000029e8983dd2c: c5f8 77e8 

  0x0000029e8983dd30: ; ImmutableOopMap {rbp=Oop [44]=NarrowOop [56]=Oop }
                      ;*ifnull {reexecute=1 rethrow=0 return_oop=0}
                      ; - (reexecute) lombok.eclipse.TransformEclipseAST::transform@13 (line 170)
  0x0000029e8983dd30: cc5c c6fd 

  0x0000029e8983dd34: ;   {other}
  0x0000029e8983dd34: 0f1f 8400 | a445 008f | baf6 ffff | ff48 8b6c | 2420 6690 

  0x0000029e8983dd48: ;   {runtime_call UncommonTrapBlob}
  0x0000029e8983dd48: c5f8 77e8 

  0x0000029e8983dd4c: ; ImmutableOopMap {rbp=Oop [56]=Oop }
                      ;*getfield fileName {reexecute=1 rethrow=0 return_oop=0}
                      ; - (reexecute) lombok.eclipse.EclipseAST::toFileName@4 (line 325)
                      ; - lombok.eclipse.EclipseAST::getAbsoluteFileLocation0@1 (line 94)
                      ; - lombok.eclipse.EclipseAST::getAbsoluteFileLocation@1 (line 82)
                      ; - lombok.eclipse.TransformEclipseAST::transform@69 (line 180)
  0x0000029e8983dd4c: b05c c6fd 

  0x0000029e8983dd50: ;   {other}
  0x0000029e8983dd50: 0f1f 8400 | c045 0090 | baf6 ffff | ff48 8b6c | 2420 6690 

  0x0000029e8983dd64: ;   {runtime_call UncommonTrapBlob}
  0x0000029e8983dd64: c5f8 77e8 

  0x0000029e8983dd68: ; ImmutableOopMap {rbp=Oop [56]=Oop [64]=Oop }
                      ;*arraylength {reexecute=0 rethrow=0 return_oop=0}
                      ; - java.lang.String::length@4
                      ; - java.lang.String::startsWith@6
                      ; - java.lang.String::startsWith@3
                      ; - lombok.eclipse.EclipseAST::getAbsoluteFileLocation0@12 (line 95)
                      ; - lombok.eclipse.EclipseAST::getAbsoluteFileLocation@1 (line 82)
                      ; - lombok.eclipse.TransformEclipseAST::transform@69 (line 180)
  0x0000029e8983dd68: 945c c6fd 

  0x0000029e8983dd6c: ;   {other}
  0x0000029e8983dd6c: 0f1f 8400 | dc45 0091 | baf6 ffff | ff48 8b6c | 2420 4c8b | 5424 404c | 8954 2430 

  0x0000029e8983dd88: ;   {runtime_call UncommonTrapBlob}
  0x0000029e8983dd88: c5f8 77e8 

  0x0000029e8983dd8c: ; ImmutableOopMap {rbp=Oop [48]=Oop [56]=Oop [64]=Oop }
                      ;*arraylength {reexecute=0 rethrow=0 return_oop=0}
                      ; - java.lang.String::length@4
                      ; - java.lang.String::indexOf@14
                      ; - lombok.eclipse.EclipseAST$EclipseWorkspaceBasedFileResolver::resolve@8 (line 188)
                      ; - lombok.eclipse.EclipseAST::getAbsoluteFileLocation0@39 (line 117)
                      ; - lombok.eclipse.EclipseAST::getAbsoluteFileLocation@1 (line 82)
                      ; - lombok.eclipse.TransformEclipseAST::transform@69 (line 180)
  0x0000029e8983dd8c: 705c c6fd 

  0x0000029e8983dd90: ;   {other}
  0x0000029e8983dd90: 0f1f 8400 | 0046 0092 | baf6 ffff | ff48 8b6c | 2420 4c8b | 5424 404c | 8954 2430 

  0x0000029e8983ddac: ;   {runtime_call UncommonTrapBlob}
  0x0000029e8983ddac: c5f8 77e8 

  0x0000029e8983ddb0: ; ImmutableOopMap {rbp=Oop [48]=Oop [56]=Oop [64]=Oop }
                      ;*getfield workspace {reexecute=1 rethrow=0 return_oop=0}
                      ; - (reexecute) org.eclipse.core.resources.ResourcesPlugin::getWorkspace@23 (line 520)
                      ; - lombok.eclipse.EclipseAST$EclipseWorkspaceBasedFileResolver::resolve@17 (line 192)
                      ; - lombok.eclipse.EclipseAST::getAbsoluteFileLocation0@39 (line 117)
                      ; - lombok.eclipse.EclipseAST::getAbsoluteFileLocation@1 (line 82)
                      ; - lombok.eclipse.TransformEclipseAST::transform@69 (line 180)
  0x0000029e8983ddb0: 4c5c c6fd 

  0x0000029e8983ddb4: ;   {other}
  0x0000029e8983ddb4: 0f1f 8400 | 2446 0093 | baf6 ffff | ff48 8b6c | 2420 6690 

  0x0000029e8983ddc8: ;   {runtime_call UncommonTrapBlob}
  0x0000029e8983ddc8: c5f8 77e8 

  0x0000029e8983ddcc: ; ImmutableOopMap {rbp=Oop [48]=Oop [56]=Oop [64]=Oop }
                      ;*invokeinterface getFile {reexecute=0 rethrow=0 return_oop=0}
                      ; - lombok.eclipse.EclipseAST$EclipseWorkspaceBasedFileResolver::resolve@33 (line 192)
                      ; - lombok.eclipse.EclipseAST::getAbsoluteFileLocation0@39 (line 117)
                      ; - lombok.eclipse.EclipseAST::getAbsoluteFileLocation@1 (line 82)
                      ; - lombok.eclipse.TransformEclipseAST::transform@69 (line 180)
  0x0000029e8983ddcc: 305c c6fd 

  0x0000029e8983ddd0: ;   {other}
  0x0000029e8983ddd0: 0f1f 8400 | 4046 0094 | baf6 ffff | ff48 8b6c | 2420 6690 

  0x0000029e8983dde4: ;   {runtime_call UncommonTrapBlob}
  0x0000029e8983dde4: c5f8 77e8 

  0x0000029e8983dde8: ; ImmutableOopMap {rbp=Oop [48]=Oop [56]=Oop [64]=Oop }
                      ;*invokeinterface append {reexecute=0 rethrow=0 return_oop=0}
                      ; - org.eclipse.core.internal.resources.Container::getFile@9 (line 207)
                      ; - lombok.eclipse.EclipseAST$EclipseWorkspaceBasedFileResolver::resolve@33 (line 192)
                      ; - lombok.eclipse.EclipseAST::getAbsoluteFileLocation0@39 (line 117)
                      ; - lombok.eclipse.EclipseAST::getAbsoluteFileLocation@1 (line 82)
                      ; - lombok.eclipse.TransformEclipseAST::transform@69 (line 180)
  0x0000029e8983dde8: 145c c6fd 

  0x0000029e8983ddec: ;   {other}
  0x0000029e8983ddec: 0f1f 8400 | 5c46 0095 | baf4 ffff | ff48 8b6c | 2420 6690 

  0x0000029e8983de00: ;   {runtime_call UncommonTrapBlob}
  0x0000029e8983de00: c5f8 77e8 

  0x0000029e8983de04: ; ImmutableOopMap {rbp=Oop [56]=Oop [64]=Oop }
                      ;*checkcast {reexecute=0 rethrow=0 return_oop=0}
                      ; - org.eclipse.core.internal.resources.Container::getFile@18 (line 207)
                      ; - lombok.eclipse.EclipseAST$EclipseWorkspaceBasedFileResolver::resolve@33 (line 192)
                      ; - lombok.eclipse.EclipseAST::getAbsoluteFileLocation0@39 (line 117)
                      ; - lombok.eclipse.EclipseAST::getAbsoluteFileLocation@1 (line 82)
                      ; - lombok.eclipse.TransformEclipseAST::transform@69 (line 180)
  0x0000029e8983de04: f85b c6fd 

  0x0000029e8983de08: ;   {other}
  0x0000029e8983de08: 0f1f 8400 | 7846 0096 | baf6 ffff | ff48 8b6c | 2420 6690 

  0x0000029e8983de1c: ;   {runtime_call UncommonTrapBlob}
  0x0000029e8983de1c: c5f8 77e8 

  0x0000029e8983de20: ; ImmutableOopMap {rbp=Oop [56]=Oop [64]=Oop }
                      ;*invokevirtual getRoot {reexecute=0 rethrow=0 return_oop=0}
                      ; - org.eclipse.core.internal.resources.Resource::getProject@4 (line 1226)
                      ; - org.eclipse.core.internal.resources.Resource::getLocationURI@1 (line 1172)
                      ; - lombok.eclipse.EclipseAST$EclipseWorkspaceBasedFileResolver::resolve@38 (line 192)
                      ; - lombok.eclipse.EclipseAST::getAbsoluteFileLocation0@39 (line 117)
                      ; - lombok.eclipse.EclipseAST::getAbsoluteFileLocation@1 (line 82)
                      ; - lombok.eclipse.TransformEclipseAST::transform@69 (line 180)
  0x0000029e8983de20: dc5b c6fd 

  0x0000029e8983de24: ;   {other}
  0x0000029e8983de24: 0f1f 8400 | 9446 0097 | baf6 ffff | ff48 8b6c | 2420 6690 

  0x0000029e8983de38: ;   {runtime_call UncommonTrapBlob}
  0x0000029e8983de38: c5f8 77e8 

  0x0000029e8983de3c: ; ImmutableOopMap {rbp=Oop [56]=Oop [64]=Oop }
                      ;*invokeinterface segment {reexecute=0 rethrow=0 return_oop=0}
                      ; - org.eclipse.core.internal.resources.Resource::getProject@12 (line 1226)
                      ; - org.eclipse.core.internal.resources.Resource::getLocationURI@1 (line 1172)
                      ; - lombok.eclipse.EclipseAST$EclipseWorkspaceBasedFileResolver::resolve@38 (line 192)
                      ; - lombok.eclipse.EclipseAST::getAbsoluteFileLocation0@39 (line 117)
                      ; - lombok.eclipse.EclipseAST::getAbsoluteFileLocation@1 (line 82)
                      ; - lombok.eclipse.TransformEclipseAST::transform@69 (line 180)
  0x0000029e8983de3c: c05b c6fd 

  0x0000029e8983de40: ;   {other}
  0x0000029e8983de40: 0f1f 8400 | b046 0098 | baf6 ffff | ff48 8b6c | 2420 6690 

  0x0000029e8983de54: ;   {runtime_call UncommonTrapBlob}
  0x0000029e8983de54: c5f8 77e8 

  0x0000029e8983de58: ; ImmutableOopMap {rbp=Oop [56]=Oop [64]=Oop }
                      ;*arraylength {reexecute=0 rethrow=0 return_oop=0}
                      ; - org.eclipse.core.runtime.Path::segment@7 (line 1257)
                      ; - org.eclipse.core.internal.resources.Resource::getProject@12 (line 1226)
                      ; - org.eclipse.core.internal.resources.Resource::getLocationURI@1 (line 1172)
                      ; - lombok.eclipse.EclipseAST$EclipseWorkspaceBasedFileResolver::resolve@38 (line 192)
                      ; - lombok.eclipse.EclipseAST::getAbsoluteFileLocation0@39 (line 117)
                      ; - lombok.eclipse.EclipseAST::getAbsoluteFileLocation@1 (line 82)
                      ; - lombok.eclipse.TransformEclipseAST::transform@69 (line 180)
  0x0000029e8983de58: a45b c6fd 

  0x0000029e8983de5c: ;   {other}
  0x0000029e8983de5c: 0f1f 8400 | cc46 0099 | baf6 ffff | ff66 6690 

  0x0000029e8983de6c: ;   {runtime_call UncommonTrapBlob}
  0x0000029e8983de6c: c5f8 77e8 

  0x0000029e8983de70: ; ImmutableOopMap {rbp=NarrowOop [32]=Oop [56]=Oop [64]=Oop }
                      ;*invokeinterface getProject {reexecute=0 rethrow=0 return_oop=0}
                      ; - org.eclipse.core.internal.resources.Resource::getProject@17 (line 1226)
                      ; - org.eclipse.core.internal.resources.Resource::getLocationURI@1 (line 1172)
                      ; - lombok.eclipse.EclipseAST$EclipseWorkspaceBasedFileResolver::resolve@38 (line 192)
                      ; - lombok.eclipse.EclipseAST::getAbsoluteFileLocation0@39 (line 117)
                      ; - lombok.eclipse.EclipseAST::getAbsoluteFileLocation@1 (line 82)
                      ; - lombok.eclipse.TransformEclipseAST::transform@69 (line 180)
  0x0000029e8983de70: 8c5b c6fd 

  0x0000029e8983de74: ;   {other}
  0x0000029e8983de74: 0f1f 8400 | e446 009a | baf6 ffff | ff48 8b6c | 2420 6690 

  0x0000029e8983de88: ;   {runtime_call UncommonTrapBlob}
  0x0000029e8983de88: c5f8 77e8 

  0x0000029e8983de8c: ; ImmutableOopMap {rbp=Oop [56]=Oop [64]=Oop }
                      ;*invokevirtual getFileSystemManager {reexecute=0 rethrow=0 return_oop=0}
                      ; - org.eclipse.core.internal.resources.Resource::getLocalManager@4 (line 1152)
                      ; - org.eclipse.core.internal.resources.Resource::getLocationURI@21 (line 1176)
                      ; - lombok.eclipse.EclipseAST$EclipseWorkspaceBasedFileResolver::resolve@38 (line 192)
                      ; - lombok.eclipse.EclipseAST::getAbsoluteFileLocation0@39 (line 117)
                      ; - lombok.eclipse.EclipseAST::getAbsoluteFileLocation@1 (line 82)
                      ; - lombok.eclipse.TransformEclipseAST::transform@69 (line 180)
  0x0000029e8983de8c: 705b c6fd 

  0x0000029e8983de90: ;   {other}
  0x0000029e8983de90: 0f1f 8400 | 0047 009b | baf6 ffff | ff48 8b6c | 2420 6690 

  0x0000029e8983dea4: ;   {runtime_call UncommonTrapBlob}
  0x0000029e8983dea4: c5f8 77e8 

  0x0000029e8983dea8: ; ImmutableOopMap {rbp=Oop [48]=Oop [56]=Oop [64]=Oop }
                      ;*invokevirtual locationURIFor {reexecute=0 rethrow=0 return_oop=0}
                      ; - org.eclipse.core.internal.resources.Resource::getLocationURI@26 (line 1176)
                      ; - lombok.eclipse.EclipseAST$EclipseWorkspaceBasedFileResolver::resolve@38 (line 192)
                      ; - lombok.eclipse.EclipseAST::getAbsoluteFileLocation0@39 (line 117)
                      ; - lombok.eclipse.EclipseAST::getAbsoluteFileLocation@1 (line 82)
                      ; - lombok.eclipse.TransformEclipseAST::transform@69 (line 180)
  0x0000029e8983dea8: 545b c6fd 

  0x0000029e8983deac: ;   {other}
  0x0000029e8983deac: 0f1f 8400 | 1c47 009c | baf6 ffff | ff48 8b6c | 2420 4489 | 5424 3090 

  0x0000029e8983dec4: ;   {runtime_call UncommonTrapBlob}
  0x0000029e8983dec4: c5f8 77e8 

  0x0000029e8983dec8: ; ImmutableOopMap {rbp=Oop [48]=NarrowOop [56]=Oop [64]=Oop }
                      ;*invokevirtual getResourceInfo {reexecute=0 rethrow=0 return_oop=0}
                      ; - org.eclipse.core.internal.localstore.FileSystemResourceManager::getStoreRoot@12 (line 626)
                      ; - org.eclipse.core.internal.localstore.FileSystemResourceManager::locationURIFor@2 (line 916)
                      ; - org.eclipse.core.internal.resources.Resource::getLocationURI@26 (line 1176)
                      ; - lombok.eclipse.EclipseAST$EclipseWorkspaceBasedFileResolver::resolve@38 (line 192)
                      ; - lombok.eclipse.EclipseAST::getAbsoluteFileLocation0@39 (line 117)
                      ; - lombok.eclipse.EclipseAST::getAbsoluteFileLocation@1 (line 82)
                      ; - lombok.eclipse.TransformEclipseAST::transform@69 (line 180)
  0x0000029e8983dec8: 345b c6fd 

  0x0000029e8983decc: ;   {other}
  0x0000029e8983decc: 0f1f 8400 | 3c47 009d | baf6 ffff | ff48 8b6c | 2420 4c8b | 5424 384c | 8954 2420 | 4c8b 5424 
  0x0000029e8983deec: 404c 8954 | 2428 8974 | 2438 4489 | 5c24 3c90 

  0x0000029e8983defc: ;   {runtime_call UncommonTrapBlob}
  0x0000029e8983defc: c5f8 77e8 

  0x0000029e8983df00: ; ImmutableOopMap {rbp=Oop [32]=Oop [40]=Oop [48]=Oop [56]=NarrowOop [60]=NarrowOop }
                      ;*invokeinterface segmentCount {reexecute=0 rethrow=0 return_oop=0}
                      ; - org.eclipse.core.internal.resources.Workspace::getResourceInfo@1 (line 1868)
                      ; - org.eclipse.core.internal.localstore.FileSystemResourceManager::getStoreRoot@12 (line 626)
                      ; - org.eclipse.core.internal.localstore.FileSystemResourceManager::locationURIFor@2 (line 916)
                      ; - org.eclipse.core.internal.resources.Resource::getLocationURI@26 (line 1176)
                      ; - lombok.eclipse.EclipseAST$EclipseWorkspaceBasedFileResolver::resolve@38 (line 192)
                      ; - lombok.eclipse.EclipseAST::getAbsoluteFileLocation0@39 (line 117)
                      ; - lombok.eclipse.EclipseAST::getAbsoluteFileLocation@1 (line 82)
                      ; - lombok.eclipse.TransformEclipseAST::transform@69 (line 180)
  0x0000029e8983df00: fc5a c6fd 

  0x0000029e8983df04: ;   {other}
  0x0000029e8983df04: 0f1f 8400 | 7447 009e | baf6 ffff | ff48 8b6c | 2420 4c8b | 4424 384c | 8944 2420 | 4c8b 4424 
  0x0000029e8983df24: 404c 8944 | 2428 8974 | 2438 4489 | 5c24 3c4c | 8954 2448 

  0x0000029e8983df38: ;   {runtime_call UncommonTrapBlob}
  0x0000029e8983df38: c5f8 77e8 

  0x0000029e8983df3c: ; ImmutableOopMap {rbp=Oop [32]=Oop [40]=Oop [48]=Oop [56]=NarrowOop [60]=NarrowOop [72]=Oop }
                      ;*arraylength {reexecute=0 rethrow=0 return_oop=0}
                      ; - org.eclipse.core.runtime.Path::segmentCount@4 (line 1274)
                      ; - org.eclipse.core.internal.resources.Workspace::getResourceInfo@1 (line 1868)
                      ; - org.eclipse.core.internal.localstore.FileSystemResourceManager::getStoreRoot@12 (line 626)
                      ; - org.eclipse.core.internal.localstore.FileSystemResourceManager::locationURIFor@2 (line 916)
                      ; - org.eclipse.core.internal.resources.Resource::getLocationURI@26 (line 1176)
                      ; - lombok.eclipse.EclipseAST$EclipseWorkspaceBasedFileResolver::resolve@38 (line 192)
                      ; - lombok.eclipse.EclipseAST::getAbsoluteFileLocation0@39 (line 117)
                      ; - lombok.eclipse.EclipseAST::getAbsoluteFileLocation@1 (line 82)
                      ; - lombok.eclipse.TransformEclipseAST::transform@69 (line 180)
  0x0000029e8983df3c: c05a c6fd 

  0x0000029e8983df40: ;   {other}
  0x0000029e8983df40: 0f1f 8400 | b047 009f | baf6 ffff | ff48 8b6c | 2420 4c8b | 4424 384c | 8944 2420 | 4c8b 4424 
  0x0000029e8983df60: 404c 8944 | 2428 8974 | 2438 4489 | 5c24 3c4c | 8954 2450 

  0x0000029e8983df74: ;   {runtime_call UncommonTrapBlob}
  0x0000029e8983df74: c5f8 77e8 

  0x0000029e8983df78: ; ImmutableOopMap {rbp=Oop [32]=Oop [40]=Oop [48]=Oop [56]=NarrowOop [60]=NarrowOop [80]=Oop }
                      ;*invokevirtual includes {reexecute=0 rethrow=0 return_oop=0}
                      ; - org.eclipse.core.internal.resources.Workspace::getResourceInfo@40 (line 1874)
                      ; - org.eclipse.core.internal.localstore.FileSystemResourceManager::getStoreRoot@12 (line 626)
                      ; - org.eclipse.core.internal.localstore.FileSystemResourceManager::locationURIFor@2 (line 916)
                      ; - org.eclipse.core.internal.resources.Resource::getLocationURI@26 (line 1176)
                      ; - lombok.eclipse.EclipseAST$EclipseWorkspaceBasedFileResolver::resolve@38 (line 192)
                      ; - lombok.eclipse.EclipseAST::getAbsoluteFileLocation0@39 (line 117)
                      ; - lombok.eclipse.EclipseAST::getAbsoluteFileLocation@1 (line 82)
                      ; - lombok.eclipse.TransformEclipseAST::transform@69 (line 180)
  0x0000029e8983df78: 845a c6fd 

  0x0000029e8983df7c: ;   {other}
  0x0000029e8983df7c: 0f1f 8400 | ec47 00a0 | baf6 ffff | ff48 8b6c | 2420 4c8b | 4424 384c | 8944 2420 | 4c8b 4424 
  0x0000029e8983df9c: 404c 8944 | 2428 8974 | 2438 4889 | 7c24 4044 | 895c 243c | 4c89 5424 | 4866 6690 

  0x0000029e8983dfb8: ;   {runtime_call UncommonTrapBlob}
  0x0000029e8983dfb8: c5f8 77e8 

  0x0000029e8983dfbc: ; ImmutableOopMap {rbp=Oop [32]=Oop [40]=Oop [56]=NarrowOop [60]=NarrowOop [64]=Oop [72]=Oop }
                      ;*arraylength {reexecute=0 rethrow=0 return_oop=0}
                      ; - org.eclipse.core.runtime.Path::isRoot@11 (line 897)
                      ; - org.eclipse.core.internal.watson.ElementTree::getElementData@1 (line 393)
                      ; - org.eclipse.core.internal.resources.Workspace::getResourceInfo@73 (line 1880)
                      ; - org.eclipse.core.internal.localstore.FileSystemResourceManager::getStoreRoot@12 (line 626)
                      ; - org.eclipse.core.internal.localstore.FileSystemResourceManager::locationURIFor@2 (line 916)
                      ; - org.eclipse.core.internal.resources.Resource::getLocationURI@26 (line 1176)
                      ; - lombok.eclipse.EclipseAST$EclipseWorkspaceBasedFileResolver::resolve@38 (line 192)
                      ; - lombok.eclipse.EclipseAST::getAbsoluteFileLocation0@39 (line 117)
                      ; - lombok.eclipse.EclipseAST::getAbsoluteFileLocation@1 (line 82)
                      ; - lombok.eclipse.TransformEclipseAST::transform@69 (line 180)
  0x0000029e8983dfbc: 405a c6fd 

  0x0000029e8983dfc0: ;   {other}
  0x0000029e8983dfc0: 0f1f 8400 | 3048 00a1 | baf6 ffff | ff48 8b6c | 2420 4c89 | 4424 2890 

  0x0000029e8983dfd8: ;   {runtime_call UncommonTrapBlob}
  0x0000029e8983dfd8: c5f8 77e8 

  0x0000029e8983dfdc: ; ImmutableOopMap {rbp=Oop [40]=Oop [56]=Oop }
                      ;*invokeinterface createResolver {reexecute=0 rethrow=0 return_oop=0}
                      ; - lombok.core.LombokConfiguration::read@4 (line 73)
                      ; - lombok.eclipse.TransformEclipseAST::transform@72 (line 180)
  0x0000029e8983dfdc: 205a c6fd 

  0x0000029e8983dfe0: ;   {other}
  0x0000029e8983dfe0: 0f1f 8400 | 5048 00a2 | baf6 ffff | ff48 8b6c | 2420 4889 | 4424 2890 

  0x0000029e8983dff8: ;   {runtime_call UncommonTrapBlob}
  0x0000029e8983dff8: c5f8 77e8 

  0x0000029e8983dffc: ; ImmutableOopMap {rbp=Oop [40]=Oop }
                      ;*invokevirtual getSource {reexecute=0 rethrow=0 return_oop=0}
                      ; - lombok.eclipse.TransformEclipseAST::transform@125 (line 186)
  0x0000029e8983dffc: 005a c6fd 

  0x0000029e8983e000: ;   {other}
  0x0000029e8983e000: 0f1f 8400 | 7048 00a3 | baf6 ffff | ff66 6690 

  0x0000029e8983e010: ;   {runtime_call UncommonTrapBlob}
  0x0000029e8983e010: c5f8 77e8 

  0x0000029e8983e014: ; ImmutableOopMap {[32]=Oop }
                      ;*invokeinterface iterator {reexecute=0 rethrow=0 return_oop=0}
                      ; - lombok.eclipse.TransformEclipseAST::go@10 (line 223)
                      ; - lombok.eclipse.TransformEclipseAST::transform@140 (line 187)
  0x0000029e8983e014: e859 c6fd 

  0x0000029e8983e018: ;   {other}
  0x0000029e8983e018: 0f1f 8400 | 8848 00a4 | baf4 ffff | ff48 8b6c | 2420 4c8b | 5424 384c | 8954 2420 | 4c8b 5424 
  0x0000029e8983e038: 404c 8954 | 2428 8974 | 2438 4889 | 7c24 4090 

  0x0000029e8983e048: ;   {runtime_call UncommonTrapBlob}
  0x0000029e8983e048: c5f8 77e8 

  0x0000029e8983e04c: ; ImmutableOopMap {rbp=Oop [32]=Oop [40]=Oop [56]=NarrowOop [64]=Oop }
                      ;*checkcast {reexecute=0 rethrow=0 return_oop=0}
                      ; - org.eclipse.core.internal.resources.Workspace::getResourceInfo@76 (line 1880)
                      ; - org.eclipse.core.internal.localstore.FileSystemResourceManager::getStoreRoot@12 (line 626)
                      ; - org.eclipse.core.internal.localstore.FileSystemResourceManager::locationURIFor@2 (line 916)
                      ; - org.eclipse.core.internal.resources.Resource::getLocationURI@26 (line 1176)
                      ; - lombok.eclipse.EclipseAST$EclipseWorkspaceBasedFileResolver::resolve@38 (line 192)
                      ; - lombok.eclipse.EclipseAST::getAbsoluteFileLocation0@39 (line 117)
                      ; - lombok.eclipse.EclipseAST::getAbsoluteFileLocation@1 (line 82)
                      ; - lombok.eclipse.TransformEclipseAST::transform@69 (line 180)
  0x0000029e8983e04c: b059 c6fd 

  0x0000029e8983e050: ;   {other}
  0x0000029e8983e050: 0f1f 8400 | c048 00a5 | baf6 ffff | ff48 8b6c | 2420 4c8b | 5424 384c | 8954 2420 | 4c8b 5424 
  0x0000029e8983e070: 404c 8954 | 2428 4c8b | 5424 484c | 8954 2440 | 448b 9c24 | b000 0000 | 4489 5c24 | 5444 895c 
  0x0000029e8983e090: 2458 6690 

  0x0000029e8983e094: ;   {runtime_call UncommonTrapBlob}
  0x0000029e8983e094: c5f8 77e8 

  0x0000029e8983e098: ; ImmutableOopMap {rbp=Oop [32]=Oop [40]=Oop [64]=Oop [84]=NarrowOop [88]=NarrowOop [96]=Oop [168]=NarrowOop [172]=NarrowOop }
                      ;*arraylength {reexecute=0 rethrow=0 return_oop=0}
                      ; - org.eclipse.core.runtime.Path::segment@7 (line 1257)
                      ; - org.eclipse.core.internal.dtree.DeltaDataTree::lookup@44 (line 675)
                      ; - org.eclipse.core.internal.watson.ElementTree::includes@27 (line 569)
                      ; - org.eclipse.core.internal.resources.Workspace::getResourceInfo@40 (line 1874)
                      ; - org.eclipse.core.internal.localstore.FileSystemResourceManager::getStoreRoot@12 (line 626)
                      ; - org.eclipse.core.internal.localstore.FileSystemResourceManager::locationURIFor@2 (line 916)
                      ; - org.eclipse.core.internal.resources.Resource::getLocationURI@26 (line 1176)
                      ; - lombok.eclipse.EclipseAST$EclipseWorkspaceBasedFileResolver::resolve@38 (line 192)
                      ; - lombok.eclipse.EclipseAST::getAbsoluteFileLocation0@39 (line 117)
                      ; - lombok.eclipse.EclipseAST::getAbsoluteFileLocation@1 (line 82)
                      ; - lombok.eclipse.TransformEclipseAST::transform@69 (line 180)
  0x0000029e8983e098: 6459 c6fd 

  0x0000029e8983e09c: ;   {other}
  0x0000029e8983e09c: 0f1f 8400 | 0c49 00a6 | 488b d0e9 | ece9 ffff | baf6 ffff | ff48 8b6c | 2420 4c8b | 5424 384c 
  0x0000029e8983e0bc: 8954 2420 | 4c8b 5424 | 404c 8954 | 2428 4c8b | 5424 484c | 8954 2440 | 448b 9424 | b000 0000 
  0x0000029e8983e0dc: 4489 5424 | 5444 8954 | 2458 6690 

  0x0000029e8983e0e8: ;   {runtime_call UncommonTrapBlob}
  0x0000029e8983e0e8: c5f8 77e8 

  0x0000029e8983e0ec: ; ImmutableOopMap {rbp=Oop [32]=Oop [40]=Oop [64]=Oop [84]=NarrowOop [88]=NarrowOop [96]=Oop [168]=NarrowOop [172]=NarrowOop }
                      ;*invokevirtual isDelta {reexecute=0 rethrow=0 return_oop=0}
                      ; - org.eclipse.core.internal.dtree.DeltaDataTree::lookup@20 (line 673)
                      ; - org.eclipse.core.internal.watson.ElementTree::includes@27 (line 569)
                      ; - org.eclipse.core.internal.resources.Workspace::getResourceInfo@40 (line 1874)
                      ; - org.eclipse.core.internal.localstore.FileSystemResourceManager::getStoreRoot@12 (line 626)
                      ; - org.eclipse.core.internal.localstore.FileSystemResourceManager::locationURIFor@2 (line 916)
                      ; - org.eclipse.core.internal.resources.Resource::getLocationURI@26 (line 1176)
                      ; - lombok.eclipse.EclipseAST$EclipseWorkspaceBasedFileResolver::resolve@38 (line 192)
                      ; - lombok.eclipse.EclipseAST::getAbsoluteFileLocation0@39 (line 117)
                      ; - lombok.eclipse.EclipseAST::getAbsoluteFileLocation@1 (line 82)
                      ; - lombok.eclipse.TransformEclipseAST::transform@69 (line 180)
  0x0000029e8983e0ec: 1059 c6fd 

  0x0000029e8983e0f0: ;   {other}
  0x0000029e8983e0f0: 0f1f 8400 | 6049 00a7 | ba45 ffff | ff48 8b6c | 2420 6690 

  0x0000029e8983e104: ;   {runtime_call UncommonTrapBlob}
  0x0000029e8983e104: c5f8 77e8 

  0x0000029e8983e108: ; ImmutableOopMap {rbp=Oop [56]=Oop [80]=NarrowOop }
                      ;*ifnonnull {reexecute=1 rethrow=0 return_oop=0}
                      ; - (reexecute) lombok.eclipse.EclipseAST::toFileName@7 (line 325)
                      ; - lombok.eclipse.EclipseAST::getAbsoluteFileLocation0@1 (line 94)
                      ; - lombok.eclipse.EclipseAST::getAbsoluteFileLocation@1 (line 82)
                      ; - lombok.eclipse.TransformEclipseAST::transform@69 (line 180)
  0x0000029e8983e108: f458 c6fd 

  0x0000029e8983e10c: ;   {other}
  0x0000029e8983e10c: 0f1f 8400 | 7c49 00a8 | ba45 ffff | ff4c 8b54 | 2438 4c89 | 5424 284c | 8b54 2440 | 4c89 5424 
  0x0000029e8983e12c: 3866 6690 

  0x0000029e8983e130: ;   {runtime_call UncommonTrapBlob}
  0x0000029e8983e130: c5f8 77e8 

  0x0000029e8983e134: ; ImmutableOopMap {rbp=NarrowOop [32]=Oop [40]=Oop [56]=Oop [64]=Oop }
                      ;*ifnonnull {reexecute=1 rethrow=0 return_oop=0}
                      ; - (reexecute) org.eclipse.core.resources.ResourcesPlugin::getWorkspace@5 (line 515)
                      ; - lombok.eclipse.EclipseAST$EclipseWorkspaceBasedFileResolver::resolve@17 (line 192)
                      ; - lombok.eclipse.EclipseAST::getAbsoluteFileLocation0@39 (line 117)
                      ; - lombok.eclipse.EclipseAST::getAbsoluteFileLocation@1 (line 82)
                      ; - lombok.eclipse.TransformEclipseAST::transform@69 (line 180)
  0x0000029e8983e134: c858 c6fd 

  0x0000029e8983e138: ;   {other}
  0x0000029e8983e138: 0f1f 8400 | a849 00a9 | ba45 ffff | ff48 8b6c | 2420 4c8b | 5424 384c | 8954 2420 | 4c8b 5424 
  0x0000029e8983e158: 404c 8954 | 2430 4489 | 5c24 3c90 

  0x0000029e8983e164: ;   {runtime_call UncommonTrapBlob}
  0x0000029e8983e164: c5f8 77e8 

  0x0000029e8983e168: ; ImmutableOopMap {rbp=Oop [32]=Oop [48]=Oop [60]=NarrowOop [64]=Oop }
                      ;*ifnonnull {reexecute=1 rethrow=0 return_oop=0}
                      ; - (reexecute) org.eclipse.core.resources.ResourcesPlugin::getWorkspace@28 (line 521)
                      ; - lombok.eclipse.EclipseAST$EclipseWorkspaceBasedFileResolver::resolve@17 (line 192)
                      ; - lombok.eclipse.EclipseAST::getAbsoluteFileLocation0@39 (line 117)
                      ; - lombok.eclipse.EclipseAST::getAbsoluteFileLocation@1 (line 82)
                      ; - lombok.eclipse.TransformEclipseAST::transform@69 (line 180)
  0x0000029e8983e168: 9458 c6fd 

  0x0000029e8983e16c: ;   {other}
  0x0000029e8983e16c: 0f1f 8400 | dc49 00aa | ba45 ffff | ff48 8b6c | 2420 4c8b | 5424 384c | 8954 2420 | 4c8b 5424 
  0x0000029e8983e18c: 404c 8954 | 2428 4889 | 4424 4090 

  0x0000029e8983e198: ;   {runtime_call UncommonTrapBlob}
  0x0000029e8983e198: c5f8 77e8 

  0x0000029e8983e19c: ; ImmutableOopMap {rbp=Oop [32]=Oop [40]=Oop [48]=Oop [64]=Oop }
                      ;*ifnull {reexecute=1 rethrow=0 return_oop=0}
                      ; - (reexecute) org.eclipse.core.internal.resources.Resource::getLocationURI@6 (line 1173)
                      ; - lombok.eclipse.EclipseAST$EclipseWorkspaceBasedFileResolver::resolve@38 (line 192)
                      ; - lombok.eclipse.EclipseAST::getAbsoluteFileLocation0@39 (line 117)
                      ; - lombok.eclipse.EclipseAST::getAbsoluteFileLocation@1 (line 82)
                      ; - lombok.eclipse.TransformEclipseAST::transform@69 (line 180)
  0x0000029e8983e19c: 6058 c6fd 

  0x0000029e8983e1a0: ;   {other}
  0x0000029e8983e1a0: 0f1f 8400 | 104a 00ab | ba45 ffff | ff4c 8b44 | 2438 4c89 | 4424 284c | 8b44 2440 | 4c89 4424 
  0x0000029e8983e1c0: 3089 7424 | 4048 897c | 2448 4c89 | 5424 5044 | 895c 2458 | 4489 5c24 | 5c66 6690 

  0x0000029e8983e1dc: ;   {runtime_call UncommonTrapBlob}
  0x0000029e8983e1dc: c5f8 77e8 

  0x0000029e8983e1e0: ; ImmutableOopMap {rbp=NarrowOop [32]=Oop [40]=Oop [48]=Oop [64]=NarrowOop [72]=Oop [80]=Oop [88]=NarrowOop [92]=NarrowOop }
                      ;*ifnull {reexecute=1 rethrow=0 return_oop=0}
                      ; - (reexecute) org.eclipse.core.internal.watson.ElementTree::getElementData@21 (line 398)
                      ; - org.eclipse.core.internal.resources.Workspace::getResourceInfo@73 (line 1880)
                      ; - org.eclipse.core.internal.localstore.FileSystemResourceManager::getStoreRoot@12 (line 626)
                      ; - org.eclipse.core.internal.localstore.FileSystemResourceManager::locationURIFor@2 (line 916)
                      ; - org.eclipse.core.internal.resources.Resource::getLocationURI@26 (line 1176)
                      ; - lombok.eclipse.EclipseAST$EclipseWorkspaceBasedFileResolver::resolve@38 (line 192)
                      ; - lombok.eclipse.EclipseAST::getAbsoluteFileLocation0@39 (line 117)
                      ; - lombok.eclipse.EclipseAST::getAbsoluteFileLocation@1 (line 82)
                      ; - lombok.eclipse.TransformEclipseAST::transform@69 (line 180)
  0x0000029e8983e1e0: 1c58 c6fd 

  0x0000029e8983e1e4: ;   {other}
  0x0000029e8983e1e4: 0f1f 8400 | 544a 00ac | 4c8b c0e9 | ade7 ffff | 4c8b c0e9 | a5e7 ffff | baf6 ffff | ff48 8b6c 
  0x0000029e8983e204: 2420 4c8b | 4424 384c | 8944 2420 | 4c8b 4424 | 404c 8944 | 2428 8974 | 2438 4889 | 7c24 4044 
  0x0000029e8983e224: 895c 243c | 4c89 5424 | 4889 4c24 | 5489 4c24 | 5866 6690 

  0x0000029e8983e238: ;   {runtime_call UncommonTrapBlob}
  0x0000029e8983e238: c5f8 77e8 

  0x0000029e8983e23c: ; ImmutableOopMap {rbp=Oop [32]=Oop [40]=Oop [56]=NarrowOop [60]=NarrowOop [64]=Oop [72]=Oop [84]=NarrowOop [88]=NarrowOop }
                      ;*arraylength {reexecute=0 rethrow=0 return_oop=0}
                      ; - org.eclipse.core.runtime.Path::segmentCount@4 (line 1274)
                      ; - org.eclipse.core.internal.dtree.DeltaDataTree::lookup@1 (line 670)
                      ; - org.eclipse.core.internal.watson.ElementTree::includes@27 (line 569)
                      ; - org.eclipse.core.internal.resources.Workspace::getResourceInfo@40 (line 1874)
                      ; - org.eclipse.core.internal.localstore.FileSystemResourceManager::getStoreRoot@12 (line 626)
                      ; - org.eclipse.core.internal.localstore.FileSystemResourceManager::locationURIFor@2 (line 916)
                      ; - org.eclipse.core.internal.resources.Resource::getLocationURI@26 (line 1176)
                      ; - lombok.eclipse.EclipseAST$EclipseWorkspaceBasedFileResolver::resolve@38 (line 192)
                      ; - lombok.eclipse.EclipseAST::getAbsoluteFileLocation0@39 (line 117)
                      ; - lombok.eclipse.EclipseAST::getAbsoluteFileLocation@1 (line 82)
                      ; - lombok.eclipse.TransformEclipseAST::transform@69 (line 180)
  0x0000029e8983e23c: c057 c6fd 

  0x0000029e8983e240: ;   {other}
  0x0000029e8983e240: 0f1f 8400 | b04a 00ad | 488b d8e9 | 36d9 ffff | e939 e8ff | ff48 8bd8 | 4c8b 5c24 | 5848 8d84 
  0x0000029e8983e260: 24c0 0000 | 0048 8338 | 000f 8479 | 0000 004d | 8b13 41f6 | c202 0f84 | 6200 0000 | 4983 ba86 
  0x0000029e8983e280: 0000 0000 | 7409 49ff | 8a86 0000 | 00eb 4b49 | 8b82 9600 | 0000 490b | 828e 0000 | 0075 0a49 
  0x0000029e8983e2a0: c742 3e00 | 0000 00eb | 3d49 83ba | 9e00 0000 | 0074 2248 | 33c0 49c7 | 423e 0000 | 0000 f083 
  0x0000029e8983e2c0: 0424 0049 | 83ba 9e00 | 0000 0075 | 0df0 4d0f | b17a 3e75 | 0583 c801 | eb0c a800 | eb08 4c8b 
  0x0000029e8983e2e0: 10f0 4d0f | b113 750a | 49ff 8f50 | 0500 0045 | 33d2 7530 | 4c8b c345 | 8b50 0849 | bb00 0000 
  0x0000029e8983e300: 939e 0200 | 004d 03da | 4d8b 5350 

  0x0000029e8983e30c: ;   {metadata('java/lang/IllegalArgumentException')}
  0x0000029e8983e30c: 49bb c09a | 0693 9e02 | 0000 4d3b | d30f 8432 | d9ff ffe9 | 7de6 ffff | 498b cb48 | 8d94 24c0 
  0x0000029e8983e32c: 0000 004d | 8bc7 c5f8 | 7749 bab0 | cf7f ceff | 7f00 0041 

  0x0000029e8983e340: ;   {other}
  0x0000029e8983e340: ffd2 0f1f | 8400 0000 | 0000 eba8 | 4c8b d0eb | 034c 8bd0 | 4d8b c245 | 8b4a 0849 | ba00 0000 
  0x0000029e8983e360: 939e 0200 | 004d 03d1 | e9ed e6ff | ffba f6ff | ffff 488b | 6c24 204c | 8b54 2438 | 4c89 5424 
  0x0000029e8983e380: 204c 8b54 | 2440 4c89 | 5424 2889 | 7424 3890 

  0x0000029e8983e390: ;   {runtime_call UncommonTrapBlob}
  0x0000029e8983e390: c5f8 77e8 

  0x0000029e8983e394: ; ImmutableOopMap {rbp=Oop [32]=Oop [40]=Oop [48]=Oop [56]=NarrowOop }
                      ;*invokevirtual getTreeData {reexecute=0 rethrow=0 return_oop=0}
                      ; - org.eclipse.core.internal.resources.Workspace::getResourceInfo@13 (line 1869)
                      ; - org.eclipse.core.internal.localstore.FileSystemResourceManager::getStoreRoot@12 (line 626)
                      ; - org.eclipse.core.internal.localstore.FileSystemResourceManager::locationURIFor@2 (line 916)
                      ; - org.eclipse.core.internal.resources.Resource::getLocationURI@26 (line 1176)
                      ; - lombok.eclipse.EclipseAST$EclipseWorkspaceBasedFileResolver::resolve@38 (line 192)
                      ; - lombok.eclipse.EclipseAST::getAbsoluteFileLocation0@39 (line 117)
                      ; - lombok.eclipse.EclipseAST::getAbsoluteFileLocation@1 (line 82)
                      ; - lombok.eclipse.TransformEclipseAST::transform@69 (line 180)
  0x0000029e8983e394: 6856 c6fd 

  0x0000029e8983e398: ;   {other}
  0x0000029e8983e398: 0f1f 8400 | 084c 00ae | baf4 ffff | ff48 8b6c | 2420 4c8b | 5424 384c | 8954 2420 | 4c8b 5424 
  0x0000029e8983e3b8: 404c 8954 | 2428 8974 | 2438 6690 

  0x0000029e8983e3c4: ;   {runtime_call UncommonTrapBlob}
  0x0000029e8983e3c4: c5f8 77e8 

  0x0000029e8983e3c8: ; ImmutableOopMap {rbp=Oop [32]=Oop [40]=Oop [48]=Oop [56]=NarrowOop }
                      ;*checkcast {reexecute=0 rethrow=0 return_oop=0}
                      ; - org.eclipse.core.internal.resources.Workspace::getResourceInfo@16 (line 1869)
                      ; - org.eclipse.core.internal.localstore.FileSystemResourceManager::getStoreRoot@12 (line 626)
                      ; - org.eclipse.core.internal.localstore.FileSystemResourceManager::locationURIFor@2 (line 916)
                      ; - org.eclipse.core.internal.resources.Resource::getLocationURI@26 (line 1176)
                      ; - lombok.eclipse.EclipseAST$EclipseWorkspaceBasedFileResolver::resolve@38 (line 192)
                      ; - lombok.eclipse.EclipseAST::getAbsoluteFileLocation0@39 (line 117)
                      ; - lombok.eclipse.EclipseAST::getAbsoluteFileLocation@1 (line 82)
                      ; - lombok.eclipse.TransformEclipseAST::transform@69 (line 180)
  0x0000029e8983e3c8: 3456 c6fd 

  0x0000029e8983e3cc: ;   {other}
  0x0000029e8983e3cc: 0f1f 8400 | 3c4c 00af | 488b d0e9 | bce6 ffff | 488b d0e9 | b4e6 ffff | 4c8b c0e9 | b5e5 ffff 
  0x0000029e8983e3ec: 4c8b c0e9 | ade5 ffff | 4c8b c0e9 | a5e5 ffff | 4c8b c044 | 8b48 0849 | ba00 0000 | 939e 0200 
  0x0000029e8983e40c: 004d 03d1 | 4d8b 5a40 

  0x0000029e8983e414: ;   {metadata('java/lang/Exception')}
  0x0000029e8983e414: 49b9 20c0 | 0093 9e02 | 0000 4d3b | d90f 8417 | d6ff ffe9 | 2ee6 ffff | e964 e6ff | ff48 8bd8 
  0x0000029e8983e434: e94d d7ff | ffba f6ff | ffff 488b | 6c24 2090 

  0x0000029e8983e444: ;   {runtime_call UncommonTrapBlob}
  0x0000029e8983e444: c5f8 77e8 

  0x0000029e8983e448: ; ImmutableOopMap {rbp=Oop [56]=Oop [64]=Oop }
                      ;*invokevirtual getRoot {reexecute=0 rethrow=0 return_oop=0}
                      ; - org.eclipse.core.internal.localstore.FileSystemResourceManager::getStoreRoot@184 (line 658)
                      ; - org.eclipse.core.internal.localstore.FileSystemResourceManager::locationURIFor@2 (line 916)
                      ; - org.eclipse.core.internal.resources.Resource::getLocationURI@26 (line 1176)
                      ; - lombok.eclipse.EclipseAST$EclipseWorkspaceBasedFileResolver::resolve@38 (line 192)
                      ; - lombok.eclipse.EclipseAST::getAbsoluteFileLocation0@39 (line 117)
                      ; - lombok.eclipse.EclipseAST::getAbsoluteFileLocation@1 (line 82)
                      ; - lombok.eclipse.TransformEclipseAST::transform@69 (line 180)
  0x0000029e8983e448: b455 c6fd 

  0x0000029e8983e44c: ;   {other}
  0x0000029e8983e44c: 0f1f 8400 | bc4c 00b0 | baf6 ffff | ff48 8b6c | 2420 6690 

  0x0000029e8983e460: ;   {runtime_call UncommonTrapBlob}
  0x0000029e8983e460: c5f8 77e8 

  0x0000029e8983e464: ; ImmutableOopMap {rbp=Oop [56]=Oop [64]=Oop }
                      ;*invokeinterface getLocation {reexecute=0 rethrow=0 return_oop=0}
                      ; - org.eclipse.core.internal.localstore.FileSystemResourceManager::getStoreRoot@195 (line 659)
                      ; - org.eclipse.core.internal.localstore.FileSystemResourceManager::locationURIFor@2 (line 916)
                      ; - org.eclipse.core.internal.resources.Resource::getLocationURI@26 (line 1176)
                      ; - lombok.eclipse.EclipseAST$EclipseWorkspaceBasedFileResolver::resolve@38 (line 192)
                      ; - lombok.eclipse.EclipseAST::getAbsoluteFileLocation0@39 (line 117)
                      ; - lombok.eclipse.EclipseAST::getAbsoluteFileLocation@1 (line 82)
                      ; - lombok.eclipse.TransformEclipseAST::transform@69 (line 180)
  0x0000029e8983e464: 9855 c6fd 

  0x0000029e8983e468: ;   {other}
  0x0000029e8983e468: 0f1f 8400 | d84c 00b1 | baf6 ffff | ff48 8b6c | 2420 6690 

  0x0000029e8983e47c: ;   {runtime_call UncommonTrapBlob}
  0x0000029e8983e47c: c5f8 77e8 

  0x0000029e8983e480: ; ImmutableOopMap {rbp=Oop [56]=Oop [64]=Oop }
                      ;*invokevirtual getFileStoreRoot {reexecute=0 rethrow=0 return_oop=0}
                      ; - org.eclipse.core.internal.localstore.FileSystemResourceManager::getStoreRoot@207 (line 660)
                      ; - org.eclipse.core.internal.localstore.FileSystemResourceManager::locationURIFor@2 (line 916)
                      ; - org.eclipse.core.internal.resources.Resource::getLocationURI@26 (line 1176)
                      ; - lombok.eclipse.EclipseAST$EclipseWorkspaceBasedFileResolver::resolve@38 (line 192)
                      ; - lombok.eclipse.EclipseAST::getAbsoluteFileLocation0@39 (line 117)
                      ; - lombok.eclipse.EclipseAST::getAbsoluteFileLocation@1 (line 82)
                      ; - lombok.eclipse.TransformEclipseAST::transform@69 (line 180)
  0x0000029e8983e480: 7c55 c6fd 

  0x0000029e8983e484: ;   {other}
  0x0000029e8983e484: 0f1f 8400 | f44c 00b2 | ba5e ffff | ff48 8b6c | 2420 4c8b | 5424 284c | 8954 2420 | 4c8b 5424 
  0x0000029e8983e4a4: 384c 8954 | 2430 4c8b | 5424 404c | 8954 2438 | 4c8b 5424 | 484c 8954 | 2440 4c8b | 5424 504c 
  0x0000029e8983e4c4: 8954 2448 | 4c8b 5424 | 584c 8954 | 2450 4c8b | 5424 604c | 8954 2458 | 448b 5c24 | 6844 895c 
  0x0000029e8983e4e4: 2460 448b | 5424 6c44 | 8954 2464 | 448b 5c24 | 7044 895c | 2468 6690 

  0x0000029e8983e4fc: ;   {runtime_call UncommonTrapBlob}
  0x0000029e8983e4fc: c5f8 77e8 

  0x0000029e8983e500: ; ImmutableOopMap {rbp=Oop [64]=Oop [72]=Oop [80]=Oop [88]=Oop [128]=Oop [144]=Oop }
                      ;*invokevirtual get {reexecute=0 rethrow=0 return_oop=0}
                      ; - lombok.eclipse.HandlerLibrary::callASTVisitors@103 (line 258)
                      ; - lombok.eclipse.TransformEclipseAST::go@90 (line 229)
                      ; - lombok.eclipse.TransformEclipseAST::transform@140 (line 187)
  0x0000029e8983e500: fc54 c6fd 

  0x0000029e8983e504: ;   {other}
  0x0000029e8983e504: 0f1f 8400 | 744d 00b3 | baf4 ffff | ff48 8b6c | 2420 4c8b | 5424 284c | 8954 2420 | 4c8b 5424 
  0x0000029e8983e524: 384c 8954 | 2430 4c8b | 5424 404c | 8954 2438 | 4c8b 5424 | 484c 8954 | 2440 4c8b | 5424 504c 
  0x0000029e8983e544: 8954 2448 | 4c8b 5424 | 584c 8954 | 2450 4c8b | 5424 604c | 8954 2458 | 448b 5424 | 6844 8954 
  0x0000029e8983e564: 2460 448b | 5c24 6c44 | 895c 2464 | 448b 5424 | 7044 8954 | 2468 6690 

  0x0000029e8983e57c: ;   {runtime_call UncommonTrapBlob}
  0x0000029e8983e57c: c5f8 77e8 

  0x0000029e8983e580: ; ImmutableOopMap {rbp=Oop [64]=Oop [72]=Oop [80]=Oop [88]=Oop [128]=Oop [144]=Oop }
                      ;*checkcast {reexecute=0 rethrow=0 return_oop=0}
                      ; - lombok.eclipse.HandlerLibrary::callASTVisitors@106 (line 258)
                      ; - lombok.eclipse.TransformEclipseAST::go@90 (line 229)
                      ; - lombok.eclipse.TransformEclipseAST::transform@140 (line 187)
  0x0000029e8983e580: 7c54 c6fd 

  0x0000029e8983e584: ;   {other}
  0x0000029e8983e584: 0f1f 8400 | f44d 00b4 | baf6 ffff | ff48 8b6c | 2420 4c8b | 5424 284c | 8954 2420 | 4c8b 5424 
  0x0000029e8983e5a4: 384c 8954 | 2430 4c8b | 5424 404c | 8954 2438 | 4c8b 5424 | 504c 8954 | 2440 4c8b | 5424 584c 
  0x0000029e8983e5c4: 8954 2448 | 4c8b 5424 | 604c 8954 | 2450 448b | 5c24 6844 | 895c 2458 | 448b 5424 | 6c44 8954 
  0x0000029e8983e5e4: 245c 448b | 5c24 7044 | 895c 2460 | 4c8b 9424 | 8000 0000 | 4c89 5424 | 684c 8b94 | 2488 0000 
  0x0000029e8983e604: 004c 8954 | 2478 4c89 | 8424 8800 | 0000 6690 

  0x0000029e8983e614: ;   {runtime_call UncommonTrapBlob}
  0x0000029e8983e614: c5f8 77e8 

  0x0000029e8983e618: ; ImmutableOopMap {rbp=Oop [64]=Oop [72]=Oop [80]=Oop [104]=Oop [120]=Oop [136]=Oop [144]=Oop }
                      ;*invokevirtual getClass {reexecute=0 rethrow=0 return_oop=0}
                      ; - lombok.eclipse.HandlerLibrary::callASTVisitors@123 (line 259)
                      ; - lombok.eclipse.TransformEclipseAST::go@90 (line 229)
                      ; - lombok.eclipse.TransformEclipseAST::transform@140 (line 187)
  0x0000029e8983e618: e453 c6fd 

  0x0000029e8983e61c: ;   {other}
  0x0000029e8983e61c: 0f1f 8400 | 8c4e 00b5 | 488b d8e9 | 5ad5 ffff | eb00 488b | d0e9 62e4 | ffff 488b | d0e9 5ae4 
  0x0000029e8983e63c: ffff 4c8b | d0eb 084c | 8bd0 eb03 | 4c8b d04d | 8bc2 e931 | e4ff ffeb | 1deb 1beb | 19eb 17eb 
  0x0000029e8983e65c: 15eb 13eb | 11eb 0feb | 0deb 0b48 | 8be8 eb09 | eb04 eb02 | eb00 488b | e849 8b87 | b801 0000 
  0x0000029e8983e67c: 4c8b d049 | 83c2 184d | 3b97 c801 | 0000 0f83 | d800 0000 | 4d89 97b8 | 0100 0041 | 0f0d 8ac0 
  0x0000029e8983e69c: 0000 0048 | c700 0100 | 0000 410f | 0d8a 0001 

  0x0000029e8983e6ac: ;   {metadata('java/lang/Object'[])}
  0x0000029e8983e6ac: 0000 c740 | 0870 1200 | 0041 0f0d | 8a40 0100 | 00c7 400c | 0100 0000 | 410f 0d8a | 8001 0000 
  0x0000029e8983e6cc: 4c89 6010 | 4c8b d04c | 8954 2428 | 448b 5508 | 49bb 0000 | 0093 9e02 | 0000 4d03 | da4d 8b53 
  0x0000029e8983e6ec: 7049 8b12 

  0x0000029e8983e6f0: ;   {optimized virtual_call}
  0x0000029e8983e6f0: c5f8 77e8 

  0x0000029e8983e6f4: ; ImmutableOopMap {rbp=Oop [32]=Oop [40]=Oop }
                      ;*invokevirtual getSimpleName {reexecute=0 rethrow=0 return_oop=1}
                      ; - lombok.eclipse.TransformEclipseAST::transform@191 (line 191)
  0x0000029e8983e6f4: 8800 c6fd 

  0x0000029e8983e6f8: ;   {other}
  0x0000029e8983e6f8: 0f1f 8400 | 684f 00b6 | 4c8b 5424 | 2849 83c2 | 104c 8bc0 | 4589 0249 | c1ea 0949 | bb00 008a 
  0x0000029e8983e718: f99e 0200 | 0047 8824 

  0x0000029e8983e720: ;   {oop(a 'lombok/core/debug/DebugSnapshotStore'{0x0000000083c19048})}
  0x0000029e8983e720: 1348 ba48 | 90c1 8300 

  0x0000029e8983e728: ;   {oop("transform error: %s"{0x0000000083d616c8})}
  0x0000029e8983e728: 0000 0049 | b9c8 16d6 | 8300 0000 | 004c 8b44 | 2420 488b | 7c24 2890 

  0x0000029e8983e740: ;   {optimized virtual_call}
  0x0000029e8983e740: c5f8 77e8 

  0x0000029e8983e744: ; ImmutableOopMap {rbp=Oop [32]=Oop }
                      ;*invokevirtual snapshot {reexecute=0 rethrow=0 return_oop=0}
                      ; - lombok.eclipse.TransformEclipseAST::transform@195 (line 191)
  0x0000029e8983e744: 3800 c6fd 

  0x0000029e8983e748: ;   {other}
  0x0000029e8983e748: 0f1f 8400 | b84f 00b7 | ba0f 0100 | 0066 6690 

  0x0000029e8983e758: ;   {runtime_call UncommonTrapBlob}
  0x0000029e8983e758: c5f8 77e8 

  0x0000029e8983e75c: ; ImmutableOopMap {rbp=Oop [32]=Oop }
                      ;*new {reexecute=0 rethrow=0 return_oop=0}
                      ; - lombok.eclipse.TransformEclipseAST::transform@198 (line 193)
  0x0000029e8983e75c: a052 c6fd 

  0x0000029e8983e760: ;   {other}
  0x0000029e8983e760: 0f1f 8400 | d04f 00b8 

  0x0000029e8983e768: ;   {metadata('java/lang/Object'[])}
  0x0000029e8983e768: 48ba 7012 | 0093 9e02 | 0000 41b8 | 0100 0000 

  0x0000029e8983e778: ;   {runtime_call _new_array_Java}
  0x0000029e8983e778: c5f8 77e8 

  0x0000029e8983e77c: ; ImmutableOopMap {rbp=Oop [32]=Oop }
                      ;*anewarray {reexecute=0 rethrow=0 return_oop=1}
                      ; - lombok.eclipse.TransformEclipseAST::transform@182 (line 191)
  0x0000029e8983e77c: 800e c8fd 

  0x0000029e8983e780: ;   {other}
  0x0000029e8983e780: 0f1f 8400 | f04f 00b9 | e943 ffff 

  0x0000029e8983e78c: ;   {internal_word}
  0x0000029e8983e78c: ff49 baea | a383 899e | 0200 004d | 8997 6804 

  0x0000029e8983e79c: ;   {runtime_call SafepointBlob}
  0x0000029e8983e79c: 0000 e95d 

  0x0000029e8983e7a0: ;   {runtime_call StubRoutines (final stubs)}
  0x0000029e8983e7a0: 63c6 fde8 | 38a2 c4fd | e951 b7ff | fff4 f4f4 
[Stub Code]
  0x0000029e8983e7b0: ;   {no_reloc}
  0x0000029e8983e7b0: 48bb 0000 | 0000 0000 

  0x0000029e8983e7b8: ;   {runtime_call nmethod}
  0x0000029e8983e7b8: 0000 e9fb 

  0x0000029e8983e7bc: ;   {static_stub}
  0x0000029e8983e7bc: ffff ff48 | bb00 0000 | 0000 0000 

  0x0000029e8983e7c8: ;   {runtime_call nmethod}
  0x0000029e8983e7c8: 00e9 fbff 

  0x0000029e8983e7cc: ;   {static_stub}
  0x0000029e8983e7cc: ffff 48bb | 0000 0000 | 0000 0000 

  0x0000029e8983e7d8: ;   {runtime_call nmethod}
  0x0000029e8983e7d8: e9fb ffff 

  0x0000029e8983e7dc: ;   {static_stub}
  0x0000029e8983e7dc: ff48 bb00 | 0000 0000 

  0x0000029e8983e7e4: ;   {runtime_call nmethod}
  0x0000029e8983e7e4: 0000 00e9 | fbff ffff 

  0x0000029e8983e7ec: ;   {static_stub}
  0x0000029e8983e7ec: 48bb 0000 | 0000 0000 

  0x0000029e8983e7f4: ;   {runtime_call nmethod}
  0x0000029e8983e7f4: 0000 e9fb 

  0x0000029e8983e7f8: ;   {static_stub}
  0x0000029e8983e7f8: ffff ff48 | bb00 0000 | 0000 0000 

  0x0000029e8983e804: ;   {runtime_call nmethod}
  0x0000029e8983e804: 00e9 fbff 

  0x0000029e8983e808: ;   {static_stub}
  0x0000029e8983e808: ffff 48bb | 0000 0000 | 0000 0000 

  0x0000029e8983e814: ;   {runtime_call nmethod}
  0x0000029e8983e814: e9fb ffff 

  0x0000029e8983e818: ;   {static_stub}
  0x0000029e8983e818: ff48 bb00 | 0000 0000 

  0x0000029e8983e820: ;   {runtime_call nmethod}
  0x0000029e8983e820: 0000 00e9 | fbff ffff 

  0x0000029e8983e828: ;   {static_stub}
  0x0000029e8983e828: 48bb d8eb | 53d8 9e02 

  0x0000029e8983e830: ;   {runtime_call I2C/C2I adapters}
  0x0000029e8983e830: 0000 e930 

  0x0000029e8983e834: ;   {static_stub}
  0x0000029e8983e834: 4fc6 fd48 | bb00 0000 | 0000 0000 

  0x0000029e8983e840: ;   {runtime_call nmethod}
  0x0000029e8983e840: 00e9 fbff 

  0x0000029e8983e844: ;   {static_stub}
  0x0000029e8983e844: ffff 48bb | 0000 0000 | 0000 0000 

  0x0000029e8983e850: ;   {runtime_call nmethod}
  0x0000029e8983e850: e9fb ffff 

  0x0000029e8983e854: ;   {static_stub}
  0x0000029e8983e854: ff48 bb00 | 0000 0000 

  0x0000029e8983e85c: ;   {runtime_call nmethod}
  0x0000029e8983e85c: 0000 00e9 | fbff ffff 

  0x0000029e8983e864: ;   {static_stub}
  0x0000029e8983e864: 48bb 0000 | 0000 0000 

  0x0000029e8983e86c: ;   {runtime_call nmethod}
  0x0000029e8983e86c: 0000 e9fb 

  0x0000029e8983e870: ;   {static_stub}
  0x0000029e8983e870: ffff ff48 | bb00 0000 | 0000 0000 

  0x0000029e8983e87c: ;   {runtime_call nmethod}
  0x0000029e8983e87c: 00e9 fbff 

  0x0000029e8983e880: ;   {static_stub}
  0x0000029e8983e880: ffff 48bb | 0000 0000 | 0000 0000 

  0x0000029e8983e88c: ;   {runtime_call nmethod}
  0x0000029e8983e88c: e9fb ffff 

  0x0000029e8983e890: ;   {static_stub}
  0x0000029e8983e890: ff48 bb00 | 0000 0000 

  0x0000029e8983e898: ;   {runtime_call nmethod}
  0x0000029e8983e898: 0000 00e9 | fbff ffff 

  0x0000029e8983e8a0: ;   {static_stub}
  0x0000029e8983e8a0: 48bb 0000 | 0000 0000 

  0x0000029e8983e8a8: ;   {runtime_call nmethod}
  0x0000029e8983e8a8: 0000 e9fb 

  0x0000029e8983e8ac: ;   {static_stub}
  0x0000029e8983e8ac: ffff ff48 | bb00 0000 | 0000 0000 

  0x0000029e8983e8b8: ;   {runtime_call nmethod}
  0x0000029e8983e8b8: 00e9 fbff 

  0x0000029e8983e8bc: ;   {static_stub}
  0x0000029e8983e8bc: ffff 48bb | 0000 0000 | 0000 0000 

  0x0000029e8983e8c8: ;   {runtime_call nmethod}
  0x0000029e8983e8c8: e9fb ffff 

  0x0000029e8983e8cc: ;   {static_stub}
  0x0000029e8983e8cc: ff48 bb00 | 0000 0000 

  0x0000029e8983e8d4: ;   {runtime_call nmethod}
  0x0000029e8983e8d4: 0000 00e9 | fbff ffff 

  0x0000029e8983e8dc: ;   {static_stub}
  0x0000029e8983e8dc: 48bb 0000 | 0000 0000 

  0x0000029e8983e8e4: ;   {runtime_call nmethod}
  0x0000029e8983e8e4: 0000 e9fb 

  0x0000029e8983e8e8: ;   {static_stub}
  0x0000029e8983e8e8: ffff ff48 | bb00 0000 | 0000 0000 

  0x0000029e8983e8f4: ;   {runtime_call nmethod}
  0x0000029e8983e8f4: 00e9 fbff 

  0x0000029e8983e8f8: ;   {static_stub}
  0x0000029e8983e8f8: ffff 48bb | 0000 0000 | 0000 0000 

  0x0000029e8983e904: ;   {runtime_call nmethod}
  0x0000029e8983e904: e9fb ffff 

  0x0000029e8983e908: ;   {static_stub}
  0x0000029e8983e908: ff48 bb00 | 0000 0000 

  0x0000029e8983e910: ;   {runtime_call nmethod}
  0x0000029e8983e910: 0000 00e9 | fbff ffff 

  0x0000029e8983e918: ;   {static_stub}
  0x0000029e8983e918: 48bb 0000 | 0000 0000 

  0x0000029e8983e920: ;   {runtime_call nmethod}
  0x0000029e8983e920: 0000 e9fb 

  0x0000029e8983e924: ;   {static_stub}
  0x0000029e8983e924: ffff ff48 | bb00 0000 | 0000 0000 

  0x0000029e8983e930: ;   {runtime_call nmethod}
  0x0000029e8983e930: 00e9 fbff 

  0x0000029e8983e934: ;   {static_stub}
  0x0000029e8983e934: ffff 48bb | 0000 0000 | 0000 0000 

  0x0000029e8983e940: ;   {runtime_call nmethod}
  0x0000029e8983e940: e9fb ffff 

  0x0000029e8983e944: ;   {static_stub}
  0x0000029e8983e944: ff48 bb00 | 0000 0000 

  0x0000029e8983e94c: ;   {runtime_call nmethod}
  0x0000029e8983e94c: 0000 00e9 | fbff ffff 

  0x0000029e8983e954: ;   {static_stub}
  0x0000029e8983e954: 48bb 0000 | 0000 0000 

  0x0000029e8983e95c: ;   {runtime_call nmethod}
  0x0000029e8983e95c: 0000 e9fb 

  0x0000029e8983e960: ;   {static_stub}
  0x0000029e8983e960: ffff ff48 | bb00 0000 | 0000 0000 

  0x0000029e8983e96c: ;   {runtime_call nmethod}
  0x0000029e8983e96c: 00e9 fbff 

  0x0000029e8983e970: ;   {static_stub}
  0x0000029e8983e970: ffff 48bb | 0000 0000 | 0000 0000 

  0x0000029e8983e97c: ;   {runtime_call nmethod}
  0x0000029e8983e97c: e9fb ffff 

  0x0000029e8983e980: ;   {static_stub}
  0x0000029e8983e980: ff48 bb00 | 0000 0000 

  0x0000029e8983e988: ;   {runtime_call nmethod}
  0x0000029e8983e988: 0000 00e9 | fbff ffff 

  0x0000029e8983e990: ;   {static_stub}
  0x0000029e8983e990: 48bb 0000 | 0000 0000 

  0x0000029e8983e998: ;   {runtime_call nmethod}
  0x0000029e8983e998: 0000 e9fb 

  0x0000029e8983e99c: ;   {static_stub}
  0x0000029e8983e99c: ffff ff48 | bb00 0000 | 0000 0000 

  0x0000029e8983e9a8: ;   {runtime_call nmethod}
  0x0000029e8983e9a8: 00e9 fbff 

  0x0000029e8983e9ac: ;   {static_stub}
  0x0000029e8983e9ac: ffff 48bb | 0000 0000 | 0000 0000 

  0x0000029e8983e9b8: ;   {runtime_call nmethod}
  0x0000029e8983e9b8: e9fb ffff 

  0x0000029e8983e9bc: ;   {runtime_call ExceptionBlob}
  0x0000029e8983e9bc: ffe9 3e12 | c8fd e800 | 0000 0048 | 832c 2405 

  0x0000029e8983e9cc: ;   {runtime_call DeoptimizationBlob}
  0x0000029e8983e9cc: e9cf 53c6 | fdf4 f4f4 | f4f4 f4f4 
[/MachCode]


Compiled method (c2) 82824833 25384       4       java.lang.invoke.LambdaForm$MH/0x0000029e94710800::invoke (66 bytes)
 total in heap  [0x0000029e87f52f90,0x0000029e87f533c0] = 1072
 relocation     [0x0000029e87f530f0,0x0000029e87f53120] = 48
 main code      [0x0000029e87f53120,0x0000029e87f53210] = 240
 stub code      [0x0000029e87f53210,0x0000029e87f53238] = 40
 oops           [0x0000029e87f53238,0x0000029e87f53280] = 72
 metadata       [0x0000029e87f53280,0x0000029e87f532b8] = 56
 scopes data    [0x0000029e87f532b8,0x0000029e87f53348] = 144
 scopes pcs     [0x0000029e87f53348,0x0000029e87f53398] = 80
 dependencies   [0x0000029e87f53398,0x0000029e87f533a8] = 16
 handler table  [0x0000029e87f533a8,0x0000029e87f533c0] = 24

[Constant Pool (empty)]

[MachCode]
[Verified Entry Point]
  # {method} {0x0000029ed8710758} 'invoke' '(Ljava/lang/Object;Ljava/lang/Object;Ljava/lang/Object;Ljava/lang/Object;)Ljava/lang/Object;' in 'java/lang/invoke/LambdaForm$MH+0x0000029e94710800'
  # parm0:    rdx:rdx   = 'java/lang/Object'
  # parm1:    r8:r8     = 'java/lang/Object'
  # parm2:    r9:r9     = 'java/lang/Object'
  # parm3:    rdi:rdi   = 'java/lang/Object'
  #           [sp+0x30]  (sp of caller)
  0x0000029e87f53120: 8984 2400 | 80ff ff55 | 4883 ec20 | 4181 7f20 | 0c00 0000 | 0f85 c500 | 0000 4d85 | c974 6245 
  0x0000029e87f53140: ;   {metadata('org/eclipse/jdt/internal/compiler/ast/CompilationUnitDeclaration')}
  0x0000029e87f53140: 8b51 0841 | 81fa 00c0 | 2f01 7574 | 4d8b c148 | 85ff 7449 | 448b 5708 

  0x0000029e87f53158: ;   {metadata('org/eclipse/jdt/internal/compiler/parser/Parser')}
  0x0000029e87f53158: 49bb 0040 | 2a94 9e02 | 0000 49b9 | 0000 0093 | 9e02 0000 | 4d03 ca4d | 8b51 384d | 3bd3 752e 
  0x0000029e87f53178: ;   {static_call}
  0x0000029e87f53178: 488b d7e8 

  0x0000029e87f5317c: ; ImmutableOopMap {}
                      ;*invokestatic transform {reexecute=0 rethrow=0 return_oop=0}
                      ; - lombok.eclipse.TransformEclipseAST::transform_swapped@2 (line 104)
                      ; - java.lang.invoke.LambdaForm$DMH/0x0000029e94000c00::invokeStatic@11
                      ; - java.lang.invoke.LambdaForm$MH/0x0000029e94710800::invoke@61
  0x0000029e87f5317c: 606d 8e01 

  0x0000029e87f53180: ;   {other}
  0x0000029e87f53180: 0f1f 8400 | f001 0000 | 33c0 4883 

  0x0000029e87f5318c: ;   {poll_return}
  0x0000029e87f5318c: c420 5d49 | 3ba7 5004 | 0000 0f87 | 4d00 0000 | c333 d2eb | da45 33c0 | eba9 bace | ffff ff49 
  0x0000029e87f531ac: 8be8 4889 

  0x0000029e87f531b0: ;   {runtime_call UncommonTrapBlob}
  0x0000029e87f531b0: 3c24 90e8 

  0x0000029e87f531b4: ; ImmutableOopMap {rbp=Oop [0]=Oop }
                      ;*invokestatic linkToSpecial {reexecute=0 rethrow=0 return_oop=0}
                      ; - java.lang.invoke.DirectMethodHandle$Holder::invokeSpecial@11
                      ; - java.lang.invoke.LambdaForm$MH/0x0000029e94001c00::invoke@21
                      ; - java.lang.invoke.LambdaForm$MH/0x0000029e94710800::invoke@41
  0x0000029e87f531b4: 4808 55ff 

  0x0000029e87f531b8: ;   {other}
  0x0000029e87f531b8: 0f1f 8400 | 2802 0001 | ba66 ffff | ff48 8bef | 4c89 0c24 

  0x0000029e87f531cc: ;   {runtime_call UncommonTrapBlob}
  0x0000029e87f531cc: 6666 90e8 

  0x0000029e87f531d0: ; ImmutableOopMap {rbp=Oop [0]=Oop }
                      ;*invokestatic linkToSpecial {reexecute=0 rethrow=0 return_oop=0}
                      ; - java.lang.invoke.DirectMethodHandle$Holder::invokeSpecial@11
                      ; - java.lang.invoke.LambdaForm$MH/0x0000029e94001c00::invoke@21
                      ; - java.lang.invoke.LambdaForm$MH/0x0000029e94710800::invoke@24
  0x0000029e87f531d0: 2c08 55ff 

  0x0000029e87f531d4: ;   {other}
  0x0000029e87f531d4: 0f1f 8400 | 4402 0002 | 488b d048 | 83c4 205d 

  0x0000029e87f531e4: ;   {runtime_call _rethrow_Java}
  0x0000029e87f531e4: e917 2757 

  0x0000029e87f531e8: ;   {internal_word}
  0x0000029e87f531e8: ff49 ba8f | 31f5 879e | 0200 004d | 8997 6804 

  0x0000029e87f531f8: ;   {runtime_call SafepointBlob}
  0x0000029e87f531f8: 0000 e901 

  0x0000029e87f531fc: ;   {runtime_call StubRoutines (final stubs)}
  0x0000029e87f531fc: 1955 ffe8 | dc57 53ff | e931 ffff | fff4 f4f4 | f4f4 f4f4 
[Stub Code]
  0x0000029e87f53210: ;   {no_reloc}
  0x0000029e87f53210: 48bb 0000 | 0000 0000 

  0x0000029e87f53218: ;   {runtime_call nmethod}
  0x0000029e87f53218: 0000 e9fb 

  0x0000029e87f5321c: ;   {runtime_call ExceptionBlob}
  0x0000029e87f5321c: ffff ffe9 | dcc9 56ff 
[Deopt Handler Code]
  0x0000029e87f53224: e800 0000 | 0048 832c 

  0x0000029e87f5322c: ;   {runtime_call DeoptimizationBlob}
  0x0000029e87f5322c: 2405 e96d | 0b55 fff4 | f4f4 f4f4 
[/MachCode]


---------------  P R O C E S S  ---------------

Threads class SMR info:
_java_thread_list=0x0000029ed955a050, length=92, elements={
0x0000029efa2fb550, 0x0000029efa2ad610, 0x0000029efa3a0af0, 0x0000029efa3a2bc0,
0x0000029efa3a6fd0, 0x0000029efa3a7a30, 0x0000029efa3a8490, 0x0000029efa3a96d0,
0x0000029eff0d8340, 0x0000029eff23fe40, 0x0000029eff2c4660, 0x0000029ed9927fc0,
0x0000029ed9984be0, 0x0000029ed9875b10, 0x0000029ed9876550, 0x0000029eff147e50,
0x0000029eff15e7d0, 0x0000029ed92d4b00, 0x0000029eda6d1070, 0x0000029eda6d2420,
0x0000029eda6cfcc0, 0x0000029eda6d0350, 0x0000029edc185590, 0x0000029edc1834c0,
0x0000029edc184870, 0x0000029edc183b50, 0x0000029edc182110, 0x0000029edc185c20,
0x0000029edc1862b0, 0x0000029edc182e30, 0x0000029edc186fd0, 0x0000029edc1841e0,
0x0000029edc186940, 0x0000029edc188380, 0x0000029edc187660, 0x0000029edc187cf0,
0x0000029edc184f00, 0x0000029edc1890a0, 0x0000029edba4c1d0, 0x0000029edba4d580,
0x0000029eda16e6b0, 0x0000029edba4e2a0, 0x0000029eda16d990, 0x0000029eda16f3d0,
0x0000029eda16e020, 0x0000029ee741a6e0, 0x0000029ee741ad70, 0x0000029ee741ba90,
0x0000029ee741c120, 0x0000029ee741ce40, 0x0000029ee74199c0, 0x0000029ee741e1f0,
0x0000029ee7418610, 0x0000029edb8e68d0, 0x0000029edb8ea3e0, 0x0000029edb8e75f0,
0x0000029edb8ed1d0, 0x0000029edb8edef0, 0x0000029edb8eb100, 0x0000029edb8ebe20,
0x0000029edb8ed860, 0x0000029ee7db2050, 0x0000029ee7db3400, 0x0000029ee7db3a90,
0x0000029ee7db47b0, 0x0000029ee7db26e0, 0x0000029ee7db5b60, 0x0000029ee7db4e40,
0x0000029ee7db61f0, 0x0000029ee7db6f10, 0x0000029ee7db75a0, 0x0000029ee7db7c30,
0x0000029ee7db8950, 0x0000029ee7db8fe0, 0x0000029edba4bb40, 0x0000029edba4c860,
0x0000029edba4f650, 0x0000029edba4e930, 0x0000029edba50370, 0x0000029edba51090,
0x0000029edba4dc10, 0x0000029edba51db0, 0x0000029edba52440, 0x0000029edba51720,
0x0000029edba52ad0, 0x0000029eda16a510, 0x0000029eda16b8c0, 0x0000029eda169e80,
0x0000029eda168ad0, 0x0000029eda16b230, 0x0000029eda16bf50, 0x0000029eda169160
}

Java Threads: ( => current thread )
  0x0000029efa2fb550 JavaThread "main"                              [_thread_blocked, id=25096, stack(0x000000a9cc200000,0x000000a9cc300000) (1024K)]
  0x0000029efa2ad610 JavaThread "Reference Handler"          daemon [_thread_blocked, id=26488, stack(0x000000a9cc600000,0x000000a9cc700000) (1024K)]
  0x0000029efa3a0af0 JavaThread "Finalizer"                  daemon [_thread_blocked, id=16592, stack(0x000000a9cc700000,0x000000a9cc800000) (1024K)]
  0x0000029efa3a2bc0 JavaThread "Signal Dispatcher"          daemon [_thread_blocked, id=26248, stack(0x000000a9cc800000,0x000000a9cc900000) (1024K)]
  0x0000029efa3a6fd0 JavaThread "Attach Listener"            daemon [_thread_blocked, id=13256, stack(0x000000a9cc900000,0x000000a9cca00000) (1024K)]
  0x0000029efa3a7a30 JavaThread "Service Thread"             daemon [_thread_blocked, id=25788, stack(0x000000a9cca00000,0x000000a9ccb00000) (1024K)]
  0x0000029efa3a8490 JavaThread "Monitor Deflation Thread"   daemon [_thread_blocked, id=25768, stack(0x000000a9ccb00000,0x000000a9ccc00000) (1024K)]
  0x0000029efa3a96d0 JavaThread "C2 CompilerThread0"         daemon [_thread_blocked, id=25736, stack(0x000000a9ccc00000,0x000000a9ccd00000) (1024K)]
  0x0000029eff0d8340 JavaThread "C1 CompilerThread0"         daemon [_thread_blocked, id=24764, stack(0x000000a9ccd00000,0x000000a9cce00000) (1024K)]
  0x0000029eff23fe40 JavaThread "Common-Cleaner"             daemon [_thread_blocked, id=24720, stack(0x000000a9ccf00000,0x000000a9cd000000) (1024K)]
  0x0000029eff2c4660 JavaThread "Notification Thread"        daemon [_thread_blocked, id=26528, stack(0x000000a9cd300000,0x000000a9cd400000) (1024K)]
  0x0000029ed9927fc0 JavaThread "Active Thread: Equinox Container: acd34b06-2928-4386-946e-2c0f3984e3e1"        [_thread_blocked, id=22824, stack(0x000000a9cda00000,0x000000a9cdb00000) (1024K)]
  0x0000029ed9984be0 JavaThread "Refresh Thread: Equinox Container: acd34b06-2928-4386-946e-2c0f3984e3e1" daemon [_thread_blocked, id=16784, stack(0x000000a9cdc00000,0x000000a9cdd00000) (1024K)]
  0x0000029ed9875b10 JavaThread "Framework Event Dispatcher: Equinox Container: acd34b06-2928-4386-946e-2c0f3984e3e1" daemon [_thread_blocked, id=16596, stack(0x000000a9cdd00000,0x000000a9cde00000) (1024K)]
  0x0000029ed9876550 JavaThread "Start Level: Equinox Container: acd34b06-2928-4386-946e-2c0f3984e3e1" daemon [_thread_blocked, id=2508, stack(0x000000a9cde00000,0x000000a9cdf00000) (1024K)]
  0x0000029eff147e50 JavaThread "Bundle File Closer"         daemon [_thread_blocked, id=2344, stack(0x000000a9ce200000,0x000000a9ce300000) (1024K)]
  0x0000029eff15e7d0 JavaThread "SCR Component Actor"        daemon [_thread_blocked, id=3708, stack(0x000000a9cd000000,0x000000a9cd100000) (1024K)]
  0x0000029ed92d4b00 JavaThread "Worker-JM"                         [_thread_blocked, id=23172, stack(0x000000a9ce400000,0x000000a9ce500000) (1024K)]
  0x0000029eda6d1070 JavaThread "JNA Cleaner"                daemon [_thread_blocked, id=8600, stack(0x000000a9ce500000,0x000000a9ce600000) (1024K)]
  0x0000029eda6d2420 JavaThread "Java indexing"              daemon [_thread_blocked, id=10232, stack(0x000000a9ceb00000,0x000000a9cec00000) (1024K)]
  0x0000029eda6cfcc0 JavaThread "Thread-1"                   daemon [_thread_in_native, id=17424, stack(0x000000a9cf200000,0x000000a9cf300000) (1024K)]
  0x0000029eda6d0350 JavaThread "Thread-2"                   daemon [_thread_in_native, id=25344, stack(0x000000a9cf300000,0x000000a9cf400000) (1024K)]
  0x0000029edc185590 JavaThread "Thread-3"                   daemon [_thread_in_native, id=4192, stack(0x000000a9cf400000,0x000000a9cf500000) (1024K)]
  0x0000029edc1834c0 JavaThread "Thread-4"                   daemon [_thread_in_native, id=24304, stack(0x000000a9cf500000,0x000000a9cf600000) (1024K)]
  0x0000029edc184870 JavaThread "Thread-5"                   daemon [_thread_in_native, id=17288, stack(0x000000a9cf600000,0x000000a9cf700000) (1024K)]
  0x0000029edc183b50 JavaThread "Thread-6"                   daemon [_thread_in_native, id=17292, stack(0x000000a9cf700000,0x000000a9cf800000) (1024K)]
  0x0000029edc182110 JavaThread "Thread-7"                   daemon [_thread_in_native, id=25036, stack(0x000000a9cf800000,0x000000a9cf900000) (1024K)]
  0x0000029edc185c20 JavaThread "Thread-8"                   daemon [_thread_in_native, id=15784, stack(0x000000a9cf900000,0x000000a9cfa00000) (1024K)]
  0x0000029edc1862b0 JavaThread "Thread-9"                   daemon [_thread_in_native, id=23424, stack(0x000000a9cfa00000,0x000000a9cfb00000) (1024K)]
  0x0000029edc182e30 JavaThread "Thread-10"                  daemon [_thread_in_native, id=26388, stack(0x000000a9cfb00000,0x000000a9cfc00000) (1024K)]
  0x0000029edc186fd0 JavaThread "Thread-11"                  daemon [_thread_in_native, id=19480, stack(0x000000a9cfc00000,0x000000a9cfd00000) (1024K)]
  0x0000029edc1841e0 JavaThread "Thread-12"                  daemon [_thread_in_native, id=24928, stack(0x000000a9cfd00000,0x000000a9cfe00000) (1024K)]
  0x0000029edc186940 JavaThread "Thread-13"                  daemon [_thread_in_native, id=25804, stack(0x000000a9cfe00000,0x000000a9cff00000) (1024K)]
  0x0000029edc188380 JavaThread "Thread-14"                  daemon [_thread_in_native, id=25828, stack(0x000000a9cff00000,0x000000a9d0000000) (1024K)]
  0x0000029edc187660 JavaThread "Thread-15"                  daemon [_thread_in_native, id=19176, stack(0x000000a9d0000000,0x000000a9d0100000) (1024K)]
  0x0000029edc187cf0 JavaThread "Thread-16"                  daemon [_thread_blocked, id=20868, stack(0x000000a9d0100000,0x000000a9d0200000) (1024K)]
  0x0000029edc184f00 JavaThread "Thread-17"                  daemon [_thread_in_native, id=14032, stack(0x000000a9d0200000,0x000000a9d0300000) (1024K)]
  0x0000029edc1890a0 JavaThread "pool-2-thread-1"                   [_thread_blocked, id=16820, stack(0x000000a9d0300000,0x000000a9d0400000) (1024K)]
  0x0000029edba4c1d0 JavaThread "WorkspaceEventsHandler"            [_thread_blocked, id=25464, stack(0x000000a9d0500000,0x000000a9d0600000) (1024K)]
  0x0000029edba4d580 JavaThread "pool-1-thread-1"                   [_thread_blocked, id=25424, stack(0x000000a9d0600000,0x000000a9d0700000) (1024K)]
  0x0000029eda16e6b0 JavaThread "Cleaner-0"                  daemon [_thread_blocked, id=22540, stack(0x000000a9cf000000,0x000000a9cf100000) (1024K)]
  0x0000029edba4e2a0 JavaThread "Worker-89: Updating workspace"        [_thread_blocked, id=28608, stack(0x000000a9cce00000,0x000000a9ccf00000) (1024K)]
  0x0000029eda16d990 JavaThread "LocalFile Deleter"          daemon [_thread_blocked, id=19468, stack(0x000000a9d1a00000,0x000000a9d1b00000) (1024K)]
  0x0000029eda16f3d0 JavaThread "LocalFile Deleter"          daemon [_thread_blocked, id=11840, stack(0x000000a9d1c00000,0x000000a9d1d00000) (1024K)]
  0x0000029eda16e020 JavaThread "LocalFile Deleter"          daemon [_thread_blocked, id=23548, stack(0x000000a9d1d00000,0x000000a9d1e00000) (1024K)]
  0x0000029ee741a6e0 JavaThread "LocalFile Deleter"          daemon [_thread_blocked, id=28620, stack(0x000000a9d1e00000,0x000000a9d1f00000) (1024K)]
  0x0000029ee741ad70 JavaThread "LocalFile Deleter"          daemon [_thread_blocked, id=25072, stack(0x000000a9d1f00000,0x000000a9d2000000) (1024K)]
  0x0000029ee741ba90 JavaThread "LocalFile Deleter"          daemon [_thread_blocked, id=27888, stack(0x000000a9d2000000,0x000000a9d2100000) (1024K)]
  0x0000029ee741c120 JavaThread "LocalFile Deleter"          daemon [_thread_blocked, id=30636, stack(0x000000a9d2200000,0x000000a9d2300000) (1024K)]
  0x0000029ee741ce40 JavaThread "LocalFile Deleter"          daemon [_thread_blocked, id=28424, stack(0x000000a9d2300000,0x000000a9d2400000) (1024K)]
  0x0000029ee74199c0 JavaThread "LocalFile Deleter"          daemon [_thread_blocked, id=28652, stack(0x000000a9d2400000,0x000000a9d2500000) (1024K)]
  0x0000029ee741e1f0 JavaThread "LocalFile Deleter"          daemon [_thread_blocked, id=19012, stack(0x000000a9d2700000,0x000000a9d2800000) (1024K)]
  0x0000029ee7418610 JavaThread "Worker-92"                         [_thread_blocked, id=21636, stack(0x000000a9cbf00000,0x000000a9cc000000) (1024K)]
  0x0000029edb8e68d0 JavaThread "Worker-93"                         [_thread_blocked, id=30504, stack(0x000000a9cc000000,0x000000a9cc100000) (1024K)]
  0x0000029edb8ea3e0 JavaThread "Worker-94"                         [_thread_blocked, id=29124, stack(0x000000a9cc100000,0x000000a9cc200000) (1024K)]
  0x0000029edb8e75f0 JavaThread "Worker-95"                         [_thread_blocked, id=11488, stack(0x000000a9ce300000,0x000000a9ce400000) (1024K)]
=>0x0000029edb8ed1d0 JavaThread "Worker-96: Building"               [_thread_in_vm, id=29244, stack(0x000000a9ce600000,0x000000a9ce700000) (1024K)]
  0x0000029edb8edef0 JavaThread "LocalFile Deleter"          daemon [_thread_blocked, id=448, stack(0x000000a9ce700000,0x000000a9ce800000) (1024K)]
  0x0000029edb8eb100 JavaThread "LocalFile Deleter"          daemon [_thread_blocked, id=30100, stack(0x000000a9ce800000,0x000000a9ce900000) (1024K)]
  0x0000029edb8ebe20 JavaThread "LocalFile Deleter"          daemon [_thread_blocked, id=13272, stack(0x000000a9ce900000,0x000000a9cea00000) (1024K)]
  0x0000029edb8ed860 JavaThread "LocalFile Deleter"          daemon [_thread_blocked, id=14832, stack(0x000000a9cea00000,0x000000a9ceb00000) (1024K)]
  0x0000029ee7db2050 JavaThread "LocalFile Deleter"          daemon [_thread_blocked, id=22376, stack(0x000000a9cec00000,0x000000a9ced00000) (1024K)]
  0x0000029ee7db3400 JavaThread "LocalFile Deleter"          daemon [_thread_blocked, id=29164, stack(0x000000a9ced00000,0x000000a9cee00000) (1024K)]
  0x0000029ee7db3a90 JavaThread "Compiler Source File Reader" daemon [_thread_blocked, id=14988, stack(0x000000a9cee00000,0x000000a9cef00000) (1024K)]
  0x0000029ee7db47b0 JavaThread "Compiler Source File Reader" daemon [_thread_blocked, id=22452, stack(0x000000a9cef00000,0x000000a9cf000000) (1024K)]
  0x0000029ee7db26e0 JavaThread "Compiler Source File Reader" daemon [_thread_blocked, id=17272, stack(0x000000a9cf100000,0x000000a9cf200000) (1024K)]
  0x0000029ee7db5b60 JavaThread "Compiler Source File Reader" daemon [_thread_blocked, id=29436, stack(0x000000a9d0400000,0x000000a9d0500000) (1024K)]
  0x0000029ee7db4e40 JavaThread "Compiler Source File Reader" daemon [_thread_blocked, id=26392, stack(0x000000a9d0700000,0x000000a9d0800000) (1024K)]
  0x0000029ee7db61f0 JavaThread "Compiler Source File Reader" daemon [_thread_blocked, id=2736, stack(0x000000a9d0800000,0x000000a9d0900000) (1024K)]
  0x0000029ee7db6f10 JavaThread "Compiler Source File Reader" daemon [_thread_blocked, id=5012, stack(0x000000a9d0900000,0x000000a9d0a00000) (1024K)]
  0x0000029ee7db75a0 JavaThread "Compiler Source File Reader" daemon [_thread_blocked, id=10092, stack(0x000000a9d0a00000,0x000000a9d0b00000) (1024K)]
  0x0000029ee7db7c30 JavaThread "Compiler Source File Reader" daemon [_thread_blocked, id=27256, stack(0x000000a9d0b00000,0x000000a9d0c00000) (1024K)]
  0x0000029ee7db8950 JavaThread "Compiler Source File Reader" daemon [_thread_blocked, id=30588, stack(0x000000a9d0c00000,0x000000a9d0d00000) (1024K)]
  0x0000029ee7db8fe0 JavaThread "Compiler Source File Reader" daemon [_thread_blocked, id=28988, stack(0x000000a9d0d00000,0x000000a9d0e00000) (1024K)]
  0x0000029edba4bb40 JavaThread "Compiler Source File Reader" daemon [_thread_blocked, id=11020, stack(0x000000a9d0e00000,0x000000a9d0f00000) (1024K)]
  0x0000029edba4c860 JavaThread "Compiler Source File Reader" daemon [_thread_blocked, id=27912, stack(0x000000a9d0f00000,0x000000a9d1000000) (1024K)]
  0x0000029edba4f650 JavaThread "Compiler Source File Reader" daemon [_thread_blocked, id=8400, stack(0x000000a9d1000000,0x000000a9d1100000) (1024K)]
  0x0000029edba4e930 JavaThread "Compiler Processing Task"   daemon [_thread_blocked, id=27636, stack(0x000000a9d1100000,0x000000a9d1200000) (1024K)]
  0x0000029edba50370 JavaThread "Compiler Class File Writer" daemon [_thread_blocked, id=11112, stack(0x000000a9d1200000,0x000000a9d1300000) (1024K)]
  0x0000029edba51090 JavaThread "Compiler Class File Writer" daemon [_thread_blocked, id=28900, stack(0x000000a9d1300000,0x000000a9d1400000) (1024K)]
  0x0000029edba4dc10 JavaThread "Compiler Class File Writer" daemon [_thread_blocked, id=4172, stack(0x000000a9d1400000,0x000000a9d1500000) (1024K)]
  0x0000029edba51db0 JavaThread "Compiler Class File Writer" daemon [_thread_blocked, id=27780, stack(0x000000a9d1500000,0x000000a9d1600000) (1024K)]
  0x0000029edba52440 JavaThread "Compiler Class File Writer" daemon [_thread_blocked, id=3576, stack(0x000000a9d1600000,0x000000a9d1700000) (1024K)]
  0x0000029edba51720 JavaThread "Compiler Class File Writer" daemon [_thread_blocked, id=14836, stack(0x000000a9d1700000,0x000000a9d1800000) (1024K)]
  0x0000029edba52ad0 JavaThread "Compiler Class File Writer" daemon [_thread_blocked, id=30072, stack(0x000000a9d1800000,0x000000a9d1900000) (1024K)]
  0x0000029eda16a510 JavaThread "Compiler Class File Writer" daemon [_thread_blocked, id=28372, stack(0x000000a9d1900000,0x000000a9d1a00000) (1024K)]
  0x0000029eda16b8c0 JavaThread "Compiler Class File Writer" daemon [_thread_blocked, id=27876, stack(0x000000a9d1b00000,0x000000a9d1c00000) (1024K)]
  0x0000029eda169e80 JavaThread "Compiler Class File Writer" daemon [_thread_blocked, id=8900, stack(0x000000a9d2100000,0x000000a9d2200000) (1024K)]
  0x0000029eda168ad0 JavaThread "Compiler Class File Writer" daemon [_thread_blocked, id=30380, stack(0x000000a9d2500000,0x000000a9d2600000) (1024K)]
  0x0000029eda16b230 JavaThread "Compiler Class File Writer" daemon [_thread_blocked, id=29804, stack(0x000000a9d2600000,0x000000a9d2700000) (1024K)]
  0x0000029eda16bf50 JavaThread "Compiler Class File Writer" daemon [_thread_blocked, id=20376, stack(0x000000a9d2800000,0x000000a9d2900000) (1024K)]
  0x0000029eda169160 JavaThread "Compiler Class File Writer" daemon [_thread_blocked, id=27276, stack(0x000000a9d2900000,0x000000a9d2a00000) (1024K)]
Total: 92

Other Threads:
  0x0000029efa39f760 VMThread "VM Thread"                           [id=18884, stack(0x000000a9cc500000,0x000000a9cc600000) (1024K)] _threads_hazard_ptr=0x0000029ed955a050
  0x0000029efa18ca00 WatcherThread "VM Periodic Task Thread"        [id=25592, stack(0x000000a9cc400000,0x000000a9cc500000) (1024K)]
  0x0000029efa319fc0 WorkerThread "GC Thread#0"                     [id=25080, stack(0x000000a9cc300000,0x000000a9cc400000) (1024K)]
  0x0000029ed9528b70 WorkerThread "GC Thread#1"                     [id=26584, stack(0x000000a9cd400000,0x000000a9cd500000) (1024K)]
  0x0000029ed95c07c0 WorkerThread "GC Thread#2"                     [id=26576, stack(0x000000a9cd500000,0x000000a9cd600000) (1024K)]
  0x0000029ed90f11a0 WorkerThread "GC Thread#3"                     [id=10076, stack(0x000000a9cd600000,0x000000a9cd700000) (1024K)]
  0x0000029ed90f1550 WorkerThread "GC Thread#4"                     [id=23720, stack(0x000000a9cd700000,0x000000a9cd800000) (1024K)]
  0x0000029ed93f4fb0 WorkerThread "GC Thread#5"                     [id=23592, stack(0x000000a9cd800000,0x000000a9cd900000) (1024K)]
  0x0000029ed93f5360 WorkerThread "GC Thread#6"                     [id=10300, stack(0x000000a9cd900000,0x000000a9cda00000) (1024K)]
  0x0000029ed981f600 WorkerThread "GC Thread#7"                     [id=15824, stack(0x000000a9cdb00000,0x000000a9cdc00000) (1024K)]
  0x0000029efa3be1f0 WorkerThread "GC Thread#8"                     [id=19836, stack(0x000000a9cd200000,0x000000a9cd300000) (1024K)]
  0x0000029ed9a0b520 WorkerThread "GC Thread#9"                     [id=21688, stack(0x000000a9cdf00000,0x000000a9ce000000) (1024K)]
  0x0000029ed9d0f760 WorkerThread "GC Thread#10"                    [id=2732, stack(0x000000a9ce000000,0x000000a9ce100000) (1024K)]
  0x0000029ed97156f0 WorkerThread "GC Thread#11"                    [id=1352, stack(0x000000a9cd100000,0x000000a9cd200000) (1024K)]
  0x0000029ed9cb6c20 WorkerThread "GC Thread#12"                    [id=5376, stack(0x000000a9ce100000,0x000000a9ce200000) (1024K)]
Total: 15

Threads with active compile tasks:
Total: 0

VM state: synchronizing (normal execution)

VM Mutex/Monitor currently owned by a thread:  ([mutex/lock_event])
[0x00007fffced7e560] Threads_lock - owner thread: 0x0000029efa39f760
[0x00007fffced7e660] Heap_lock - owner thread: 0x0000029edba4e2a0

Heap address: 0x0000000080000000, size: 2048 MB, Compressed Oops mode: 32-bit

CDS archive(s) mapped at: [0x0000029e93000000-0x0000029e93ba0000-0x0000029e93ba0000), size 12189696, SharedBaseAddress: 0x0000029e93000000, ArchiveRelocationMode: 1.
Compressed class space mapped at: 0x0000029e94000000-0x0000029ed4000000, reserved size: 1073741824
Narrow klass base: 0x0000029e93000000, Narrow klass shift: 0, Narrow klass range: 0x100000000

GC Precious Log:
 CardTable entry size: 512
 CPUs: 16 total, 16 available
 Memory: 32454M
 Large Page Support: Disabled
 NUMA Support: Disabled
 Compressed Oops: Enabled (32-bit)
 Alignments: Space 512K, Generation 512K, Heap 2M
 Heap Min Capacity: 100M
 Heap Initial Capacity: 100M
 Heap Max Capacity: 2G
 Pre-touch: Disabled
 Parallel Workers: 13

Heap:
 PSYoungGen      total 8704K, used 8351K [0x00000000d5580000, 0x00000000d5f00000, 0x0000000100000000)
  eden space 7680K, 99% used [0x00000000d5580000,0x00000000d5cffff0,0x00000000d5d00000)
  from space 1024K, 65% used [0x00000000d5e00000,0x00000000d5ea8000,0x00000000d5f00000)
  to   space 1024K, 0% used [0x00000000d5d00000,0x00000000d5d00000,0x00000000d5e00000)
 ParOldGen       total 687104K, used 686904K [0x0000000080000000, 0x00000000a9f00000, 0x00000000d5580000)
  object space 687104K, 99% used [0x0000000080000000,0x00000000a9ece3a8,0x00000000a9f00000)
 Metaspace       used 90590K, committed 92224K, reserved 1179648K
  class space    used 8609K, committed 9408K, reserved 1048576K

Card table byte_map: [0x0000029ef9ca0000,0x0000029efa0b0000] _byte_map_base: 0x0000029ef98a0000

Marking Bits: (ParMarkBitMap*) 0x00007fffced83450
 Begin Bits: [0x0000029e8f000000, 0x0000029e91000000)
 End Bits:   [0x0000029e91000000, 0x0000029e93000000)

Polling page: 0x0000029ef8060000

Metaspace:

Usage:
  Non-class:     80.06 MB used.
      Class:      8.41 MB used.
       Both:     88.47 MB used.

Virtual space:
  Non-class space:      128.00 MB reserved,      80.88 MB ( 63%) committed,  2 nodes.
      Class space:        1.00 GB reserved,       9.19 MB ( <1%) committed,  1 nodes.
             Both:        1.12 GB reserved,      90.06 MB (  8%) committed. 

Chunk freelists:
   Non-Class:  15.00 MB
       Class:  6.88 MB
        Both:  21.88 MB

MaxMetaspaceSize: unlimited
CompressedClassSpaceSize: 1.00 GB
Initial GC threshold: 21.00 MB
Current GC threshold: 150.12 MB
CDS: on
 - commit_granule_bytes: 65536.
 - commit_granule_words: 8192.
 - virtual_space_node_default_size: 8388608.
 - enlarge_chunks_in_place: 1.
 - use_allocation_guard: 0.


Internal statistics:

num_allocs_failed_limit: 9.
num_arena_births: 2288.
num_arena_deaths: 786.
num_vsnodes_births: 3.
num_vsnodes_deaths: 0.
num_space_committed: 1441.
num_space_uncommitted: 0.
num_chunks_returned_to_freelist: 1019.
num_chunks_taken_from_freelist: 7255.
num_chunk_merges: 285.
num_chunk_splits: 3963.
num_chunks_enlarged: 2061.
num_inconsistent_stats: 0.

CodeHeap 'non-profiled nmethods': size=119168Kb used=34111Kb max_used=36453Kb free=85056Kb
 bounds [0x0000029e87ba0000, 0x0000029e89f40000, 0x0000029e8f000000]
CodeHeap 'profiled nmethods': size=119104Kb used=34266Kb max_used=53935Kb free=84837Kb
 bounds [0x0000029e80000000, 0x0000029e83550000, 0x0000029e87450000]
CodeHeap 'non-nmethods': size=7488Kb used=1519Kb max_used=3265Kb free=5968Kb
 bounds [0x0000029e87450000, 0x0000029e877a0000, 0x0000029e87ba0000]
CodeCache: size=245760Kb, used=69896Kb, max_used=93653Kb, free=175861Kb
 total_blobs=17902, nmethods=17066, adapters=737, full_count=0
Compilation: enabled, stopped_count=0, restarted_count=0

Compilation events (20 events):
Event: 82823.229 Thread 0x0000029efa3a96d0 34296   !   4       org.eclipse.jdt.internal.core.builder.ClasspathDirectory::directoryList (206 bytes)
Event: 82823.250 Thread 0x0000029efa3a96d0 nmethod 34296 0x0000029e89c3f690 code [0x0000029e89c3fa00, 0x0000029e89c40e70]
Event: 82823.269 Thread 0x0000029efa3a96d0 34297       4       java.util.Calendar::checkDisplayNameParams (67 bytes)
Event: 82823.270 Thread 0x0000029efa3a96d0 nmethod 34297 0x0000029e892c3d90 code [0x0000029e892c3f20, 0x0000029e892c40c0]
Event: 82823.390 Thread 0x0000029efa3a96d0 34298       4       com.sun.org.apache.xerces.internal.util.XMLResourceIdentifierImpl::setValues (11 bytes)
Event: 82823.391 Thread 0x0000029efa3a96d0 nmethod 34298 0x0000029e8876ed10 code [0x0000029e8876eea0, 0x0000029e8876ef58]
Event: 82823.407 Thread 0x0000029efa3a96d0 34299       4       java.util.Calendar::getDisplayName (165 bytes)
Event: 82823.420 Thread 0x0000029efa3a96d0 nmethod 34299 0x0000029e89cbde90 code [0x0000029e89cbe100, 0x0000029e89cbee58]
Event: 82823.426 Thread 0x0000029efa3a96d0 34300 % !   4       org.eclipse.jdt.internal.core.DeltaProcessor::createExternalArchiveDelta @ 462 (1186 bytes)
Event: 82823.568 Thread 0x0000029efa3a96d0 nmethod 34300% 0x0000029e89337d10 code [0x0000029e89338400, 0x0000029e8933e388]
Event: 82823.569 Thread 0x0000029efa3a96d0 34301       4       java.util.ImmutableCollections$SubList::fromList (13 bytes)
Event: 82823.570 Thread 0x0000029efa3a96d0 nmethod 34301 0x0000029e897cfd10 code [0x0000029e897cfea0, 0x0000029e897cffa0]
Event: 82823.613 Thread 0x0000029efa3a96d0 34302       4       org.eclipse.core.runtime.SubMonitor::newChild (194 bytes)
Event: 82823.616 Thread 0x0000029efa3a96d0 nmethod 34302 0x0000029e87c5d290 code [0x0000029e87c5d440, 0x0000029e87c5d828]
Event: 82823.757 Thread 0x0000029efa3a96d0 34303       4       java.net.URI::toLower (19 bytes)
Event: 82823.758 Thread 0x0000029efa3a96d0 nmethod 34303 0x0000029e8878bc10 code [0x0000029e8878bda0, 0x0000029e8878be40]
Event: 82823.758 Thread 0x0000029efa3a96d0 34305       4       java.net.URI::percentNormalizedComparison (215 bytes)
Event: 82823.758 Thread 0x0000029eff0d8340 34304       3       java.net.URI::equal (19 bytes)
Event: 82823.758 Thread 0x0000029eff0d8340 nmethod 34304 0x0000029e80675390 code [0x0000029e80675540, 0x0000029e806756b0]
Event: 82823.760 Thread 0x0000029efa3a96d0 nmethod 34305 0x0000029e88048610 code [0x0000029e880487c0, 0x0000029e88048f68]

GC Heap History (20 events):
Event: 82823.667 GC heap before
{Heap before GC invocations=12469 (full 11):
 PSYoungGen      total 5120K, used 4860K [0x00000000d5580000, 0x00000000d5e00000, 0x0000000100000000)
  eden space 4608K, 94% used [0x00000000d5580000,0x00000000d59c1130,0x00000000d5a00000)
  from space 512K, 98% used [0x00000000d5d80000,0x00000000d5dfdfc8,0x00000000d5e00000)
  to   space 1024K, 0% used [0x00000000d5c00000,0x00000000d5c00000,0x00000000d5d00000)
 ParOldGen       total 677888K, used 677760K [0x0000000080000000, 0x00000000a9600000, 0x00000000d5580000)
  object space 677888K, 99% used [0x0000000080000000,0x00000000a95e0128,0x00000000a9600000)
 Metaspace       used 90590K, committed 92224K, reserved 1179648K
  class space    used 8609K, committed 9408K, reserved 1048576K
}
Event: 82823.669 GC heap after
{Heap after GC invocations=12469 (full 11):
 PSYoungGen      total 5632K, used 1023K [0x00000000d5580000, 0x00000000d6500000, 0x0000000100000000)
  eden space 4608K, 0% used [0x00000000d5580000,0x00000000d5580000,0x00000000d5a00000)
  from space 1024K, 99% used [0x00000000d5c00000,0x00000000d5cffef0,0x00000000d5d00000)
  to   space 5632K, 0% used [0x00000000d5f80000,0x00000000d5f80000,0x00000000d6500000)
 ParOldGen       total 681984K, used 681512K [0x0000000080000000, 0x00000000a9a00000, 0x00000000d5580000)
  object space 681984K, 99% used [0x0000000080000000,0x00000000a998a108,0x00000000a9a00000)
 Metaspace       used 90590K, committed 92224K, reserved 1179648K
  class space    used 8609K, committed 9408K, reserved 1048576K
}
Event: 82823.678 GC heap before
{Heap before GC invocations=12470 (full 11):
 PSYoungGen      total 5632K, used 5631K [0x00000000d5580000, 0x00000000d6500000, 0x0000000100000000)
  eden space 4608K, 100% used [0x00000000d5580000,0x00000000d5a00000,0x00000000d5a00000)
  from space 1024K, 99% used [0x00000000d5c00000,0x00000000d5cffef0,0x00000000d5d00000)
  to   space 5632K, 0% used [0x00000000d5f80000,0x00000000d5f80000,0x00000000d6500000)
 ParOldGen       total 681984K, used 681512K [0x0000000080000000, 0x00000000a9a00000, 0x00000000d5580000)
  object space 681984K, 99% used [0x0000000080000000,0x00000000a998a108,0x00000000a9a00000)
 Metaspace       used 90590K, committed 92224K, reserved 1179648K
  class space    used 8609K, committed 9408K, reserved 1048576K
}
Event: 82823.681 GC heap after
{Heap after GC invocations=12470 (full 11):
 PSYoungGen      total 7168K, used 2054K [0x00000000d5580000, 0x00000000d6200000, 0x0000000100000000)
  eden space 4608K, 0% used [0x00000000d5580000,0x00000000d5580000,0x00000000d5a00000)
  from space 2560K, 80% used [0x00000000d5f80000,0x00000000d6181a60,0x00000000d6200000)
  to   space 3072K, 0% used [0x00000000d5c00000,0x00000000d5c00000,0x00000000d5f00000)
 ParOldGen       total 683008K, used 682578K [0x0000000080000000, 0x00000000a9b00000, 0x00000000d5580000)
  object space 683008K, 99% used [0x0000000080000000,0x00000000a9a94a08,0x00000000a9b00000)
 Metaspace       used 90590K, committed 92224K, reserved 1179648K
  class space    used 8609K, committed 9408K, reserved 1048576K
}
Event: 82823.685 GC heap before
{Heap before GC invocations=12471 (full 11):
 PSYoungGen      total 7168K, used 6662K [0x00000000d5580000, 0x00000000d6200000, 0x0000000100000000)
  eden space 4608K, 99% used [0x00000000d5580000,0x00000000d59fffe0,0x00000000d5a00000)
  from space 2560K, 80% used [0x00000000d5f80000,0x00000000d6181a60,0x00000000d6200000)
  to   space 3072K, 0% used [0x00000000d5c00000,0x00000000d5c00000,0x00000000d5f00000)
 ParOldGen       total 683008K, used 682578K [0x0000000080000000, 0x00000000a9b00000, 0x00000000d5580000)
  object space 683008K, 99% used [0x0000000080000000,0x00000000a9a94a08,0x00000000a9b00000)
 Metaspace       used 90590K, committed 92224K, reserved 1179648K
  class space    used 8609K, committed 9408K, reserved 1048576K
}
Event: 82823.687 GC heap after
{Heap after GC invocations=12471 (full 11):
 PSYoungGen      total 5120K, used 352K [0x00000000d5580000, 0x00000000d6000000, 0x0000000100000000)
  eden space 4608K, 0% used [0x00000000d5580000,0x00000000d5580000,0x00000000d5a00000)
  from space 512K, 68% used [0x00000000d5c00000,0x00000000d5c58000,0x00000000d5c80000)
  to   space 1536K, 0% used [0x00000000d5e80000,0x00000000d5e80000,0x00000000d6000000)
 ParOldGen       total 684544K, used 684361K [0x0000000080000000, 0x00000000a9c80000, 0x00000000d5580000)
  object space 684544K, 99% used [0x0000000080000000,0x00000000a9c52760,0x00000000a9c80000)
 Metaspace       used 90590K, committed 92224K, reserved 1179648K
  class space    used 8609K, committed 9408K, reserved 1048576K
}
Event: 82823.692 GC heap before
{Heap before GC invocations=12472 (full 11):
 PSYoungGen      total 5120K, used 4960K [0x00000000d5580000, 0x00000000d6000000, 0x0000000100000000)
  eden space 4608K, 100% used [0x00000000d5580000,0x00000000d5a00000,0x00000000d5a00000)
  from space 512K, 68% used [0x00000000d5c00000,0x00000000d5c58000,0x00000000d5c80000)
  to   space 1536K, 0% used [0x00000000d5e80000,0x00000000d5e80000,0x00000000d6000000)
 ParOldGen       total 684544K, used 684361K [0x0000000080000000, 0x00000000a9c80000, 0x00000000d5580000)
  object space 684544K, 99% used [0x0000000080000000,0x00000000a9c52760,0x00000000a9c80000)
 Metaspace       used 90590K, committed 92224K, reserved 1179648K
  class space    used 8609K, committed 9408K, reserved 1048576K
}
Event: 82823.694 GC heap after
{Heap after GC invocations=12472 (full 11):
 PSYoungGen      total 5632K, used 528K [0x00000000d5580000, 0x00000000d5f80000, 0x0000000100000000)
  eden space 4608K, 0% used [0x00000000d5580000,0x00000000d5580000,0x00000000d5a00000)
  from space 1024K, 51% used [0x00000000d5e80000,0x00000000d5f04010,0x00000000d5f80000)
  to   space 1024K, 0% used [0x00000000d5d80000,0x00000000d5d80000,0x00000000d5e80000)
 ParOldGen       total 685056K, used 684561K [0x0000000080000000, 0x00000000a9d00000, 0x00000000d5580000)
  object space 685056K, 99% used [0x0000000080000000,0x00000000a9c847a0,0x00000000a9d00000)
 Metaspace       used 90590K, committed 92224K, reserved 1179648K
  class space    used 8609K, committed 9408K, reserved 1048576K
}
Event: 82823.699 GC heap before
{Heap before GC invocations=12473 (full 11):
 PSYoungGen      total 5632K, used 5136K [0x00000000d5580000, 0x00000000d5f80000, 0x0000000100000000)
  eden space 4608K, 100% used [0x00000000d5580000,0x00000000d5a00000,0x00000000d5a00000)
  from space 1024K, 51% used [0x00000000d5e80000,0x00000000d5f04010,0x00000000d5f80000)
  to   space 1024K, 0% used [0x00000000d5d80000,0x00000000d5d80000,0x00000000d5e80000)
 ParOldGen       total 685056K, used 684561K [0x0000000080000000, 0x00000000a9d00000, 0x00000000d5580000)
  object space 685056K, 99% used [0x0000000080000000,0x00000000a9c847a0,0x00000000a9d00000)
 Metaspace       used 90590K, committed 92224K, reserved 1179648K
  class space    used 8609K, committed 9408K, reserved 1048576K
}
Event: 82823.701 GC heap after
{Heap after GC invocations=12473 (full 11):
 PSYoungGen      total 5632K, used 448K [0x00000000d5580000, 0x00000000d5f00000, 0x0000000100000000)
  eden space 4608K, 0% used [0x00000000d5580000,0x00000000d5580000,0x00000000d5a00000)
  from space 1024K, 43% used [0x00000000d5d80000,0x00000000d5df0000,0x00000000d5e80000)
  to   space 512K, 0% used [0x00000000d5e80000,0x00000000d5e80000,0x00000000d5f00000)
 ParOldGen       total 685056K, used 684893K [0x0000000080000000, 0x00000000a9d00000, 0x00000000d5580000)
  object space 685056K, 99% used [0x0000000080000000,0x00000000a9cd77d0,0x00000000a9d00000)
 Metaspace       used 90590K, committed 92224K, reserved 1179648K
  class space    used 8609K, committed 9408K, reserved 1048576K
}
Event: 82823.706 GC heap before
{Heap before GC invocations=12474 (full 11):
 PSYoungGen      total 5632K, used 5056K [0x00000000d5580000, 0x00000000d5f00000, 0x0000000100000000)
  eden space 4608K, 100% used [0x00000000d5580000,0x00000000d5a00000,0x00000000d5a00000)
  from space 1024K, 43% used [0x00000000d5d80000,0x00000000d5df0000,0x00000000d5e80000)
  to   space 512K, 0% used [0x00000000d5e80000,0x00000000d5e80000,0x00000000d5f00000)
 ParOldGen       total 685056K, used 684893K [0x0000000080000000, 0x00000000a9d00000, 0x00000000d5580000)
  object space 685056K, 99% used [0x0000000080000000,0x00000000a9cd77d0,0x00000000a9d00000)
 Metaspace       used 90590K, committed 92224K, reserved 1179648K
  class space    used 8609K, committed 9408K, reserved 1048576K
}
Event: 82823.707 GC heap after
{Heap after GC invocations=12474 (full 11):
 PSYoungGen      total 6144K, used 496K [0x00000000d5580000, 0x00000000d5f00000, 0x0000000100000000)
  eden space 5632K, 0% used [0x00000000d5580000,0x00000000d5580000,0x00000000d5b00000)
  from space 512K, 96% used [0x00000000d5e80000,0x00000000d5efc010,0x00000000d5f00000)
  to   space 1024K, 0% used [0x00000000d5d00000,0x00000000d5d00000,0x00000000d5e00000)
 ParOldGen       total 685568K, used 685230K [0x0000000080000000, 0x00000000a9d80000, 0x00000000d5580000)
  object space 685568K, 99% used [0x0000000080000000,0x00000000a9d2ba80,0x00000000a9d80000)
 Metaspace       used 90590K, committed 92224K, reserved 1179648K
  class space    used 8609K, committed 9408K, reserved 1048576K
}
Event: 82823.714 GC heap before
{Heap before GC invocations=12475 (full 11):
 PSYoungGen      total 6144K, used 6128K [0x00000000d5580000, 0x00000000d5f00000, 0x0000000100000000)
  eden space 5632K, 100% used [0x00000000d5580000,0x00000000d5b00000,0x00000000d5b00000)
  from space 512K, 96% used [0x00000000d5e80000,0x00000000d5efc010,0x00000000d5f00000)
  to   space 1024K, 0% used [0x00000000d5d00000,0x00000000d5d00000,0x00000000d5e00000)
 ParOldGen       total 685568K, used 685230K [0x0000000080000000, 0x00000000a9d80000, 0x00000000d5580000)
  object space 685568K, 99% used [0x0000000080000000,0x00000000a9d2ba80,0x00000000a9d80000)
 Metaspace       used 90590K, committed 92224K, reserved 1179648K
  class space    used 8609K, committed 9408K, reserved 1048576K
}
Event: 82823.716 GC heap after
{Heap after GC invocations=12475 (full 11):
 PSYoungGen      total 8192K, used 640K [0x00000000d5580000, 0x00000000d5f00000, 0x0000000100000000)
  eden space 7168K, 0% used [0x00000000d5580000,0x00000000d5580000,0x00000000d5c80000)
  from space 1024K, 62% used [0x00000000d5d00000,0x00000000d5da0000,0x00000000d5e00000)
  to   space 1024K, 0% used [0x00000000d5e00000,0x00000000d5e00000,0x00000000d5f00000)
 ParOldGen       total 685568K, used 685558K [0x0000000080000000, 0x00000000a9d80000, 0x00000000d5580000)
  object space 685568K, 99% used [0x0000000080000000,0x00000000a9d7dac0,0x00000000a9d80000)
 Metaspace       used 90590K, committed 92224K, reserved 1179648K
  class space    used 8609K, committed 9408K, reserved 1048576K
}
Event: 82823.724 GC heap before
{Heap before GC invocations=12476 (full 11):
 PSYoungGen      total 8192K, used 7808K [0x00000000d5580000, 0x00000000d5f00000, 0x0000000100000000)
  eden space 7168K, 100% used [0x00000000d5580000,0x00000000d5c80000,0x00000000d5c80000)
  from space 1024K, 62% used [0x00000000d5d00000,0x00000000d5da0000,0x00000000d5e00000)
  to   space 1024K, 0% used [0x00000000d5e00000,0x00000000d5e00000,0x00000000d5f00000)
 ParOldGen       total 685568K, used 685558K [0x0000000080000000, 0x00000000a9d80000, 0x00000000d5580000)
  object space 685568K, 99% used [0x0000000080000000,0x00000000a9d7dac0,0x00000000a9d80000)
 Metaspace       used 90590K, committed 92224K, reserved 1179648K
  class space    used 8609K, committed 9408K, reserved 1048576K
}
Event: 82823.726 GC heap after
{Heap after GC invocations=12476 (full 11):
 PSYoungGen      total 8704K, used 672K [0x00000000d5580000, 0x00000000d6000000, 0x0000000100000000)
  eden space 7680K, 0% used [0x00000000d5580000,0x00000000d5580000,0x00000000d5d00000)
  from space 1024K, 65% used [0x00000000d5e00000,0x00000000d5ea8000,0x00000000d5f00000)
  to   space 1024K, 0% used [0x00000000d5d00000,0x00000000d5d00000,0x00000000d5e00000)
 ParOldGen       total 686080K, used 685966K [0x0000000080000000, 0x00000000a9e00000, 0x00000000d5580000)
  object space 686080K, 99% used [0x0000000080000000,0x00000000a9de3b20,0x00000000a9e00000)
 Metaspace       used 90590K, committed 92224K, reserved 1179648K
  class space    used 8609K, committed 9408K, reserved 1048576K
}
Event: 82823.738 GC heap before
{Heap before GC invocations=12477 (full 11):
 PSYoungGen      total 8704K, used 8352K [0x00000000d5580000, 0x00000000d6000000, 0x0000000100000000)
  eden space 7680K, 100% used [0x00000000d5580000,0x00000000d5d00000,0x00000000d5d00000)
  from space 1024K, 65% used [0x00000000d5e00000,0x00000000d5ea8000,0x00000000d5f00000)
  to   space 1024K, 0% used [0x00000000d5d00000,0x00000000d5d00000,0x00000000d5e00000)
 ParOldGen       total 686080K, used 685966K [0x0000000080000000, 0x00000000a9e00000, 0x00000000d5580000)
  object space 686080K, 99% used [0x0000000080000000,0x00000000a9de3b20,0x00000000a9e00000)
 Metaspace       used 90590K, committed 92224K, reserved 1179648K
  class space    used 8609K, committed 9408K, reserved 1048576K
}
Event: 82823.740 GC heap after
{Heap after GC invocations=12477 (full 11):
 PSYoungGen      total 8704K, used 704K [0x00000000d5580000, 0x00000000d5f00000, 0x0000000100000000)
  eden space 7680K, 0% used [0x00000000d5580000,0x00000000d5580000,0x00000000d5d00000)
  from space 1024K, 68% used [0x00000000d5d00000,0x00000000d5db0000,0x00000000d5e00000)
  to   space 1024K, 0% used [0x00000000d5e00000,0x00000000d5e00000,0x00000000d5f00000)
 ParOldGen       total 686592K, used 686408K [0x0000000080000000, 0x00000000a9e80000, 0x00000000d5580000)
  object space 686592K, 99% used [0x0000000080000000,0x00000000a9e523b8,0x00000000a9e80000)
 Metaspace       used 90590K, committed 92224K, reserved 1179648K
  class space    used 8609K, committed 9408K, reserved 1048576K
}
Event: 82823.752 GC heap before
{Heap before GC invocations=12478 (full 11):
 PSYoungGen      total 8704K, used 8384K [0x00000000d5580000, 0x00000000d5f00000, 0x0000000100000000)
  eden space 7680K, 100% used [0x00000000d5580000,0x00000000d5d00000,0x00000000d5d00000)
  from space 1024K, 68% used [0x00000000d5d00000,0x00000000d5db0000,0x00000000d5e00000)
  to   space 1024K, 0% used [0x00000000d5e00000,0x00000000d5e00000,0x00000000d5f00000)
 ParOldGen       total 686592K, used 686408K [0x0000000080000000, 0x00000000a9e80000, 0x00000000d5580000)
  object space 686592K, 99% used [0x0000000080000000,0x00000000a9e523b8,0x00000000a9e80000)
 Metaspace       used 90590K, committed 92224K, reserved 1179648K
  class space    used 8609K, committed 9408K, reserved 1048576K
}
Event: 82823.754 GC heap after
{Heap after GC invocations=12478 (full 11):
 PSYoungGen      total 8704K, used 672K [0x00000000d5580000, 0x00000000d5f00000, 0x0000000100000000)
  eden space 7680K, 0% used [0x00000000d5580000,0x00000000d5580000,0x00000000d5d00000)
  from space 1024K, 65% used [0x00000000d5e00000,0x00000000d5ea8000,0x00000000d5f00000)
  to   space 1024K, 0% used [0x00000000d5d00000,0x00000000d5d00000,0x00000000d5e00000)
 ParOldGen       total 687104K, used 686904K [0x0000000080000000, 0x00000000a9f00000, 0x00000000d5580000)
  object space 687104K, 99% used [0x0000000080000000,0x00000000a9ece3a8,0x00000000a9f00000)
 Metaspace       used 90590K, committed 92224K, reserved 1179648K
  class space    used 8609K, committed 9408K, reserved 1048576K
}

Dll operation events (12 events):
Event: 0.072 Loaded shared library c:\Users\Akanksha.Surve\.antigravity\extensions\redhat.java-1.54.0-win32-x64\jre\21.0.10-win32-x86_64\bin\java.dll
Event: 0.255 Loaded shared library c:\Users\Akanksha.Surve\.antigravity\extensions\redhat.java-1.54.0-win32-x64\jre\21.0.10-win32-x86_64\bin\zip.dll
Event: 0.344 Loaded shared library C:\Users\Akanksha.Surve\.antigravity\extensions\redhat.java-1.54.0-win32-x64\jre\21.0.10-win32-x86_64\bin\instrument.dll
Event: 0.379 Loaded shared library C:\Users\Akanksha.Surve\.antigravity\extensions\redhat.java-1.54.0-win32-x64\jre\21.0.10-win32-x86_64\bin\net.dll
Event: 0.410 Loaded shared library C:\Users\Akanksha.Surve\.antigravity\extensions\redhat.java-1.54.0-win32-x64\jre\21.0.10-win32-x86_64\bin\nio.dll
Event: 0.431 Loaded shared library C:\Users\Akanksha.Surve\.antigravity\extensions\redhat.java-1.54.0-win32-x64\jre\21.0.10-win32-x86_64\bin\zip.dll
Event: 0.561 Loaded shared library C:\Users\Akanksha.Surve\.antigravity\extensions\redhat.java-1.54.0-win32-x64\jre\21.0.10-win32-x86_64\bin\jimage.dll
Event: 0.735 Loaded shared library c:\Users\Akanksha.Surve\.antigravity\extensions\redhat.java-1.54.0-win32-x64\jre\21.0.10-win32-x86_64\bin\verify.dll
Event: 4.609 Loaded shared library C:\Users\Akanksha.Surve\AppData\Roaming\Antigravity\User\globalStorage\redhat.java\1.54.0\config_win\org.eclipse.equinox.launcher\org.eclipse.equinox.launcher.win32.win32.x86_64_1.3.0.v20260203-2149\eclipse_11919.dll
Event: 12.707 Loaded shared library C:\Users\Akanksha.Surve\AppData\Local\Temp\jna-907455049\jna9742262645404752858.dll
Event: 18.389 Loaded shared library C:\Users\Akanksha.Surve\.antigravity\extensions\redhat.java-1.54.0-win32-x64\jre\21.0.10-win32-x86_64\bin\sunmscapi.dll
Event: 18.716 Loaded shared library C:\Users\Akanksha.Surve\.antigravity\extensions\redhat.java-1.54.0-win32-x64\jre\21.0.10-win32-x86_64\bin\extnet.dll

Deoptimization events (20 events):
Event: 82476.134 Thread 0x0000029ee7419330 Uncommon trap: trap_request=0xffffff45 fr.pc=0x0000029e888a9a6c relative=0x00000000000005ec
Event: 82476.134 Thread 0x0000029ee7419330 Uncommon trap: reason=unstable_if action=reinterpret pc=0x0000029e888a9a6c method=java.util.ComparableTimSort.countRunAndMakeAscending([Ljava/lang/Object;II)I @ 25 c2
Event: 82476.134 Thread 0x0000029ee7419330 DEOPT PACKING pc=0x0000029e888a9a6c sp=0x000000a9cc1fd460
Event: 82476.134 Thread 0x0000029ee7419330 DEOPT UNPACKING pc=0x0000029e874a3aa2 sp=0x000000a9cc1fd3f8 mode 2
Event: 82476.952 Thread 0x0000029ee7419330 Uncommon trap: trap_request=0xffffff45 fr.pc=0x0000029e88d1aeac relative=0x0000000000000fec
Event: 82476.952 Thread 0x0000029ee7419330 Uncommon trap: reason=unstable_if action=reinterpret pc=0x0000029e88d1aeac method=org.eclipse.core.internal.resources.Resource.getFileExtension()Ljava/lang/String; @ 14 c2
Event: 82476.952 Thread 0x0000029ee7419330 DEOPT PACKING pc=0x0000029e88d1aeac sp=0x000000a9cc1fd250
Event: 82476.952 Thread 0x0000029ee7419330 DEOPT UNPACKING pc=0x0000029e874a3aa2 sp=0x000000a9cc1fd1a8 mode 2
Event: 82823.747 Thread 0x0000029edb8ed1d0 Uncommon trap: trap_request=0xffffff45 fr.pc=0x0000029e88629324 relative=0x0000000000000c04
Event: 82823.747 Thread 0x0000029edb8ed1d0 Uncommon trap: reason=unstable_if action=reinterpret pc=0x0000029e88629324 method=java.util.concurrent.ConcurrentHashMap.putVal(Ljava/lang/Object;Ljava/lang/Object;Z)Ljava/lang/Object; @ 162 c2
Event: 82823.747 Thread 0x0000029edb8ed1d0 DEOPT PACKING pc=0x0000029e88629324 sp=0x000000a9ce6fdae0
Event: 82823.747 Thread 0x0000029edb8ed1d0 DEOPT UNPACKING pc=0x0000029e874a3aa2 sp=0x000000a9ce6fda78 mode 2
Event: 82823.756 Thread 0x0000029edb8ed1d0 Uncommon trap: trap_request=0xffffff45 fr.pc=0x0000029e8828c1a8 relative=0x0000000000000668
Event: 82823.756 Thread 0x0000029edb8ed1d0 Uncommon trap: reason=unstable_if action=reinterpret pc=0x0000029e8828c1a8 method=java.net.URI.equal(Ljava/lang/String;Ljava/lang/String;)Z @ 10 c2
Event: 82823.757 Thread 0x0000029edb8ed1d0 DEOPT PACKING pc=0x0000029e8828c1a8 sp=0x000000a9ce6fdc20
Event: 82823.757 Thread 0x0000029edb8ed1d0 DEOPT UNPACKING pc=0x0000029e874a3aa2 sp=0x000000a9ce6fdb60 mode 2
Event: 82823.762 Thread 0x0000029edb8ed1d0 Uncommon trap: trap_request=0xffffffde fr.pc=0x0000029e8825ccfc relative=0x0000000000000f9c
Event: 82823.762 Thread 0x0000029edb8ed1d0 Uncommon trap: reason=class_check action=maybe_recompile pc=0x0000029e8825ccfc method=lombok.core.configuration.BubblingConfigurationResolver.resolve(Llombok/core/configuration/ConfigurationKey;)Ljava/lang/Object; @ 59 c2
Event: 82823.762 Thread 0x0000029edb8ed1d0 DEOPT PACKING pc=0x0000029e8825ccfc sp=0x000000a9ce6fdc50
Event: 82823.762 Thread 0x0000029edb8ed1d0 DEOPT UNPACKING pc=0x0000029e874a3aa2 sp=0x000000a9ce6fdc10 mode 2

Classes loaded (20 events):
Event: 82429.866 Loading class jdk/internal/module/IllegalAccessLogger
Event: 82429.866 Loading class jdk/internal/module/IllegalAccessLogger done
Event: 82430.123 Loading class jdk/internal/module/IllegalAccessLogger
Event: 82430.123 Loading class jdk/internal/module/IllegalAccessLogger done
Event: 82430.266 Loading class jdk/internal/module/IllegalAccessLogger
Event: 82430.266 Loading class jdk/internal/module/IllegalAccessLogger done
Event: 82430.621 Loading class jdk/internal/module/IllegalAccessLogger
Event: 82430.621 Loading class jdk/internal/module/IllegalAccessLogger done
Event: 82431.638 Loading class jdk/internal/module/IllegalAccessLogger
Event: 82431.638 Loading class jdk/internal/module/IllegalAccessLogger done
Event: 82432.459 Loading class jdk/internal/module/IllegalAccessLogger
Event: 82432.459 Loading class jdk/internal/module/IllegalAccessLogger done
Event: 82432.846 Loading class jdk/internal/module/IllegalAccessLogger
Event: 82432.846 Loading class jdk/internal/module/IllegalAccessLogger done
Event: 82821.471 Loading class jdk/internal/module/IllegalAccessLogger
Event: 82821.471 Loading class jdk/internal/module/IllegalAccessLogger done
Event: 82822.853 Loading class jdk/internal/module/IllegalAccessLogger
Event: 82822.853 Loading class jdk/internal/module/IllegalAccessLogger done
Event: 82823.158 Loading class jdk/internal/module/IllegalAccessLogger
Event: 82823.158 Loading class jdk/internal/module/IllegalAccessLogger done

Classes unloaded (20 events):
Event: 82420.765 Thread 0x0000029efa39f760 Unloading class 0x0000029e941d2000 'jdk/internal/reflect/GeneratedSerializationConstructorAccessor49'
Event: 82420.765 Thread 0x0000029efa39f760 Unloading class 0x0000029e941d2800 'jdk/internal/reflect/GeneratedSerializationConstructorAccessor48'
Event: 82420.765 Thread 0x0000029efa39f760 Unloading class 0x0000029e941d8400 'jdk/internal/reflect/GeneratedSerializationConstructorAccessor47'
Event: 82420.765 Thread 0x0000029efa39f760 Unloading class 0x0000029e94205800 'jdk/internal/reflect/GeneratedSerializationConstructorAccessor46'
Event: 82420.765 Thread 0x0000029efa39f760 Unloading class 0x0000029e94210800 'java/lang/invoke/LambdaForm$MH+0x0000029e94210800'
Event: 82420.765 Thread 0x0000029efa39f760 Unloading class 0x0000029e94212c00 'java/lang/invoke/LambdaForm$MH+0x0000029e94212c00'
Event: 82420.765 Thread 0x0000029efa39f760 Unloading class 0x0000029e94213400 'jdk/internal/reflect/GeneratedSerializationConstructorAccessor45'
Event: 82420.765 Thread 0x0000029efa39f760 Unloading class 0x0000029e94214800 'jdk/internal/reflect/GeneratedSerializationConstructorAccessor44'
Event: 82420.765 Thread 0x0000029efa39f760 Unloading class 0x0000029e94238800 'jdk/internal/reflect/GeneratedSerializationConstructorAccessor43'
Event: 82420.765 Thread 0x0000029efa39f760 Unloading class 0x0000029e94239400 'jdk/internal/reflect/GeneratedSerializationConstructorAccessor42'
Event: 82420.765 Thread 0x0000029efa39f760 Unloading class 0x0000029e9423a000 'jdk/internal/reflect/GeneratedSerializationConstructorAccessor41'
Event: 82420.765 Thread 0x0000029efa39f760 Unloading class 0x0000029e9423ac00 'jdk/internal/reflect/GeneratedSerializationConstructorAccessor40'
Event: 82420.765 Thread 0x0000029efa39f760 Unloading class 0x0000029e9426c400 'jdk/internal/reflect/GeneratedSerializationConstructorAccessor39'
Event: 82420.765 Thread 0x0000029efa39f760 Unloading class 0x0000029e9426e000 'jdk/internal/reflect/GeneratedSerializationConstructorAccessor38'
Event: 82420.765 Thread 0x0000029efa39f760 Unloading class 0x0000029e9426f800 'jdk/internal/reflect/GeneratedSerializationConstructorAccessor37'
Event: 82420.765 Thread 0x0000029efa39f760 Unloading class 0x0000029e94270400 'jdk/internal/reflect/GeneratedSerializationConstructorAccessor36'
Event: 82420.765 Thread 0x0000029efa39f760 Unloading class 0x0000029e94270c00 'jdk/internal/reflect/GeneratedSerializationConstructorAccessor35'
Event: 82420.765 Thread 0x0000029efa39f760 Unloading class 0x0000029e94271c00 'jdk/internal/reflect/GeneratedSerializationConstructorAccessor34'
Event: 82420.765 Thread 0x0000029efa39f760 Unloading class 0x0000029e94723000 'java/lang/invoke/LambdaForm$MH+0x0000029e94723000'
Event: 82420.765 Thread 0x0000029efa39f760 Unloading class 0x0000029e94710c00 'java/lang/invoke/LambdaForm$MH+0x0000029e94710c00'

Classes redefined (0 events):
No events

Internal exceptions (20 events):
Event: 82823.509 Thread 0x0000029edb8ed1d0 Exception <a 'sun/nio/fs/WindowsException'{0x00000000d5856b60}> (0x00000000d5856b60) 
thrown [s\src\hotspot\share\prims\jni.cpp, line 520]
Event: 82823.560 Thread 0x0000029edb8ed1d0 Exception <a 'sun/nio/fs/WindowsException'{0x00000000d56d7f20}> (0x00000000d56d7f20) 
thrown [s\src\hotspot\share\prims\jni.cpp, line 520]
Event: 82823.561 Thread 0x0000029edb8ed860 Exception <a 'sun/nio/fs/WindowsException'{0x00000000d56ebf68}> (0x00000000d56ebf68) 
thrown [s\src\hotspot\share\prims\jni.cpp, line 520]
Event: 82823.561 Thread 0x0000029edb8ed860 Exception <a 'sun/nio/fs/WindowsException'{0x00000000d56ed4f8}> (0x00000000d56ed4f8) 
thrown [s\src\hotspot\share\prims\jni.cpp, line 520]
Event: 82823.562 Thread 0x0000029ee741ad70 Exception <a 'sun/nio/fs/WindowsException'{0x00000000d56eb8b8}> (0x00000000d56eb8b8) 
thrown [s\src\hotspot\share\prims\jni.cpp, line 520]
Event: 82823.566 Thread 0x0000029edb8ed1d0 Exception <a 'sun/nio/fs/WindowsException'{0x00000000d56e8cc0}> (0x00000000d56e8cc0) 
thrown [s\src\hotspot\share\prims\jni.cpp, line 520]
Event: 82823.567 Thread 0x0000029edb8ed860 Exception <a 'sun/nio/fs/WindowsException'{0x00000000d56f19a8}> (0x00000000d56f19a8) 
thrown [s\src\hotspot\share\prims\jni.cpp, line 520]
Event: 82823.567 Thread 0x0000029ee741ad70 Exception <a 'sun/nio/fs/WindowsException'{0x00000000d56f2fd0}> (0x00000000d56f2fd0) 
thrown [s\src\hotspot\share\prims\jni.cpp, line 520]
Event: 82823.568 Thread 0x0000029ee7db3400 Exception <a 'sun/nio/fs/WindowsException'{0x00000000d56f4568}> (0x00000000d56f4568) 
thrown [s\src\hotspot\share\prims\jni.cpp, line 520]
Event: 82823.568 Thread 0x0000029edb8eb100 Exception <a 'sun/nio/fs/WindowsException'{0x00000000d56f5dc8}> (0x00000000d56f5dc8) 
thrown [s\src\hotspot\share\prims\jni.cpp, line 520]
Event: 82823.569 Thread 0x0000029ee741ba90 Exception <a 'sun/nio/fs/WindowsException'{0x00000000d56f8768}> (0x00000000d56f8768) 
thrown [s\src\hotspot\share\prims\jni.cpp, line 520]
Event: 82823.569 Thread 0x0000029ee741c120 Exception <a 'sun/nio/fs/WindowsException'{0x00000000d56f91f0}> (0x00000000d56f91f0) 
thrown [s\src\hotspot\share\prims\jni.cpp, line 520]
Event: 82823.570 Thread 0x0000029ee741e1f0 Exception <a 'sun/nio/fs/WindowsException'{0x00000000d56f9c20}> (0x00000000d56f9c20) 
thrown [s\src\hotspot\share\prims\jni.cpp, line 520]
Event: 82823.570 Thread 0x0000029edb8ebe20 Exception <a 'sun/nio/fs/WindowsException'{0x00000000d56fa688}> (0x00000000d56fa688) 
thrown [s\src\hotspot\share\prims\jni.cpp, line 520]
Event: 82823.570 Thread 0x0000029edb8edef0 Exception <a 'sun/nio/fs/WindowsException'{0x00000000d56fb7f8}> (0x00000000d56fb7f8) 
thrown [s\src\hotspot\share\prims\jni.cpp, line 520]
Event: 82823.570 Thread 0x0000029eda16e020 Exception <a 'sun/nio/fs/WindowsException'{0x00000000d56fc360}> (0x00000000d56fc360) 
thrown [s\src\hotspot\share\prims\jni.cpp, line 520]
Event: 82823.570 Thread 0x0000029ee74199c0 Exception <a 'sun/nio/fs/WindowsException'{0x00000000d56fcde8}> (0x00000000d56fcde8) 
thrown [s\src\hotspot\share\prims\jni.cpp, line 520]
Event: 82823.570 Thread 0x0000029eda16f3d0 Exception <a 'sun/nio/fs/WindowsException'{0x00000000d56fd830}> (0x00000000d56fd830) 
thrown [s\src\hotspot\share\prims\jni.cpp, line 520]
Event: 82823.589 Thread 0x0000029edb8ebe20 Exception <a 'sun/nio/fs/WindowsException'{0x00000000d57394a8}> (0x00000000d57394a8) 
thrown [s\src\hotspot\share\prims\jni.cpp, line 520]
Event: 82823.608 Thread 0x0000029edb8ed1d0 Exception <a 'sun/nio/fs/WindowsException'{0x00000000d576dcb0}> (0x00000000d576dcb0) 
thrown [s\src\hotspot\share\prims\jni.cpp, line 520]

ZGC Phase Switch (0 events):
No events

VM Operations (20 events):
Event: 82823.667 Executing safepoint VM operation: ParallelGCFailedAllocation (Allocation Failure)
Event: 82823.669 Executing safepoint VM operation: ParallelGCFailedAllocation (Allocation Failure) done
Event: 82823.678 Executing safepoint VM operation: ParallelGCFailedAllocation (Allocation Failure)
Event: 82823.681 Executing safepoint VM operation: ParallelGCFailedAllocation (Allocation Failure) done
Event: 82823.685 Executing safepoint VM operation: ParallelGCFailedAllocation (Allocation Failure)
Event: 82823.687 Executing safepoint VM operation: ParallelGCFailedAllocation (Allocation Failure) done
Event: 82823.692 Executing safepoint VM operation: ParallelGCFailedAllocation (Allocation Failure)
Event: 82823.694 Executing safepoint VM operation: ParallelGCFailedAllocation (Allocation Failure) done
Event: 82823.699 Executing safepoint VM operation: ParallelGCFailedAllocation (Allocation Failure)
Event: 82823.701 Executing safepoint VM operation: ParallelGCFailedAllocation (Allocation Failure) done
Event: 82823.706 Executing safepoint VM operation: ParallelGCFailedAllocation (Allocation Failure)
Event: 82823.708 Executing safepoint VM operation: ParallelGCFailedAllocation (Allocation Failure) done
Event: 82823.714 Executing safepoint VM operation: ParallelGCFailedAllocation (Allocation Failure)
Event: 82823.716 Executing safepoint VM operation: ParallelGCFailedAllocation (Allocation Failure) done
Event: 82823.724 Executing safepoint VM operation: ParallelGCFailedAllocation (Allocation Failure)
Event: 82823.726 Executing safepoint VM operation: ParallelGCFailedAllocation (Allocation Failure) done
Event: 82823.738 Executing safepoint VM operation: ParallelGCFailedAllocation (Allocation Failure)
Event: 82823.740 Executing safepoint VM operation: ParallelGCFailedAllocation (Allocation Failure) done
Event: 82823.752 Executing safepoint VM operation: ParallelGCFailedAllocation (Allocation Failure)
Event: 82823.754 Executing safepoint VM operation: ParallelGCFailedAllocation (Allocation Failure) done

Memory protections (0 events):
No events

Nmethod flushes (20 events):
Event: 82420.822 Thread 0x0000029efa39f760 flushing  nmethod 0x0000029e83238110
Event: 82420.822 Thread 0x0000029efa39f760 flushing  nmethod 0x0000029e83248b10
Event: 82420.822 Thread 0x0000029efa39f760 flushing  nmethod 0x0000029e83289590
Event: 82420.822 Thread 0x0000029efa39f760 flushing  nmethod 0x0000029e832aa010
Event: 82420.822 Thread 0x0000029efa39f760 flushing  nmethod 0x0000029e832be010
Event: 82420.822 Thread 0x0000029efa39f760 flushing  nmethod 0x0000029e832c0210
Event: 82420.822 Thread 0x0000029efa39f760 flushing  nmethod 0x0000029e832c4e90
Event: 82420.822 Thread 0x0000029efa39f760 flushing  nmethod 0x0000029e832f4510
Event: 82420.822 Thread 0x0000029efa39f760 flushing  nmethod 0x0000029e832fba10
Event: 82420.822 Thread 0x0000029efa39f760 flushing  nmethod 0x0000029e832fc610
Event: 82420.822 Thread 0x0000029efa39f760 flushing  nmethod 0x0000029e8332f510
Event: 82420.822 Thread 0x0000029efa39f760 flushing  nmethod 0x0000029e83361c90
Event: 82420.822 Thread 0x0000029efa39f760 flushing  nmethod 0x0000029e83391e90
Event: 82420.822 Thread 0x0000029efa39f760 flushing  nmethod 0x0000029e83398710
Event: 82420.822 Thread 0x0000029efa39f760 flushing  nmethod 0x0000029e833c2390
Event: 82420.822 Thread 0x0000029efa39f760 flushing  nmethod 0x0000029e833c6910
Event: 82420.822 Thread 0x0000029efa39f760 flushing  nmethod 0x0000029e83446710
Event: 82420.822 Thread 0x0000029efa39f760 flushing  nmethod 0x0000029e83476810
Event: 82420.822 Thread 0x0000029efa39f760 flushing  nmethod 0x0000029e8348be10
Event: 82420.822 Thread 0x0000029efa39f760 flushing  nmethod 0x0000029e83498d10

Events (20 events):
Event: 82821.323 Thread 0x0000029edb8e68d0 Thread added: 0x0000029ee7db8950
Event: 82821.323 Thread 0x0000029ee7db7c30 Thread added: 0x0000029ee7db8fe0
Event: 82821.323 Thread 0x0000029ee7db3a90 Thread added: 0x0000029edba4bb40
Event: 82821.323 Thread 0x0000029ee7db8fe0 Thread added: 0x0000029edba4c860
Event: 82821.324 Thread 0x0000029ee7db8950 Thread added: 0x0000029edba4f650
Event: 82821.472 Thread 0x0000029edb8e68d0 Thread added: 0x0000029edba4e930
Event: 82821.474 Thread 0x0000029edb8e68d0 Thread added: 0x0000029edba50370
Event: 82821.481 Thread 0x0000029edb8e68d0 Thread added: 0x0000029edba51090
Event: 82821.482 Thread 0x0000029edb8e68d0 Thread added: 0x0000029edba4dc10
Event: 82821.483 Thread 0x0000029edb8e68d0 Thread added: 0x0000029edba51db0
Event: 82821.484 Thread 0x0000029edb8e68d0 Thread added: 0x0000029edba52440
Event: 82821.486 Thread 0x0000029edb8e68d0 Thread added: 0x0000029edba51720
Event: 82821.488 Thread 0x0000029edb8e68d0 Thread added: 0x0000029edba52ad0
Event: 82821.494 Thread 0x0000029edb8e68d0 Thread added: 0x0000029eda16a510
Event: 82821.499 Thread 0x0000029edb8e68d0 Thread added: 0x0000029eda16b8c0
Event: 82821.501 Thread 0x0000029edb8e68d0 Thread added: 0x0000029eda169e80
Event: 82821.505 Thread 0x0000029edb8e68d0 Thread added: 0x0000029eda168ad0
Event: 82821.508 Thread 0x0000029edb8e68d0 Thread added: 0x0000029eda16b230
Event: 82821.510 Thread 0x0000029edb8e68d0 Thread added: 0x0000029eda16bf50
Event: 82821.512 Thread 0x0000029edb8e68d0 Thread added: 0x0000029eda169160


Dynamic libraries:
0x00007ff73e560000 - 0x00007ff73e56e000 	c:\Users\Akanksha.Surve\.antigravity\extensions\redhat.java-1.54.0-win32-x64\jre\21.0.10-win32-x86_64\bin\java.exe
0x00007ff86b800000 - 0x00007ff86ba68000 	C:\WINDOWS\SYSTEM32\ntdll.dll
0x00007ff86a6a0000 - 0x00007ff86a769000 	C:\WINDOWS\System32\KERNEL32.DLL
0x00007ff868980000 - 0x00007ff868d78000 	C:\WINDOWS\System32\KERNELBASE.dll
0x00007ff8691e0000 - 0x00007ff86932b000 	C:\WINDOWS\System32\ucrtbase.dll
0x00007ff85f0e0000 - 0x00007ff85f0f8000 	c:\Users\Akanksha.Surve\.antigravity\extensions\redhat.java-1.54.0-win32-x64\jre\21.0.10-win32-x86_64\bin\jli.dll
0x00007ff86a910000 - 0x00007ff86aad7000 	C:\WINDOWS\System32\USER32.dll
0x00007ff868950000 - 0x00007ff868977000 	C:\WINDOWS\System32\win32u.dll
0x00007ff869750000 - 0x00007ff86977b000 	C:\WINDOWS\System32\GDI32.dll
0x00007ff869470000 - 0x00007ff86959c000 	C:\WINDOWS\System32\gdi32full.dll
0x00007ff8693c0000 - 0x00007ff869463000 	C:\WINDOWS\System32\msvcp_win.dll
0x00007ff85ef30000 - 0x00007ff85ef4e000 	c:\Users\Akanksha.Surve\.antigravity\extensions\redhat.java-1.54.0-win32-x64\jre\21.0.10-win32-x86_64\bin\VCRUNTIME140.dll
0x00007ff867d60000 - 0x00007ff867ff4000 	C:\WINDOWS\WinSxS\amd64_microsoft.windows.common-controls_6595b64144ccf1df_6.0.26100.7019_none_3e06ffa0e335b8a8\COMCTL32.dll
0x00007ff86ae80000 - 0x00007ff86af29000 	C:\WINDOWS\System32\msvcrt.dll
0x00007ff86a270000 - 0x00007ff86a2a1000 	C:\WINDOWS\System32\IMM32.DLL
0x00007ff85f0d0000 - 0x00007ff85f0dc000 	c:\Users\Akanksha.Surve\.antigravity\extensions\redhat.java-1.54.0-win32-x64\jre\21.0.10-win32-x86_64\bin\vcruntime140_1.dll
0x00007ff832bb0000 - 0x00007ff832c3d000 	c:\Users\Akanksha.Surve\.antigravity\extensions\redhat.java-1.54.0-win32-x64\jre\21.0.10-win32-x86_64\bin\msvcp140.dll
0x00007fffce0c0000 - 0x00007fffcee61000 	c:\Users\Akanksha.Surve\.antigravity\extensions\redhat.java-1.54.0-win32-x64\jre\21.0.10-win32-x86_64\bin\server\jvm.dll
0x00007ff86b4b0000 - 0x00007ff86b564000 	C:\WINDOWS\System32\ADVAPI32.dll
0x00007ff8696a0000 - 0x00007ff869746000 	C:\WINDOWS\System32\sechost.dll
0x00007ff86a770000 - 0x00007ff86a888000 	C:\WINDOWS\System32\RPCRT4.dll
0x00007ff86b6c0000 - 0x00007ff86b734000 	C:\WINDOWS\System32\WS2_32.dll
0x00007ff8687b0000 - 0x00007ff86880e000 	C:\WINDOWS\SYSTEM32\POWRPROF.dll
0x00007ff8640c0000 - 0x00007ff8640f5000 	C:\WINDOWS\SYSTEM32\WINMM.dll
0x00007ff856ad0000 - 0x00007ff856adb000 	C:\WINDOWS\SYSTEM32\VERSION.dll
0x00007ff868790000 - 0x00007ff8687a4000 	C:\WINDOWS\SYSTEM32\UMPDC.dll
0x00007ff866d40000 - 0x00007ff866d5b000 	C:\WINDOWS\SYSTEM32\kernel.appcore.dll
0x00007ff848420000 - 0x00007ff84842a000 	c:\Users\Akanksha.Surve\.antigravity\extensions\redhat.java-1.54.0-win32-x64\jre\21.0.10-win32-x86_64\bin\jimage.dll
0x00007ff868110000 - 0x00007ff868352000 	C:\WINDOWS\SYSTEM32\DBGHELP.DLL
0x00007ff869ee0000 - 0x00007ff86a26b000 	C:\WINDOWS\System32\combase.dll
0x00007ff86af40000 - 0x00007ff86b017000 	C:\WINDOWS\System32\OLEAUT32.dll
0x00007ff868000000 - 0x00007ff86803c000 	C:\WINDOWS\SYSTEM32\dbgcore.DLL
0x00007ff869130000 - 0x00007ff8691d5000 	C:\WINDOWS\System32\bcryptPrimitives.dll
0x00007ff848410000 - 0x00007ff84841f000 	c:\Users\Akanksha.Surve\.antigravity\extensions\redhat.java-1.54.0-win32-x64\jre\21.0.10-win32-x86_64\bin\instrument.dll
0x00007ff8479c0000 - 0x00007ff8479e0000 	c:\Users\Akanksha.Surve\.antigravity\extensions\redhat.java-1.54.0-win32-x64\jre\21.0.10-win32-x86_64\bin\java.dll
0x00007ff869780000 - 0x00007ff869ecf000 	C:\WINDOWS\System32\SHELL32.dll
0x00007ff868fc0000 - 0x00007ff86912b000 	C:\WINDOWS\System32\wintypes.dll
0x00007ff865a20000 - 0x00007ff86627d000 	C:\WINDOWS\SYSTEM32\windows.storage.dll
0x00007ff8695a0000 - 0x00007ff869692000 	C:\WINDOWS\System32\SHCORE.dll
0x00007ff86b750000 - 0x00007ff86b7b7000 	C:\WINDOWS\System32\shlwapi.dll
0x00007ff868870000 - 0x00007ff868899000 	C:\WINDOWS\SYSTEM32\profapi.dll
0x00007ff8453c0000 - 0x00007ff8453d8000 	c:\Users\Akanksha.Surve\.antigravity\extensions\redhat.java-1.54.0-win32-x64\jre\21.0.10-win32-x86_64\bin\zip.dll
0x00007ff83d600000 - 0x00007ff83d610000 	C:\Users\Akanksha.Surve\.antigravity\extensions\redhat.java-1.54.0-win32-x64\jre\21.0.10-win32-x86_64\bin\net.dll
0x00007ff860ad0000 - 0x00007ff860bf8000 	C:\WINDOWS\SYSTEM32\WINHTTP.dll
0x00007ff8672b0000 - 0x00007ff86731b000 	C:\WINDOWS\system32\mswsock.dll
0x00007ff832e60000 - 0x00007ff832e76000 	C:\Users\Akanksha.Surve\.antigravity\extensions\redhat.java-1.54.0-win32-x64\jre\21.0.10-win32-x86_64\bin\nio.dll
0x00007ff836880000 - 0x00007ff836890000 	c:\Users\Akanksha.Surve\.antigravity\extensions\redhat.java-1.54.0-win32-x64\jre\21.0.10-win32-x86_64\bin\verify.dll
0x00007ff82e770000 - 0x00007ff82e7b5000 	C:\Users\Akanksha.Surve\AppData\Roaming\Antigravity\User\globalStorage\redhat.java\1.54.0\config_win\org.eclipse.equinox.launcher\org.eclipse.equinox.launcher.win32.win32.x86_64_1.3.0.v20260203-2149\eclipse_11919.dll
0x00007ff86ac60000 - 0x00007ff86adf7000 	C:\WINDOWS\System32\ole32.dll
0x00007ff868480000 - 0x00007ff86849b000 	C:\WINDOWS\SYSTEM32\CRYPTSP.dll
0x00007ff867750000 - 0x00007ff86778a000 	C:\WINDOWS\system32\rsaenh.dll
0x00007ff867320000 - 0x00007ff86734b000 	C:\WINDOWS\SYSTEM32\USERENV.dll
0x00007ff868840000 - 0x00007ff86886a000 	C:\WINDOWS\SYSTEM32\bcrypt.dll
0x00007ff8679a0000 - 0x00007ff8679ac000 	C:\WINDOWS\SYSTEM32\CRYPTBASE.dll
0x00007ff866590000 - 0x00007ff8665c4000 	C:\WINDOWS\SYSTEM32\IPHLPAPI.DLL
0x00007ff86a310000 - 0x00007ff86a31a000 	C:\WINDOWS\System32\NSI.dll
0x00007ff82e720000 - 0x00007ff82e769000 	C:\Users\Akanksha.Surve\AppData\Local\Temp\jna-907455049\jna9742262645404752858.dll
0x00007ff86aae0000 - 0x00007ff86aae8000 	C:\WINDOWS\System32\PSAPI.DLL
0x00007ff860ef0000 - 0x00007ff860f0e000 	C:\WINDOWS\SYSTEM32\dhcpcsvc6.DLL
0x00007ff860d10000 - 0x00007ff860d33000 	C:\WINDOWS\SYSTEM32\dhcpcsvc.DLL
0x00007ff848850000 - 0x00007ff84885e000 	C:\Users\Akanksha.Surve\.antigravity\extensions\redhat.java-1.54.0-win32-x64\jre\21.0.10-win32-x86_64\bin\sunmscapi.dll
0x00007ff868e40000 - 0x00007ff868fb7000 	C:\WINDOWS\System32\CRYPT32.dll
0x00007ff867960000 - 0x00007ff867990000 	C:\WINDOWS\SYSTEM32\ncrypt.dll
0x00007ff867a10000 - 0x00007ff867a4f000 	C:\WINDOWS\SYSTEM32\NTASN1.dll
0x00007ff866620000 - 0x00007ff86674c000 	C:\WINDOWS\SYSTEM32\DNSAPI.dll
0x00007ff85f630000 - 0x00007ff85f63b000 	C:\Windows\System32\rasadhlp.dll
0x00007ff8610f0000 - 0x00007ff861176000 	C:\WINDOWS\System32\fwpuclnt.dll
0x00007ff848840000 - 0x00007ff848849000 	C:\Users\Akanksha.Surve\.antigravity\extensions\redhat.java-1.54.0-win32-x64\jre\21.0.10-win32-x86_64\bin\extnet.dll
0x00007ff8680d0000 - 0x00007ff868106000 	C:\WINDOWS\SYSTEM32\ntmarta.dll

JVMTI agents:
c:\Users\Akanksha.Surve\.antigravity\extensions\redhat.java-1.54.0-win32-x64\lombok\lombok-1.18.39-4050.jar path:c:\Users\Akanksha.Surve\.antigravity\extensions\redhat.java-1.54.0-win32-x64\jre\21.0.10-win32-x86_64\bin\instrument.dll, loaded, initialized, instrumentlib options:none

dbghelp: loaded successfully - version: 4.0.5 - missing functions: none
symbol engine: initialized successfully - sym options: 0x614 - pdb path: .;c:\Users\Akanksha.Surve\.antigravity\extensions\redhat.java-1.54.0-win32-x64\jre\21.0.10-win32-x86_64\bin;C:\WINDOWS\SYSTEM32;C:\WINDOWS\WinSxS\amd64_microsoft.windows.common-controls_6595b64144ccf1df_6.0.26100.7019_none_3e06ffa0e335b8a8;c:\Users\Akanksha.Surve\.antigravity\extensions\redhat.java-1.54.0-win32-x64\jre\21.0.10-win32-x86_64\bin\server;C:\Users\Akanksha.Surve\AppData\Roaming\Antigravity\User\globalStorage\redhat.java\1.54.0\config_win\org.eclipse.equinox.launcher\org.eclipse.equinox.launcher.win32.win32.x86_64_1.3.0.v20260203-2149;C:\Users\Akanksha.Surve\AppData\Local\Temp\jna-907455049

VM Arguments:
jvm_args: --add-modules=ALL-SYSTEM --add-opens=java.base/java.util=ALL-UNNAMED --add-opens=java.base/java.lang=ALL-UNNAMED --add-opens=java.base/sun.nio.fs=ALL-UNNAMED -Declipse.application=org.eclipse.jdt.ls.core.id1 -Dosgi.bundles.defaultStartLevel=4 -Declipse.product=org.eclipse.jdt.ls.core.product -Djava.import.generatesMetadataFilesAtProjectRoot=false -DDetectVMInstallationsJob.disabled=true -Dfile.encoding=utf8 -XX:+UseParallelGC -XX:GCTimeRatio=4 -XX:AdaptiveSizePolicyWeight=90 -Dsun.zip.disableMemoryMapping=true -Xmx2G -Xms100m -Xlog:disable -javaagent:c:\Users\Akanksha.Surve\.antigravity\extensions\redhat.java-1.54.0-win32-x64\lombok\lombok-1.18.39-4050.jar -XX:+HeapDumpOnOutOfMemoryError -XX:HeapDumpPath=c:\Users\Akanksha.Surve\AppData\Roaming\Antigravity\User\workspaceStorage\c3684e1d2115715f3b0a0c14ab701b21\redhat.java -Daether.dependencyCollector.impl=bf 
java_command: c:\Users\Akanksha.Surve\.antigravity\extensions\redhat.java-1.54.0-win32-x64\server\plugins\org.eclipse.equinox.launcher_1.7.100.v20251111-0406.jar -configuration c:\Users\Akanksha.Surve\AppData\Roaming\Antigravity\User\globalStorage\redhat.java\1.54.0\config_win -data c:\Users\Akanksha.Surve\AppData\Roaming\Antigravity\User\workspaceStorage\c3684e1d2115715f3b0a0c14ab701b21\redhat.java\jdt_ws --pipe=\\.\pipe\lsp-8c427450ca2fc7c50275bb9f6ab4c471-sock
java_class_path (initial): c:\Users\Akanksha.Surve\.antigravity\extensions\redhat.java-1.54.0-win32-x64\server\plugins\org.eclipse.equinox.launcher_1.7.100.v20251111-0406.jar
Launcher Type: SUN_STANDARD

[Global flags]
    uintx AdaptiveSizePolicyWeight                 = 90                                        {product} {command line}
     intx CICompilerCount                          = 12                                        {product} {ergonomic}
    uintx GCTimeRatio                              = 4                                         {product} {command line}
     bool HeapDumpOnOutOfMemoryError               = true                                   {manageable} {command line}
    ccstr HeapDumpPath                             = c:\Users\Akanksha.Surve\AppData\Roaming\Antigravity\User\workspaceStorage\c3684e1d2115715f3b0a0c14ab701b21\redhat.java         {manageable} {command line}
   size_t InitialHeapSize                          = 104857600                                 {product} {command line}
   size_t MaxHeapSize                              = 2147483648                                {product} {command line}
   size_t MaxNewSize                               = 715653120                                 {product} {ergonomic}
   size_t MinHeapDeltaBytes                        = 524288                                    {product} {ergonomic}
   size_t MinHeapSize                              = 104857600                                 {product} {command line}
   size_t NewSize                                  = 34603008                                  {product} {ergonomic}
    uintx NonNMethodCodeHeapSize                   = 7602480                                {pd product} {ergonomic}
    uintx NonProfiledCodeHeapSize                  = 122027880                              {pd product} {ergonomic}
   size_t OldSize                                  = 70254592                                  {product} {ergonomic}
    uintx ProfiledCodeHeapSize                     = 122027880                              {pd product} {ergonomic}
    uintx ReservedCodeCacheSize                    = 251658240                              {pd product} {ergonomic}
     bool SegmentedCodeCache                       = true                                      {product} {ergonomic}
   size_t SoftMaxHeapSize                          = 2147483648                             {manageable} {ergonomic}
     bool UseCompressedOops                        = true                           {product lp64_product} {ergonomic}
     bool UseLargePagesIndividualAllocation        = false                                  {pd product} {ergonomic}
     bool UseParallelGC                            = true                                      {product} {command line}

Logging:
Log output configuration:
 #0: stdout all=off uptime,level,tags foldmultilines=false
 #1: stderr all=off uptime,level,tags foldmultilines=false

Release file:
JAVA_VERSION="21.0.10" 
MODULES="java.base java.compiler java.datatransfer java.xml java.prefs java.desktop java.instrument java.logging java.management java.security.sasl java.naming java.rmi java.management.rmi java.net.http java.scripting java.security.jgss java.transaction.xa java.sql java.sql.rowset java.xml.crypto java.se java.smartcardio jdk.accessibility jdk.internal.jvmstat jdk.attach jdk.charsets jdk.internal.opt jdk.zipfs jdk.compiler jdk.crypto.ec jdk.crypto.cryptoki jdk.crypto.mscapi jdk.dynalink jdk.internal.ed jdk.editpad jdk.hotspot.agent jdk.httpserver jdk.internal.le jdk.internal.vm.ci jdk.internal.vm.compiler jdk.internal.vm.compiler.management jdk.jartool jdk.javadoc jdk.jcmd jdk.management jdk.management.agent jdk.jconsole jdk.jdeps jdk.jdwp.agent jdk.jdi jdk.jfr jdk.jshell jdk.jsobject jdk.jstatd jdk.localedata jdk.management.jfr jdk.naming.dns jdk.naming.rmi jdk.net jdk.nio.mapmode jdk.random jdk.sctp jdk.security.auth jdk.security.jgss jdk.unsupported jdk.unsupported.desktop jdk.xml.dom" 

Environment Variables:
PATH=C:\Program Files\Common Files\Oracle\Java\javapath;C:\Program Files (x86)\Common Files\Oracle\Java\javapath;C:\WINDOWS\system32;C:\WINDOWS;C:\WINDOWS\System32\Wbem;C:\WINDOWS\System32\WindowsPowerShell\v1.0\;C:\WINDOWS\System32\OpenSSH\;C:\Program Files\PuTTY\;C:\Program Files\nodejs\;C:\Users\Akanksha.Surve\AppData\Local\Microsoft\WindowsApps;C:\Users\Akanksha.Surve\AppData\Roaming\npm;C:\Users\Akanksha.Surve\AppData\Local\Programs\Git\cmd;C:\Users\Akanksha.Surve\AppData\Local\Programs\Antigravity\bin
USERNAME=Akanksha.Surve
OS=Windows_NT
PROCESSOR_IDENTIFIER=Intel64 Family 6 Model 191 Stepping 2, GenuineIntel
TMP=C:\Users\AKANKS~1.SUR\AppData\Local\Temp
TEMP=C:\Users\AKANKS~1.SUR\AppData\Local\Temp




Periodic native trim disabled

---------------  S Y S T E M  ---------------

OS:
 Windows 11 , 64 bit Build 26100 (10.0.26100.7019)
OS uptime: 0 days 23:05 hours
Hyper-V role detected

CPU: total 16 (initial active 16) (8 cores per cpu, 2 threads per core) family 6 model 191 stepping 2 microcode 0x3a, cx8, cmov, fxsr, ht, mmx, 3dnowpref, sse, sse2, sse3, ssse3, sse4.1, sse4.2, popcnt, lzcnt, tsc, tscinvbit, avx, avx2, aes, erms, clmul, bmi1, bmi2, adx, sha, fma, vzeroupper, clflush, clflushopt, clwb, hv, serialize, rdtscp, rdpid, fsrm, f16c, cet_ibt, cet_ss
Processor Information for the first 16 processors :
  Max Mhz: 2500, Current Mhz: 2500, Mhz Limit: 2500

Memory: 4k page, system-wide physical 32454M (14094M free)
TotalPageFile size 34502M (AvailPageFile size 10418M)
current process WorkingSet (physical memory assigned to process): 993M, peak: 1715M
current process commit charge ("private bytes"): 1121M, peak: 1823M

vm_info: OpenJDK 64-Bit Server VM (21.0.10+7-LTS) for windows-amd64 JRE (21.0.10+7-LTS), built on 2026-01-20T00:00:00Z by "admin" with MS VC++ 17.12 (VS2022)

END.
