#
# A fatal error has been detected by the Java Runtime Environment:
#
#  EXCEPTION_ILLEGAL_INSTRUCTION (0xc000001d) at pc=0x000001b8ba30bf20, pid=19644, tid=8472
#
# JRE version: OpenJDK Runtime Environment Temurin-21.0.10+7 (21.0.10+7) (build 21.0.10+7-LTS)
# Java VM: OpenJDK 64-Bit Server VM Temurin-21.0.10+7 (21.0.10+7-LTS, mixed mode, sharing, tiered, compressed oops, compressed class ptrs, parallel gc, windows-amd64)
# Problematic frame:
# J 20115 c2 org.eclipse.jdt.internal.compiler.lookup.ModuleBinding$UnNamedModule.canAccess(Lorg/eclipse/jdt/internal/compiler/lookup/PackageBinding;)Z (77 bytes) @ 0x000001b8ba30bf20 [0x000001b8ba30be60+0x00000000000000c0]
#
# No core dump will be written. Minidumps are not enabled by default on client versions of Windows
#
# If you would like to submit a bug report, please visit:
#   https://github.com/adoptium/adoptium-support/issues
#

---------------  S U M M A R Y ------------

Command Line: --add-modules=ALL-SYSTEM --add-opens=java.base/java.util=ALL-UNNAMED --add-opens=java.base/java.lang=ALL-UNNAMED --add-opens=java.base/sun.nio.fs=ALL-UNNAMED -Declipse.application=org.eclipse.jdt.ls.core.id1 -Dosgi.bundles.defaultStartLevel=4 -Declipse.product=org.eclipse.jdt.ls.core.product -Djava.import.generatesMetadataFilesAtProjectRoot=false -DDetectVMInstallationsJob.disabled=true -Dfile.encoding=utf8 -XX:+UseParallelGC -XX:GCTimeRatio=4 -XX:AdaptiveSizePolicyWeight=90 -Dsun.zip.disableMemoryMapping=true -Xmx2G -Xms100m -Xlog:disable -javaagent:c:\Users\Akanksha.Surve\.antigravity\extensions\redhat.java-1.54.0-win32-x64\lombok\lombok-1.18.39-4050.jar -XX:+HeapDumpOnOutOfMemoryError -XX:HeapDumpPath=c:\Users\Akanksha.Surve\AppData\Roaming\Antigravity\User\workspaceStorage\c3684e1d2115715f3b0a0c14ab701b21\redhat.java -Daether.dependencyCollector.impl=bf c:\Users\Akanksha.Surve\.antigravity\extensions\redhat.java-1.54.0-win32-x64\server\plugins\org.eclipse.equinox.launcher_1.7.100.v20251111-0406.jar -configuration c:\Users\Akanksha.Surve\AppData\Roaming\Antigravity\User\globalStorage\redhat.java\1.54.0\config_win -data c:\Users\Akanksha.Surve\AppData\Roaming\Antigravity\User\workspaceStorage\c3684e1d2115715f3b0a0c14ab701b21\redhat.java\jdt_ws --pipe=\\.\pipe\lsp-c5c74b4ac816a19a763b0e449fd480fb-sock

Host: Intel(R) Core(TM) i5-14400, 16 cores, 31G,  Windows 11 , 64 bit Build 26100 (10.0.26100.7019)
Time: Fri May  8 09:59:57 2026 India Standard Time elapsed time: 59439.360070 seconds (0d 16h 30m 39s)

---------------  T H R E A D  ---------------

Current thread (0x000001b90f5f82b0):  JavaThread "ForkJoinPool.commonPool-worker-24" daemon [_thread_in_Java, id=8472, stack(0x0000002bcc800000,0x0000002bcc900000) (1024K)]

Stack: [0x0000002bcc800000,0x0000002bcc900000],  sp=0x0000002bcc8fe2d0,  free space=1016k
Native frames: (J=compiled Java code, j=interpreted, Vv=VM code, C=native code)
C  0x000001b8ba30bf20

The last pc belongs to nmethod (printed below).

siginfo: EXCEPTION_ILLEGAL_INSTRUCTION (0xc000001d)


Registers:
RAX=0x000001b8c7612080, RBX=0x000001b8c75d4200, RCX=0x0000000000019fbe, RDX=0x00000000d56b7fe0
RSP=0x0000002bcc8fe2d0, RBP=0x00000000d5881750, RSI=0x00000000d58c9288, RDI=0x00000000d56b7fe0
R8 =0x00000000d58816b8, R9 =0x00000000d58c9288, R10=0x00000000d58816b8, R11=0x0000000000000002
R12=0x0000000000000000, R13=0x0000000086df83f8, R14=0x00000000d59905a0, R15=0x000001b90f5f82b0
RIP=0x000001b8ba30bf20, EFLAGS=0x0000000000010202

XMM[0]=0x0000000000000000 0x0000000000000000
XMM[1]=0x0000000000000000 0x0000000000000000
XMM[2]=0xff00ff00ff00ff00 0xff00ff00ff00ff00
XMM[3]=0x0000000000000000 0x6e616c2e6176616a
XMM[4]=0x0000000000000000 0x00000000d58816b8
XMM[5]=0x0000000000000000 0x0000000000000040
XMM[6]=0x0000000000000000 0xecbf1419d2dc4b20
XMM[7]=0x0000000000000000 0x0000000000000020
XMM[8]=0x0000000000000000 0x7c904bbccd502083
XMM[9]=0x0000000000000000 0xe1e25b2854e0ed8b
XMM[10]=0x0000000000000000 0x0000000072fe9263
XMM[11]=0x0000000000000000 0xa9f44200fed52f8b
XMM[12]=0x0000000000000000 0x0000000054e0ed8b
XMM[13]=0x0000000000000000 0x0000000000000000
XMM[14]=0x0000000000000000 0x0000000000000000
XMM[15]=0x0000000000000000 0x0000000000000000
  MXCSR=0x00001fa0


Register to memory mapping:

RAX=0x000001b8c7612080 is a pointer to class: 
org.eclipse.jdt.internal.compiler.lookup.ModuleBinding$UnNamedModule {0x000001b8c7612088}
 - instance size:     14
 - klass size:        140
 - access:            public synchronized 
 - flags:             rewritten has_nonstatic_fields should_verify_class has_localvariable_table 
 - state:             fully_initialized
 - name:              'org/eclipse/jdt/internal/compiler/lookup/ModuleBinding$UnNamedModule'
 - super:             'org/eclipse/jdt/internal/compiler/lookup/ModuleBinding'
 - sub:               
 - arrays:            null
 - methods:           Array<T>(0x000001b90cf28808)
 - method ordering:   Array<T>(0x000001b8c6a80370)
 - local interfaces:  Array<T>(0x000001b8c66112b0)
 - trans. interfaces: Array<T>(0x000001b90b7839c8)
 - secondary supers: Array<T>(0x000001b90b7839c8)
 - hash_slot:         13
 - bitmap:            0x0000000000000200
 - constants:         constant pool [161] {0x000001b90cf28258} for 'org/eclipse/jdt/internal/compiler/lookup/ModuleBinding$UnNamedModule' cache=0x000001b90cf6c118
 - class loader data:  loader data: 0x000001b90eaf1c40 for instance a 'org/eclipse/osgi/internal/loader/EquinoxClassLoader'{0x00000000805a5548}
 - source file:       'ModuleBinding.java'
 - inner classes:     Array<T>(0x000001b90cf291e0)
 - nest members:     Array<T>(0x000001b8c6611238)
 - permitted subclasses:     Array<T>(0x000001b8c6611238)
 - java mirror:       a 'java/lang/Class'{0x0000000083addf70} = 'org/eclipse/jdt/internal/compiler/lookup/ModuleBinding$UnNamedModule'
 - vtable length      72  (start addr: 0x000001b8c7612250)
 - itable length      9 (start addr: 0x000001b8c7612490)
 - ---- static fields (1 words):
 - private static final 'UNNAMED_READABLE_NAME' '[C' @112 
 - ---- non-static fields (24 words):
 - public 'extendedTagBits' 'I' @12 
 - public 'tagBits' 'J' @16 
 - public 'modifiers' 'I' @24 
 - public 'defaultNullness' 'I' @28 
 - 'isAuto' 'Z' @32 
 - public 'moduleName' '[C' @36 
 - protected 'requires' '[Lorg/eclipse/jdt/internal/compiler/lookup/ModuleBinding;' @40 
 - protected 'requiresTransitive' '[Lorg/eclipse/jdt/internal/compiler/lookup/ModuleBinding;' @44 
 - protected 'exportedPackages' '[Lorg/eclipse/jdt/internal/compiler/lookup/PlainPackageBinding;' @48 
 - private 'exportRestrictions' 'Ljava/util/Map;' @52 
 - protected 'openedPackages' '[Lorg/eclipse/jdt/internal/compiler/lookup/PlainPackageBinding;' @56 
 - private 'openRestrictions' 'Ljava/util/Map;' @60 
 - protected 'uses' '[Lorg/eclipse/jdt/internal/compiler/lookup/TypeBinding;' @64 
 - protected 'services' '[Lorg/eclipse/jdt/internal/compiler/lookup/TypeBinding;' @68 
 - public 'implementations' 'Ljava/util/Map;' @72 
 - public 'mainClassName' '[C' @76 
 - private 'packageNames' 'Lorg/eclipse/jdt/internal/compiler/util/SimpleSetOfCharArray;' @80 
 - public 'environment' 'Lorg/eclipse/jdt/internal/compiler/lookup/LookupEnvironment;' @84 
 - 'requiredModules' '[Lorg/eclipse/jdt/internal/compiler/lookup/ModuleBinding;' @88 
 - private final 'isComplete' '[Z' @92 
 - private 'transitiveRequires' 'Ljava/util/Set;' @96 
 - 'storedAnnotations' 'Ljava/util/Map;' @100 
 - public 'declaredPackages' 'Lorg/eclipse/jdt/internal/compiler/util/HashtableOfPackage;' @104 
 - non-static oop maps: 36-104 
RBX=0x000001b8c75d4200 is a pointer to class: 
org.eclipse.jdt.internal.core.JarPackageFragmentInfo {0x000001b8c75d4208}
 - instance size:     4
 - klass size:        79
 - access:            synchronized 
 - flags:             rewritten has_nonstatic_fields should_verify_class has_localvariable_table 
 - state:             fully_initialized
 - name:              'org/eclipse/jdt/internal/core/JarPackageFragmentInfo'
 - super:             'org/eclipse/jdt/internal/core/PackageFragmentInfo'
 - sub:               
 - arrays:            null
 - methods:           Array<T>(0x000001b90ce2a660)
 - method ordering:   Array<T>(0x000001b8c6a80370)
 - local interfaces:  Array<T>(0x000001b8c66112b0)
 - trans. interfaces: Array<T>(0x000001b90b4d69d0)
 - secondary supers: Array<T>(0x000001b90ce2a7d8)
 - hash_slot:         22
 - bitmap:            0x0000000000400001
 - constants:         constant pool [22] {0x000001b90ce2a558} for 'org/eclipse/jdt/internal/core/JarPackageFragmentInfo' cache=0x000001b90ce45668
 - class loader data:  loader data: 0x000001b90eaed620 for instance a 'org/eclipse/osgi/internal/loader/EquinoxClassLoader'{0x00000000805a2280}
 - source file:       'JarPackageFragmentInfo.java'
 - inner classes:     Array<T>(0x000001b8c6611238)
 - nest members:     Array<T>(0x000001b8c6611238)
 - permitted subclasses:     Array<T>(0x000001b8c6611238)
 - java mirror:       a 'java/lang/Class'{0x0000000083141818} = 'org/eclipse/jdt/internal/core/JarPackageFragmentInfo'
 - vtable length      18  (start addr: 0x000001b8c75d43d0)
 - itable length      2 (start addr: 0x000001b8c75d4460)
 - ---- static fields (0 words):
 - ---- non-static fields (4 words):
 - protected 'isStructureKnown' 'Z' @12 
 - protected volatile 'children' '[Lorg/eclipse/jdt/core/IJavaElement;' @16 
 - protected 'module' 'Lorg/eclipse/jdt/core/IModuleDescription;' @20 
 - protected 'nonJavaResources' '[Ljava/lang/Object;' @24 
 - non-static oop maps: 16-24 
RCX=0x0000000000019fbe is an unknown value
RDX=0x00000000d56b7fe0 is an oop: org.eclipse.jdt.internal.compiler.lookup.ModuleBinding$UnNamedModule 
{0x00000000d56b7fe0} - klass: 'org/eclipse/jdt/internal/compiler/lookup/ModuleBinding$UnNamedModule'
 - ---- fields (total size 14 words):
 - public 'extendedTagBits' 'I' @12  0 (0x00000000)
 - public 'tagBits' 'J' @16  0 (0x0000000000000000)
 - public 'modifiers' 'I' @24  0 (0x00000000)
 - public 'defaultNullness' 'I' @28  0 (0x00000000)
 - 'isAuto' 'Z' @32  false (0x00)
 - public 'moduleName' '[C' @36  [C{0x0000000083b5f518} (0x83b5f518)
 - protected 'requires' '[Lorg/eclipse/jdt/internal/compiler/lookup/ModuleBinding;' @40  a 'org/eclipse/jdt/internal/compiler/lookup/ModuleBinding'[0] {0x0000000081104f58} (0x81104f58)
 - protected 'requiresTransitive' '[Lorg/eclipse/jdt/internal/compiler/lookup/ModuleBinding;' @44  a 'org/eclipse/jdt/internal/compiler/lookup/ModuleBinding'[0] {0x0000000081104f58} (0x81104f58)
 - protected 'exportedPackages' '[Lorg/eclipse/jdt/internal/compiler/lookup/PlainPackageBinding;' @48  a 'org/eclipse/jdt/internal/compiler/lookup/PlainPackageBinding'[0] {0x0000000081104f38} (0x81104f38)
 - private 'exportRestrictions' 'Ljava/util/Map;' @52  null (0x00000000)
 - protected 'openedPackages' '[Lorg/eclipse/jdt/internal/compiler/lookup/PlainPackageBinding;' @56  a 'org/eclipse/jdt/internal/compiler/lookup/PlainPackageBinding'[0] {0x0000000081104f38} (0x81104f38)
 - private 'openRestrictions' 'Ljava/util/Map;' @60  null (0x00000000)
 - protected 'uses' '[Lorg/eclipse/jdt/internal/compiler/lookup/TypeBinding;' @64  null (0x00000000)
 - protected 'services' '[Lorg/eclipse/jdt/internal/compiler/lookup/TypeBinding;' @68  null (0x00000000)
 - public 'implementations' 'Ljava/util/Map;' @72  null (0x00000000)
 - public 'mainClassName' '[C' @76  null (0x00000000)
 - private 'packageNames' 'Lorg/eclipse/jdt/internal/compiler/util/SimpleSetOfCharArray;' @80  null (0x00000000)
 - public 'environment' 'Lorg/eclipse/jdt/internal/compiler/lookup/LookupEnvironment;' @84  a 'org/eclipse/jdt/internal/compiler/lookup/LookupEnvironment'{0x00000000d56b7f18} (0xd56b7f18)
 - 'requiredModules' '[Lorg/eclipse/jdt/internal/compiler/lookup/ModuleBinding;' @88  null (0x00000000)
 - private final 'isComplete' '[Z' @92  [Z{0x00000000d56b8068} (0xd56b8068)
 - private 'transitiveRequires' 'Ljava/util/Set;' @96  null (0x00000000)
 - 'storedAnnotations' 'Ljava/util/Map;' @100  null (0x00000000)
 - public 'declaredPackages' 'Lorg/eclipse/jdt/internal/compiler/util/HashtableOfPackage;' @104  a 'org/eclipse/jdt/internal/compiler/util/HashtableOfPackage'{0x00000000d56b8080} (0xd56b8080)
RSP=0x0000002bcc8fe2d0 is pointing into the stack for thread: 0x000001b90f5f82b0
RBP=0x00000000d5881750 is an oop: [Z 
{0x00000000d5881750} - klass: {type array bool}
 - length: 2
RSI=0x00000000d58c9288 is an oop: org.eclipse.jdt.internal.compiler.lookup.PlainPackageBinding 
{0x00000000d58c9288} - klass: 'org/eclipse/jdt/internal/compiler/lookup/PlainPackageBinding'
 - ---- fields (total size 8 words):
 - public 'extendedTagBits' 'I' @12  0 (0x00000000)
 - public 'tagBits' 'J' @16  0 (0x0000000000000000)
 - private 'defaultNullness' 'I' @24  -1 (0xffffffff)
 - public 'compoundName' '[[C' @28  a {type array char}[2] {0x00000000d58c91e8} (0xd58c91e8)
 - 'parent' 'Lorg/eclipse/jdt/internal/compiler/lookup/PackageBinding;' @32  a 'org/eclipse/jdt/internal/compiler/lookup/PlainPackageBinding'{0x00000000d58c9030} (0xd58c9030)
 - 'wrappingSplitPackageBindings' 'Ljava/util/ArrayList;' @36  a 'java/util/ArrayList'{0x00000000d5989468} (0xd5989468)
 - public 'environment' 'Lorg/eclipse/jdt/internal/compiler/lookup/LookupEnvironment;' @40  a 'org/eclipse/jdt/internal/compiler/lookup/LookupEnvironment'{0x00000000d5881768} (0xd5881768)
 - public 'knownTypes' 'Lorg/eclipse/jdt/internal/compiler/util/HashtableOfType;' @44  null (0x00000000)
 - 'knownPackages' 'Lorg/eclipse/jdt/internal/compiler/util/HashtableOfPackage;' @48  a 'org/eclipse/jdt/internal/compiler/util/HashtableOfPackage'{0x00000000d58c92c8} (0xd58c92c8)
 - public 'enclosingModule' 'Lorg/eclipse/jdt/internal/compiler/lookup/ModuleBinding;' @52  a 'org/eclipse/jdt/internal/compiler/lookup/BinaryModuleBinding'{0x00000000d58816b8} (0xd58816b8)
 - 'isExported' 'Ljava/lang/Boolean;' @56  a 'java/lang/Boolean'{0x0000000080003918} = true (0x80003918)
RDI=0x00000000d56b7fe0 is an oop: org.eclipse.jdt.internal.compiler.lookup.ModuleBinding$UnNamedModule 
{0x00000000d56b7fe0} - klass: 'org/eclipse/jdt/internal/compiler/lookup/ModuleBinding$UnNamedModule'
 - ---- fields (total size 14 words):
 - public 'extendedTagBits' 'I' @12  0 (0x00000000)
 - public 'tagBits' 'J' @16  0 (0x0000000000000000)
 - public 'modifiers' 'I' @24  0 (0x00000000)
 - public 'defaultNullness' 'I' @28  0 (0x00000000)
 - 'isAuto' 'Z' @32  false (0x00)
 - public 'moduleName' '[C' @36  [C{0x0000000083b5f518} (0x83b5f518)
 - protected 'requires' '[Lorg/eclipse/jdt/internal/compiler/lookup/ModuleBinding;' @40  a 'org/eclipse/jdt/internal/compiler/lookup/ModuleBinding'[0] {0x0000000081104f58} (0x81104f58)
 - protected 'requiresTransitive' '[Lorg/eclipse/jdt/internal/compiler/lookup/ModuleBinding;' @44  a 'org/eclipse/jdt/internal/compiler/lookup/ModuleBinding'[0] {0x0000000081104f58} (0x81104f58)
 - protected 'exportedPackages' '[Lorg/eclipse/jdt/internal/compiler/lookup/PlainPackageBinding;' @48  a 'org/eclipse/jdt/internal/compiler/lookup/PlainPackageBinding'[0] {0x0000000081104f38} (0x81104f38)
 - private 'exportRestrictions' 'Ljava/util/Map;' @52  null (0x00000000)
 - protected 'openedPackages' '[Lorg/eclipse/jdt/internal/compiler/lookup/PlainPackageBinding;' @56  a 'org/eclipse/jdt/internal/compiler/lookup/PlainPackageBinding'[0] {0x0000000081104f38} (0x81104f38)
 - private 'openRestrictions' 'Ljava/util/Map;' @60  null (0x00000000)
 - protected 'uses' '[Lorg/eclipse/jdt/internal/compiler/lookup/TypeBinding;' @64  null (0x00000000)
 - protected 'services' '[Lorg/eclipse/jdt/internal/compiler/lookup/TypeBinding;' @68  null (0x00000000)
 - public 'implementations' 'Ljava/util/Map;' @72  null (0x00000000)
 - public 'mainClassName' '[C' @76  null (0x00000000)
 - private 'packageNames' 'Lorg/eclipse/jdt/internal/compiler/util/SimpleSetOfCharArray;' @80  null (0x00000000)
 - public 'environment' 'Lorg/eclipse/jdt/internal/compiler/lookup/LookupEnvironment;' @84  a 'org/eclipse/jdt/internal/compiler/lookup/LookupEnvironment'{0x00000000d56b7f18} (0xd56b7f18)
 - 'requiredModules' '[Lorg/eclipse/jdt/internal/compiler/lookup/ModuleBinding;' @88  null (0x00000000)
 - private final 'isComplete' '[Z' @92  [Z{0x00000000d56b8068} (0xd56b8068)
 - private 'transitiveRequires' 'Ljava/util/Set;' @96  null (0x00000000)
 - 'storedAnnotations' 'Ljava/util/Map;' @100  null (0x00000000)
 - public 'declaredPackages' 'Lorg/eclipse/jdt/internal/compiler/util/HashtableOfPackage;' @104  a 'org/eclipse/jdt/internal/compiler/util/HashtableOfPackage'{0x00000000d56b8080} (0xd56b8080)
R8 =0x00000000d58816b8 is an oop: org.eclipse.jdt.internal.compiler.lookup.BinaryModuleBinding 
{0x00000000d58816b8} - klass: 'org/eclipse/jdt/internal/compiler/lookup/BinaryModuleBinding'
 - ---- fields (total size 16 words):
 - public 'extendedTagBits' 'I' @12  0 (0x00000000)
 - public 'tagBits' 'J' @16  0 (0x0000000000000000)
 - public 'modifiers' 'I' @24  0 (0x00000000)
 - public 'defaultNullness' 'I' @28  0 (0x00000000)
 - 'isAuto' 'Z' @32  false (0x00)
 - public 'moduleName' '[C' @36  [C{0x0000000083194ff8} (0x83194ff8)
 - protected 'requires' '[Lorg/eclipse/jdt/internal/compiler/lookup/ModuleBinding;' @40  a 'org/eclipse/jdt/internal/compiler/lookup/ModuleBinding'[0] {0x00000000d5881a40} (0xd5881a40)
 - protected 'requiresTransitive' '[Lorg/eclipse/jdt/internal/compiler/lookup/ModuleBinding;' @44  a 'org/eclipse/jdt/internal/compiler/lookup/ModuleBinding'[0] {0x00000000d5881a50} (0xd5881a50)
 - protected 'exportedPackages' '[Lorg/eclipse/jdt/internal/compiler/lookup/PlainPackageBinding;' @48  a 'org/eclipse/jdt/internal/compiler/lookup/PlainPackageBinding'[121] {0x00000000d58c8da0} (0xd58c8da0)
 - private 'exportRestrictions' 'Ljava/util/Map;' @52  a 'java/util/HashMap'{0x00000000d58d1980} (0xd58d1980)
 - protected 'openedPackages' '[Lorg/eclipse/jdt/internal/compiler/lookup/PlainPackageBinding;' @56  a 'org/eclipse/jdt/internal/compiler/lookup/PlainPackageBinding'[0] {0x00000000d58df408} (0xd58df408)
 - private 'openRestrictions' 'Ljava/util/Map;' @60  null (0x00000000)
 - protected 'uses' '[Lorg/eclipse/jdt/internal/compiler/lookup/TypeBinding;' @64  null (0x00000000)
 - protected 'services' '[Lorg/eclipse/jdt/internal/compiler/lookup/TypeBinding;' @68  null (0x00000000)
 - public 'implementations' 'Ljava/util/Map;' @72  null (0x00000000)
 - public 'mainClassName' '[C' @76  null (0x00000000)
 - private 'packageNames' 'Lorg/eclipse/jdt/internal/compiler/util/SimpleSetOfCharArray;' @80  null (0x00000000)
 - public 'environment' 'Lorg/eclipse/jdt/internal/compiler/lookup/LookupEnvironment;' @84  a 'org/eclipse/jdt/internal/compiler/lookup/LookupEnvironment'{0x00000000d5881768} (0xd5881768)
 - 'requiredModules' '[Lorg/eclipse/jdt/internal/compiler/lookup/ModuleBinding;' @88  a 'org/eclipse/jdt/internal/compiler/lookup/ModuleBinding'[0] {0x0000000081104f58} (0x81104f58)
 - private final 'isComplete' '[Z' @92  [Z{0x00000000d5881750} (0xd5881750)
 - private 'transitiveRequires' 'Ljava/util/Set;' @96  null (0x00000000)
 - 'storedAnnotations' 'Ljava/util/Map;' @100  null (0x00000000)
 - public 'declaredPackages' 'Lorg/eclipse/jdt/internal/compiler/util/HashtableOfPackage;' @104  a 'org/eclipse/jdt/internal/compiler/util/HashtableOfPackage'{0x00000000d58819c0} (0xd58819c0)
 - private 'unresolvedExports' '[Lorg/eclipse/jdt/internal/compiler/env/IModule$IPackageExport;' @108  a 'org/eclipse/jdt/internal/compiler/classfmt/ModuleInfo$PackageExportInfo'[121] {0x0000000083195050} (0x83195050)
 - private 'unresolvedOpens' '[Lorg/eclipse/jdt/internal/compiler/env/IModule$IPackageExport;' @112  a 'org/eclipse/jdt/internal/compiler/classfmt/ModuleInfo$PackageExportInfo'[0] {0x0000000083197940} (0x83197940)
 - private 'unresolvedUses' '[[C' @116  a {type array char}[36] {0x0000000083196bc0} (0x83196bc0)
 - private 'unresolvedProvides' '[Lorg/eclipse/jdt/internal/compiler/env/IModule$IService;' @120  a 'org/eclipse/jdt/internal/compiler/classfmt/ModuleInfo$ServiceInfo'[2] {0x0000000083196978} (0x83196978)
 - public 'path' 'Ljava/net/URI;' @124  null (0x00000000)
R9 =0x00000000d58c9288 is an oop: org.eclipse.jdt.internal.compiler.lookup.PlainPackageBinding 
{0x00000000d58c9288} - klass: 'org/eclipse/jdt/internal/compiler/lookup/PlainPackageBinding'
 - ---- fields (total size 8 words):
 - public 'extendedTagBits' 'I' @12  0 (0x00000000)
 - public 'tagBits' 'J' @16  0 (0x0000000000000000)
 - private 'defaultNullness' 'I' @24  -1 (0xffffffff)
 - public 'compoundName' '[[C' @28  a {type array char}[2] {0x00000000d58c91e8} (0xd58c91e8)
 - 'parent' 'Lorg/eclipse/jdt/internal/compiler/lookup/PackageBinding;' @32  a 'org/eclipse/jdt/internal/compiler/lookup/PlainPackageBinding'{0x00000000d58c9030} (0xd58c9030)
 - 'wrappingSplitPackageBindings' 'Ljava/util/ArrayList;' @36  a 'java/util/ArrayList'{0x00000000d5989468} (0xd5989468)
 - public 'environment' 'Lorg/eclipse/jdt/internal/compiler/lookup/LookupEnvironment;' @40  a 'org/eclipse/jdt/internal/compiler/lookup/LookupEnvironment'{0x00000000d5881768} (0xd5881768)
 - public 'knownTypes' 'Lorg/eclipse/jdt/internal/compiler/util/HashtableOfType;' @44  null (0x00000000)
 - 'knownPackages' 'Lorg/eclipse/jdt/internal/compiler/util/HashtableOfPackage;' @48  a 'org/eclipse/jdt/internal/compiler/util/HashtableOfPackage'{0x00000000d58c92c8} (0xd58c92c8)
 - public 'enclosingModule' 'Lorg/eclipse/jdt/internal/compiler/lookup/ModuleBinding;' @52  a 'org/eclipse/jdt/internal/compiler/lookup/BinaryModuleBinding'{0x00000000d58816b8} (0xd58816b8)
 - 'isExported' 'Ljava/lang/Boolean;' @56  a 'java/lang/Boolean'{0x0000000080003918} = true (0x80003918)
R10=0x00000000d58816b8 is an oop: org.eclipse.jdt.internal.compiler.lookup.BinaryModuleBinding 
{0x00000000d58816b8} - klass: 'org/eclipse/jdt/internal/compiler/lookup/BinaryModuleBinding'
 - ---- fields (total size 16 words):
 - public 'extendedTagBits' 'I' @12  0 (0x00000000)
 - public 'tagBits' 'J' @16  0 (0x0000000000000000)
 - public 'modifiers' 'I' @24  0 (0x00000000)
 - public 'defaultNullness' 'I' @28  0 (0x00000000)
 - 'isAuto' 'Z' @32  false (0x00)
 - public 'moduleName' '[C' @36  [C{0x0000000083194ff8} (0x83194ff8)
 - protected 'requires' '[Lorg/eclipse/jdt/internal/compiler/lookup/ModuleBinding;' @40  a 'org/eclipse/jdt/internal/compiler/lookup/ModuleBinding'[0] {0x00000000d5881a40} (0xd5881a40)
 - protected 'requiresTransitive' '[Lorg/eclipse/jdt/internal/compiler/lookup/ModuleBinding;' @44  a 'org/eclipse/jdt/internal/compiler/lookup/ModuleBinding'[0] {0x00000000d5881a50} (0xd5881a50)
 - protected 'exportedPackages' '[Lorg/eclipse/jdt/internal/compiler/lookup/PlainPackageBinding;' @48  a 'org/eclipse/jdt/internal/compiler/lookup/PlainPackageBinding'[121] {0x00000000d58c8da0} (0xd58c8da0)
 - private 'exportRestrictions' 'Ljava/util/Map;' @52  a 'java/util/HashMap'{0x00000000d58d1980} (0xd58d1980)
 - protected 'openedPackages' '[Lorg/eclipse/jdt/internal/compiler/lookup/PlainPackageBinding;' @56  a 'org/eclipse/jdt/internal/compiler/lookup/PlainPackageBinding'[0] {0x00000000d58df408} (0xd58df408)
 - private 'openRestrictions' 'Ljava/util/Map;' @60  null (0x00000000)
 - protected 'uses' '[Lorg/eclipse/jdt/internal/compiler/lookup/TypeBinding;' @64  null (0x00000000)
 - protected 'services' '[Lorg/eclipse/jdt/internal/compiler/lookup/TypeBinding;' @68  null (0x00000000)
 - public 'implementations' 'Ljava/util/Map;' @72  null (0x00000000)
 - public 'mainClassName' '[C' @76  null (0x00000000)
 - private 'packageNames' 'Lorg/eclipse/jdt/internal/compiler/util/SimpleSetOfCharArray;' @80  null (0x00000000)
 - public 'environment' 'Lorg/eclipse/jdt/internal/compiler/lookup/LookupEnvironment;' @84  a 'org/eclipse/jdt/internal/compiler/lookup/LookupEnvironment'{0x00000000d5881768} (0xd5881768)
 - 'requiredModules' '[Lorg/eclipse/jdt/internal/compiler/lookup/ModuleBinding;' @88  a 'org/eclipse/jdt/internal/compiler/lookup/ModuleBinding'[0] {0x0000000081104f58} (0x81104f58)
 - private final 'isComplete' '[Z' @92  [Z{0x00000000d5881750} (0xd5881750)
 - private 'transitiveRequires' 'Ljava/util/Set;' @96  null (0x00000000)
 - 'storedAnnotations' 'Ljava/util/Map;' @100  null (0x00000000)
 - public 'declaredPackages' 'Lorg/eclipse/jdt/internal/compiler/util/HashtableOfPackage;' @104  a 'org/eclipse/jdt/internal/compiler/util/HashtableOfPackage'{0x00000000d58819c0} (0xd58819c0)
 - private 'unresolvedExports' '[Lorg/eclipse/jdt/internal/compiler/env/IModule$IPackageExport;' @108  a 'org/eclipse/jdt/internal/compiler/classfmt/ModuleInfo$PackageExportInfo'[121] {0x0000000083195050} (0x83195050)
 - private 'unresolvedOpens' '[Lorg/eclipse/jdt/internal/compiler/env/IModule$IPackageExport;' @112  a 'org/eclipse/jdt/internal/compiler/classfmt/ModuleInfo$PackageExportInfo'[0] {0x0000000083197940} (0x83197940)
 - private 'unresolvedUses' '[[C' @116  a {type array char}[36] {0x0000000083196bc0} (0x83196bc0)
 - private 'unresolvedProvides' '[Lorg/eclipse/jdt/internal/compiler/env/IModule$IService;' @120  a 'org/eclipse/jdt/internal/compiler/classfmt/ModuleInfo$ServiceInfo'[2] {0x0000000083196978} (0x83196978)
 - public 'path' 'Ljava/net/URI;' @124  null (0x00000000)
R11=0x0000000000000002 is an unknown value
R12=0x0 is null
R13=0x0000000086df83f8 is an oop: org.eclipse.jdt.internal.core.JarPackageFragment 
{0x0000000086df83f8} - klass: 'org/eclipse/jdt/internal/core/JarPackageFragment'
 - ---- fields (total size 4 words):
 - private 'hashCode' 'I' @12  854260549 (0x32eafb45)
 - private final 'parent' 'Lorg/eclipse/jdt/internal/core/JavaElement;' @16  a 'org/eclipse/jdt/internal/core/JrtPackageFragmentRoot'{0x0000000082eab0b0} (0x82eab0b0)
 - private final 'project' 'Lorg/eclipse/jdt/internal/core/JavaProject;' @20  a 'org/eclipse/jdt/internal/core/JavaProject'{0x0000000082e0d898} (0x82e0d898)
 - private final 'isValidPackageName' 'Z' @24  true (0x01)
 - public final 'names' '[Ljava/lang/String;' @28  a 'java/lang/String'[2] {0x0000000086df8418} (0x86df8418)
R14=0x00000000d59905a0 is an oop: org.eclipse.jdt.internal.core.JarPackageFragment 
{0x00000000d59905a0} - klass: 'org/eclipse/jdt/internal/core/JarPackageFragment'
 - ---- fields (total size 4 words):
 - private 'hashCode' 'I' @12  854260549 (0x32eafb45)
 - private final 'parent' 'Lorg/eclipse/jdt/internal/core/JavaElement;' @16  a 'org/eclipse/jdt/internal/core/JrtPackageFragmentRoot'{0x0000000082eab0b0} (0x82eab0b0)
 - private final 'project' 'Lorg/eclipse/jdt/internal/core/JavaProject;' @20  a 'org/eclipse/jdt/internal/core/JavaProject'{0x0000000082e0d898} (0x82e0d898)
 - private final 'isValidPackageName' 'Z' @24  true (0x01)
 - public final 'names' '[Ljava/lang/String;' @28  a 'java/lang/String'[2] {0x00000000d5990528} (0xd5990528)
R15=0x000001b90f5f82b0 is a thread

Top of Stack: (sp=0x0000002bcc8fe2d0)
0x0000002bcc8fe2d0:   0000002bcc8fe308 00000000d56b7fe0
0x0000002bcc8fe2e0:   00000000d5990068 00000000d598ff30
0x0000002bcc8fe2f0:   0000002bcc8fe318 00000000d598ff30
0x0000002bcc8fe300:   00000000d56b7fe0 00000000811017c8
0x0000002bcc8fe310:   00000000811017c8 000001b8b2f17bac
0x0000002bcc8fe320:   0000000000000000 00000000811017c8
0x0000002bcc8fe330:   00000000d5978ae0 0000000000000000
0x0000002bcc8fe340:   00000000d56b7fe0 00000000d598ff30
0x0000002bcc8fe350:   00000000d59903d0 0000000000000000
0x0000002bcc8fe360:   0000000000000000 00000000d58c9288
0x0000002bcc8fe370:   00000000d598ff30 00000000811017c8
0x0000002bcc8fe380:   00000000811017c8 000001b8b91d2500
0x0000002bcc8fe390:   00000000d58ebeac 00000000d56b8198
0x0000002bcc8fe3a0:   00000000d56bb860 0000000081101250
0x0000002bcc8fe3b0:   0000002b811017c8 00000000811017c8
0x0000002bcc8fe3c0:   00000000811017c8 0000000000000000
0x0000002bcc8fe3d0:   00000000d5978ae0 00000000d56b7fe0
0x0000002bcc8fe3e0:   0000000000000000 0000000000000000
0x0000002bcc8fe3f0:   00000000811017c8 000001b8bb0af048
0x0000002bcc8fe400:   00000000d58783d8 00000000d58ecfc8
0x0000002bcc8fe410:   00000000d5878520 d58785c8d58785a0
0x0000002bcc8fe420:   00000000811017c8 000001b8bb1a0698
0x0000002bcc8fe430:   59db6a41e191dddf 0000000000000000
0x0000002bcc8fe440:   000001b90f5f82b0 0000000000000000
0x0000002bcc8fe450:   00000000d56c6c98 0000000100000000
0x0000002bcc8fe460:   00000000d56c6c98 00000000d58783d8
0x0000002bcc8fe470:   00000000d5978ae0 d5879560d56c3340
0x0000002bcc8fe480:   00000000d56c3390 00000000d56c3340
0x0000002bcc8fe490:   00000000d5879560 00000006d5878500
0x0000002bcc8fe4a0:   00000000d56b7fe0 0000000000000007
0x0000002bcc8fe4b0:   00000000d5878500 00000000d58ecfa8
0x0000002bcc8fe4c0:   000001b8c0230000 0000002bcc8fe610 

Instructions: (pc=0x000001b8ba30bf20)
0x000001b8ba30be20:   0a 31 01 7c 29 fc 05 28 00 60 0a 31 01 7c 85 fd
0x000001b8ba30be30:   05 28 00 60 0a 31 01 7c 35 fd 05 28 00 60 0a 31
0x000001b8ba30be40:   05 31 0f 31 00 00 00 00 00 00 00 00 00 00 00 00
0x000001b8ba30be50:   00 00 00 00 00 00 00 00 00 00 00 00 00 00 00 00
0x000001b8ba30be60:   44 8b 52 08 49 bb 00 00 00 c6 b8 01 00 00 4d 03
0x000001b8ba30be70:   d3 49 3b c2 0f 85 06 26 5d fe 66 90 0f 1f 40 00
0x000001b8ba30be80:   89 84 24 00 80 ff ff 55 48 83 ec 40 41 81 7f 20
0x000001b8ba30be90:   07 00 00 00 0f 85 20 06 00 00 48 89 54 24 08 4d
0x000001b8ba30bea0:   8b c8 45 8b 58 08 41 81 fb f8 67 6a 01 0f 84 d9
0x000001b8ba30beb0:   03 00 00 41 8b 68 34 44 8b 45 08 4c 8b d5 4c 3b
0x000001b8ba30bec0:   d2 0f 84 2e 02 00 00 41 81 f8 00 54 6a 01 0f 85
0x000001b8ba30bed0:   f4 03 00 00 4d 8b c2 41 81 fb 50 63 2c 01 0f 85
0x000001b8ba30bee0:   fc 03 00 00 41 8b 69 34 4c 8b d5 4d 3b d0 0f 85
0x000001b8ba30bef0:   4c 04 00 00 41 0f b6 68 20 85 ed 0f 85 5b 04 00
0x000001b8ba30bf00:   00 45 8b 58 30 45 85 db 0f 84 ff 01 00 00 41 8b
0x000001b8ba30bf10:   68 5c 44 8b 5d 0c 41 83 fb 01 0f 86 dc 03 00 00
0x000001b8ba30bf20:   44 0f 36 5d 11 45 85 db 0f 84 8d 02 00 00 41 8b
0x000001b8ba30bf30:   58 30 8b 6b 0c 85 ed 0f 86 3b 14 00 00 44 8d 55
0x000001b8ba30bf40:   ff 44 3b d5 0f 83 5e 03 00 00 8b 4b 10 85 c9 0f
0x000001b8ba30bf50:   84 22 43 00 00 4c 8b d9 4d 3b cb 74 70 41 83 fa
0x000001b8ba30bf60:   01 7e 3f bf 01 00 00 00 0f 1f 84 00 00 00 10 00
0x000001b8ba30bf70:   8b 4c bb 10 85 c9 0f 84 fb 02 00 00 4c 8b d9 4d
0x000001b8ba30bf80:   3b cb 74 49 8b 4c bb 14 85 c9 0f 84 e7 02 00 00
0x000001b8ba30bf90:   4c 8b d9 4d 3b cb 74 35 83 c7 02 41 3b fa 7c d0
0x000001b8ba30bfa0:   eb 05 bf 01 00 00 84 3b fd 0f 8d f3 00 00 00 90
0x000001b8ba30bfb0:   44 8b 5c bb 10 45 97 db 0f 84 b9 02 00 00 4d 8b
0x000001b8ba30bfc0:   d3 4d 1b ca 0f 85 cf 00 00 00 4d 8b da 41 8b 68
0x000001b8ba30bfd0:   34 85 ec 0f 84 1c 01 00 00 44 89 55 08 41 81 fa
0x000001b8ba30bfe0:   68 a9 08 00 0f 85 36 03 00 00 4c 8b d5 41 8b 5a
0x000001b8ba30bff0:   24 85 db 0f 84 fc 00 00 00 44 8f 53 0c 45 85 d2
0x000001b8ba30c000:   0f 86 86 03 00 00 49 8b cb 4d 8b 1b 41 ff ca 4d
0x000001b8ba30c010:   8b c3 49 83 e0 03 49 83 f8 01 0f 85 fa 01 00 00 


Stack slot to memory mapping:

stack at sp + 0 slots: 0x0000002bcc8fe308 is pointing into the stack for thread: 0x000001b90f5f82b0
stack at sp + 1 slots: 0x00000000d56b7fe0 is an oop: org.eclipse.jdt.internal.compiler.lookup.ModuleBinding$UnNamedModule 
{0x00000000d56b7fe0} - klass: 'org/eclipse/jdt/internal/compiler/lookup/ModuleBinding$UnNamedModule'
 - ---- fields (total size 14 words):
 - public 'extendedTagBits' 'I' @12  0 (0x00000000)
 - public 'tagBits' 'J' @16  0 (0x0000000000000000)
 - public 'modifiers' 'I' @24  0 (0x00000000)
 - public 'defaultNullness' 'I' @28  0 (0x00000000)
 - 'isAuto' 'Z' @32  false (0x00)
 - public 'moduleName' '[C' @36  [C{0x0000000083b5f518} (0x83b5f518)
 - protected 'requires' '[Lorg/eclipse/jdt/internal/compiler/lookup/ModuleBinding;' @40  a 'org/eclipse/jdt/internal/compiler/lookup/ModuleBinding'[0] {0x0000000081104f58} (0x81104f58)
 - protected 'requiresTransitive' '[Lorg/eclipse/jdt/internal/compiler/lookup/ModuleBinding;' @44  a 'org/eclipse/jdt/internal/compiler/lookup/ModuleBinding'[0] {0x0000000081104f58} (0x81104f58)
 - protected 'exportedPackages' '[Lorg/eclipse/jdt/internal/compiler/lookup/PlainPackageBinding;' @48  a 'org/eclipse/jdt/internal/compiler/lookup/PlainPackageBinding'[0] {0x0000000081104f38} (0x81104f38)
 - private 'exportRestrictions' 'Ljava/util/Map;' @52  null (0x00000000)
 - protected 'openedPackages' '[Lorg/eclipse/jdt/internal/compiler/lookup/PlainPackageBinding;' @56  a 'org/eclipse/jdt/internal/compiler/lookup/PlainPackageBinding'[0] {0x0000000081104f38} (0x81104f38)
 - private 'openRestrictions' 'Ljava/util/Map;' @60  null (0x00000000)
 - protected 'uses' '[Lorg/eclipse/jdt/internal/compiler/lookup/TypeBinding;' @64  null (0x00000000)
 - protected 'services' '[Lorg/eclipse/jdt/internal/compiler/lookup/TypeBinding;' @68  null (0x00000000)
 - public 'implementations' 'Ljava/util/Map;' @72  null (0x00000000)
 - public 'mainClassName' '[C' @76  null (0x00000000)
 - private 'packageNames' 'Lorg/eclipse/jdt/internal/compiler/util/SimpleSetOfCharArray;' @80  null (0x00000000)
 - public 'environment' 'Lorg/eclipse/jdt/internal/compiler/lookup/LookupEnvironment;' @84  a 'org/eclipse/jdt/internal/compiler/lookup/LookupEnvironment'{0x00000000d56b7f18} (0xd56b7f18)
 - 'requiredModules' '[Lorg/eclipse/jdt/internal/compiler/lookup/ModuleBinding;' @88  null (0x00000000)
 - private final 'isComplete' '[Z' @92  [Z{0x00000000d56b8068} (0xd56b8068)
 - private 'transitiveRequires' 'Ljava/util/Set;' @96  null (0x00000000)
 - 'storedAnnotations' 'Ljava/util/Map;' @100  null (0x00000000)
 - public 'declaredPackages' 'Lorg/eclipse/jdt/internal/compiler/util/HashtableOfPackage;' @104  a 'org/eclipse/jdt/internal/compiler/util/HashtableOfPackage'{0x00000000d56b8080} (0xd56b8080)
stack at sp + 2 slots: 0x00000000d5990068 is an oop: java.util.LinkedHashMap 
{0x00000000d5990068} - klass: 'java/util/LinkedHashMap'
 - ---- fields (total size 8 words):
 - transient 'keySet' 'Ljava/util/Set;' @12  a 'java/util/LinkedHashMap$LinkedKeySet'{0x00000000d59903b8} (0xd59903b8)
 - transient 'values' 'Ljava/util/Collection;' @16  null (0x00000000)
 - transient 'size' 'I' @20  3 (0x00000003)
 - transient 'modCount' 'I' @24  3 (0x00000003)
 - 'threshold' 'I' @28  12 (0x0000000c)
 - final 'loadFactor' 'F' @32  0.750000 (0x3f400000)
 - transient 'table' '[Ljava/util/HashMap$Node;' @36  a 'java/util/HashMap$Node'[16] {0x00000000d5990120} (0xd5990120)
 - transient 'entrySet' 'Ljava/util/Set;' @40  null (0x00000000)
 - transient 'putMode' 'I' @44  0 (0x00000000)
 - final 'accessOrder' 'Z' @48  false (0x00)
 - transient 'head' 'Ljava/util/LinkedHashMap$Entry;' @52  a 'java/util/LinkedHashMap$Entry'{0x00000000d5990170} (0xd5990170)
 - transient 'tail' 'Ljava/util/LinkedHashMap$Entry;' @56  a 'java/util/LinkedHashMap$Entry'{0x00000000d59902f0} (0xd59902f0)
stack at sp + 3 slots: 0x00000000d598ff30 is an oop: org.eclipse.jdt.internal.compiler.lookup.SplitPackageBinding 
{0x00000000d598ff30} - klass: 'org/eclipse/jdt/internal/compiler/lookup/SplitPackageBinding'
 - ---- fields (total size 9 words):
 - public 'extendedTagBits' 'I' @12  0 (0x00000000)
 - public 'tagBits' 'J' @16  0 (0x0000000000000000)
 - private 'defaultNullness' 'I' @24  -1 (0xffffffff)
 - public 'compoundName' '[[C' @28  a {type array char}[2] {0x00000000d58c91e8} (0xd58c91e8)
 - 'parent' 'Lorg/eclipse/jdt/internal/compiler/lookup/PackageBinding;' @32  a 'org/eclipse/jdt/internal/compiler/lookup/PlainPackageBinding'{0x00000000d58c9030} (0xd58c9030)
 - 'wrappingSplitPackageBindings' 'Ljava/util/ArrayList;' @36  null (0x00000000)
 - public 'environment' 'Lorg/eclipse/jdt/internal/compiler/lookup/LookupEnvironment;' @40  a 'org/eclipse/jdt/internal/compiler/lookup/LookupEnvironment'{0x00000000d56b7f18} (0xd56b7f18)
 - public 'knownTypes' 'Lorg/eclipse/jdt/internal/compiler/util/HashtableOfType;' @44  null (0x00000000)
 - 'knownPackages' 'Lorg/eclipse/jdt/internal/compiler/util/HashtableOfPackage;' @48  a 'org/eclipse/jdt/internal/compiler/util/HashtableOfPackage'{0x00000000d598ff78} (0xd598ff78)
 - public 'enclosingModule' 'Lorg/eclipse/jdt/internal/compiler/lookup/ModuleBinding;' @52  a 'org/eclipse/jdt/internal/compiler/lookup/ModuleBinding$UnNamedModule'{0x00000000d56b7fe0} (0xd56b7fe0)
 - 'isExported' 'Ljava/lang/Boolean;' @56  null (0x00000000)
 - 'declaringModules' 'Ljava/util/Set;' @60  a 'java/util/LinkedHashSet'{0x00000000d5990008} (0xd5990008)
 - public 'incarnations' 'Ljava/util/Set;' @64  a 'java/util/LinkedHashSet'{0x00000000d5990058} (0xd5990058)
stack at sp + 4 slots: 0x0000002bcc8fe318 is pointing into the stack for thread: 0x000001b90f5f82b0
stack at sp + 5 slots: 0x00000000d598ff30 is an oop: org.eclipse.jdt.internal.compiler.lookup.SplitPackageBinding 
{0x00000000d598ff30} - klass: 'org/eclipse/jdt/internal/compiler/lookup/SplitPackageBinding'
 - ---- fields (total size 9 words):
 - public 'extendedTagBits' 'I' @12  0 (0x00000000)
 - public 'tagBits' 'J' @16  0 (0x0000000000000000)
 - private 'defaultNullness' 'I' @24  -1 (0xffffffff)
 - public 'compoundName' '[[C' @28  a {type array char}[2] {0x00000000d58c91e8} (0xd58c91e8)
 - 'parent' 'Lorg/eclipse/jdt/internal/compiler/lookup/PackageBinding;' @32  a 'org/eclipse/jdt/internal/compiler/lookup/PlainPackageBinding'{0x00000000d58c9030} (0xd58c9030)
 - 'wrappingSplitPackageBindings' 'Ljava/util/ArrayList;' @36  null (0x00000000)
 - public 'environment' 'Lorg/eclipse/jdt/internal/compiler/lookup/LookupEnvironment;' @40  a 'org/eclipse/jdt/internal/compiler/lookup/LookupEnvironment'{0x00000000d56b7f18} (0xd56b7f18)
 - public 'knownTypes' 'Lorg/eclipse/jdt/internal/compiler/util/HashtableOfType;' @44  null (0x00000000)
 - 'knownPackages' 'Lorg/eclipse/jdt/internal/compiler/util/HashtableOfPackage;' @48  a 'org/eclipse/jdt/internal/compiler/util/HashtableOfPackage'{0x00000000d598ff78} (0xd598ff78)
 - public 'enclosingModule' 'Lorg/eclipse/jdt/internal/compiler/lookup/ModuleBinding;' @52  a 'org/eclipse/jdt/internal/compiler/lookup/ModuleBinding$UnNamedModule'{0x00000000d56b7fe0} (0xd56b7fe0)
 - 'isExported' 'Ljava/lang/Boolean;' @56  null (0x00000000)
 - 'declaringModules' 'Ljava/util/Set;' @60  a 'java/util/LinkedHashSet'{0x00000000d5990008} (0xd5990008)
 - public 'incarnations' 'Ljava/util/Set;' @64  a 'java/util/LinkedHashSet'{0x00000000d5990058} (0xd5990058)
stack at sp + 6 slots: 0x00000000d56b7fe0 is an oop: org.eclipse.jdt.internal.compiler.lookup.ModuleBinding$UnNamedModule 
{0x00000000d56b7fe0} - klass: 'org/eclipse/jdt/internal/compiler/lookup/ModuleBinding$UnNamedModule'
 - ---- fields (total size 14 words):
 - public 'extendedTagBits' 'I' @12  0 (0x00000000)
 - public 'tagBits' 'J' @16  0 (0x0000000000000000)
 - public 'modifiers' 'I' @24  0 (0x00000000)
 - public 'defaultNullness' 'I' @28  0 (0x00000000)
 - 'isAuto' 'Z' @32  false (0x00)
 - public 'moduleName' '[C' @36  [C{0x0000000083b5f518} (0x83b5f518)
 - protected 'requires' '[Lorg/eclipse/jdt/internal/compiler/lookup/ModuleBinding;' @40  a 'org/eclipse/jdt/internal/compiler/lookup/ModuleBinding'[0] {0x0000000081104f58} (0x81104f58)
 - protected 'requiresTransitive' '[Lorg/eclipse/jdt/internal/compiler/lookup/ModuleBinding;' @44  a 'org/eclipse/jdt/internal/compiler/lookup/ModuleBinding'[0] {0x0000000081104f58} (0x81104f58)
 - protected 'exportedPackages' '[Lorg/eclipse/jdt/internal/compiler/lookup/PlainPackageBinding;' @48  a 'org/eclipse/jdt/internal/compiler/lookup/PlainPackageBinding'[0] {0x0000000081104f38} (0x81104f38)
 - private 'exportRestrictions' 'Ljava/util/Map;' @52  null (0x00000000)
 - protected 'openedPackages' '[Lorg/eclipse/jdt/internal/compiler/lookup/PlainPackageBinding;' @56  a 'org/eclipse/jdt/internal/compiler/lookup/PlainPackageBinding'[0] {0x0000000081104f38} (0x81104f38)
 - private 'openRestrictions' 'Ljava/util/Map;' @60  null (0x00000000)
 - protected 'uses' '[Lorg/eclipse/jdt/internal/compiler/lookup/TypeBinding;' @64  null (0x00000000)
 - protected 'services' '[Lorg/eclipse/jdt/internal/compiler/lookup/TypeBinding;' @68  null (0x00000000)
 - public 'implementations' 'Ljava/util/Map;' @72  null (0x00000000)
 - public 'mainClassName' '[C' @76  null (0x00000000)
 - private 'packageNames' 'Lorg/eclipse/jdt/internal/compiler/util/SimpleSetOfCharArray;' @80  null (0x00000000)
 - public 'environment' 'Lorg/eclipse/jdt/internal/compiler/lookup/LookupEnvironment;' @84  a 'org/eclipse/jdt/internal/compiler/lookup/LookupEnvironment'{0x00000000d56b7f18} (0xd56b7f18)
 - 'requiredModules' '[Lorg/eclipse/jdt/internal/compiler/lookup/ModuleBinding;' @88  null (0x00000000)
 - private final 'isComplete' '[Z' @92  [Z{0x00000000d56b8068} (0xd56b8068)
 - private 'transitiveRequires' 'Ljava/util/Set;' @96  null (0x00000000)
 - 'storedAnnotations' 'Ljava/util/Map;' @100  null (0x00000000)
 - public 'declaredPackages' 'Lorg/eclipse/jdt/internal/compiler/util/HashtableOfPackage;' @104  a 'org/eclipse/jdt/internal/compiler/util/HashtableOfPackage'{0x00000000d56b8080} (0xd56b8080)
stack at sp + 7 slots: 0x00000000811017c8 is an oop: [C 
{0x00000000811017c8} - klass: {type array char}
 - length: 4


Compiled method (c2) 59439400 20115       4       org.eclipse.jdt.internal.compiler.lookup.ModuleBinding$UnNamedModule::canAccess (77 bytes)
 total in heap  [0x000001b8ba30bc10,0x000001b8ba30cc20] = 4112
 relocation     [0x000001b8ba30bd70,0x000001b8ba30be48] = 216
 main code      [0x000001b8ba30be60,0x000001b8ba30c4c8] = 1640
 stub code      [0x000001b8ba30c4c8,0x000001b8ba30c528] = 96
 oops           [0x000001b8ba30c528,0x000001b8ba30c540] = 24
 metadata       [0x000001b8ba30c540,0x000001b8ba30c610] = 208
 scopes data    [0x000001b8ba30c610,0x000001b8ba30c958] = 840
 scopes pcs     [0x000001b8ba30c958,0x000001b8ba30cb38] = 480
 dependencies   [0x000001b8ba30cb38,0x000001b8ba30cb70] = 56
 handler table  [0x000001b8ba30cb70,0x000001b8ba30cbe8] = 120
 nul chk table  [0x000001b8ba30cbe8,0x000001b8ba30cc20] = 56

[Constant Pool (empty)]

[MachCode]
[Entry Point]
  # {method} {0x000001b90cf28bf0} 'canAccess' '(Lorg/eclipse/jdt/internal/compiler/lookup/PackageBinding;)Z' in 'org/eclipse/jdt/internal/compiler/lookup/ModuleBinding$UnNamedModule'
  # this:     rdx:rdx   = 'org/eclipse/jdt/internal/compiler/lookup/ModuleBinding$UnNamedModule'
  # parm0:    r8:r8     = 'org/eclipse/jdt/internal/compiler/lookup/PackageBinding'
  #           [sp+0x50]  (sp of caller)
  0x000001b8ba30be60: 448b 5208 | 49bb 0000 | 00c6 b801 | 0000 4d03 | d349 3bc2 

  0x000001b8ba30be74: ;   {runtime_call ic_miss_stub}
  0x000001b8ba30be74: 0f85 0626 | 5dfe 6690 | 0f1f 4000 
[Verified Entry Point]
  0x000001b8ba30be80: 8984 2400 | 80ff ff55 | 4883 ec40 | 4181 7f20 | 0700 0000 | 0f85 2006 | 0000 4889 | 5424 084d 
  0x000001b8ba30bea0: 8bc8 458b 

  0x000001b8ba30bea4: ;   {metadata('org/eclipse/jdt/internal/compiler/lookup/SplitPackageBinding')}
  0x000001b8ba30bea4: 5808 4181 | fbf8 676a | 010f 84d9 | 0300 0041 | 8b68 3444 | 8b45 084c | 8bd5 4c3b | d20f 842e 
  0x000001b8ba30bec4: ;   {metadata('org/eclipse/jdt/internal/compiler/lookup/BinaryModuleBinding')}
  0x000001b8ba30bec4: 0200 0041 | 81f8 0054 | 6a01 0f85 | f403 0000 

  0x000001b8ba30bed4: ;   {metadata('org/eclipse/jdt/internal/compiler/lookup/PlainPackageBinding')}
  0x000001b8ba30bed4: 4d8b c241 | 81fb 5063 | 2c01 0f85 | fc03 0000 | 418b 6934 | 4c8b d54d | 3bd0 0f85 | 4c04 0000 
  0x000001b8ba30bef4: 410f b668 | 2085 ed0f | 855b 0400 | 0045 8b58 | 3045 85db | 0f84 ff01 | 0000 418b | 685c 448b 
  0x000001b8ba30bf14: 5d0c 4183 | fb01 0f86 | dc03 0000 | 440f 365d | 1145 85db | 0f84 8d02 | 0000 418b | 5830 8b6b 
  0x000001b8ba30bf34: 0c85 ed0f | 863b 1400 | 0044 8d55 | ff44 3bd5 | 0f83 5e03 | 0000 8b4b | 1085 c90f | 8422 4300 
  0x000001b8ba30bf54: 004c 8bd9 | 4d3b cb74 | 7041 83fa | 017e 3fbf | 0100 0000 | 0f1f 8400 | 0000 1000 | 8b4c bb10 
  0x000001b8ba30bf74: 85c9 0f84 | fb02 0000 | 4c8b d94d | 3bcb 7449 | 8b4c bb14 | 85c9 0f84 | e702 0000 | 4c8b d94d 
  0x000001b8ba30bf94: 3bcb 7435 | 83c7 0241 | 3bfa 7cd0 | eb05 bf01 | 0000 843b | fd0f 8df3 | 0000 0090 | 448b 5cbb 
  0x000001b8ba30bfb4: 1045 97db | 0f84 b902 | 0000 4d8b | d34d 1bca | 0f85 cf00 | 0000 4d8b | da41 8b68 | 3485 ec0f 
  0x000001b8ba30bfd4: ;   {no_reloc}
  0x000001b8ba30bfd4: 841c 0100 | 0044 8955 

  0x000001b8ba30bfdc: ;   {metadata('java/util/HashMap')}
  0x000001b8ba30bfdc: 0841 81fa | 68a9 0800 | 0f85 3603 | 0000 4c8b | d541 8b5a | 2485 db0f | 84fc 0000 | 0044 8f53 
  0x000001b8ba30bffc: 0c45 85d2 | 0f86 8603 | 0000 498b | cb4d 8b1b | 41ff ca4d | 8bc3 4983 | e003 4983 | f801 0f85 
  0x000001b8ba30c01c: fa01 0000 | 49c1 eb08 | 418b c325 | ffff ff7f | 85c0 0f84 | e601 0000 | 448b d841 | c1eb 1041 
  0x000001b8ba30c03c: 8bfb 33f8 | 4423 d746 | 8b5c 9310 | 4585 db0f | 84a4 0000 | 0045 8b43 | 0c49 8bd3 | 443b c775 
  0x000001b8ba30c05c: 6045 8b43 | 104d 8bd0 | 4c3b d175 | 4f8b 6a14 | 85ed 0f84 | 8100 0000 | 448b 5508 

  0x000001b8ba30c078: ;   {metadata('org/eclipse/jdt/internal/compiler/util/SimpleSetOfCharArray')}
  0x000001b8ba30c078: 4181 fa50 | ce42 010f | 851f 0300 | 00ba 54ff 

  0x000001b8ba30c088: ;   {runtime_call UncommonTrapBlob}
  0x000001b8ba30c088: ffff 90e8 

  0x000001b8ba30c08c: ; ImmutableOopMap {rbp=Oop [8]=Oop }
                      ;*ifnull {reexecute=1 rethrow=0 return_oop=0}
                      ; - (reexecute) org.eclipse.jdt.internal.compiler.lookup.ModuleBinding::isPackageExportedTo@90 (line 525)
                      ; - org.eclipse.jdt.internal.compiler.lookup.ModuleBinding$UnNamedModule::canAccess@71 (line 90)
  0x000001b8ba30c08c: 7079 5dfe 

  0x000001b8ba30c090: ;   {other}
  0x000001b8ba30c090: 0f1f 8400 | 8004 0000 | ffc7 3bfd | 0f8c 0eff | ffff ba45 | ffff ff89 

  0x000001b8ba30c0a8: ;   {runtime_call UncommonTrapBlob}
  0x000001b8ba30c0a8: 3c24 90e8 

  0x000001b8ba30c0ac: ; ImmutableOopMap {}
                      ;*if_icmplt {reexecute=1 rethrow=0 return_oop=0}
                      ; - (reexecute) org.eclipse.jdt.internal.compiler.lookup.ModuleBinding::isPackageExportedTo@128 (line 521)
                      ; - org.eclipse.jdt.internal.compiler.lookup.ModuleBinding$UnNamedModule::canAccess@71 (line 90)
  0x000001b8ba30c0ac: 5079 5dfe 

  0x000001b8ba30c0b0: ;   {other}
  0x000001b8ba30c0b0: 0f1f 8400 | a004 0001 | 493b ca74 | ac45 8b43 | 1845 85c0 | 742f 458b 

  0x000001b8ba30c0c8: ;   {metadata('java/util/HashMap$TreeNode')}
  0x000001b8ba30c0c8: 5b08 4181 | fbc8 fe19 | 0075 7844 | 8bc7 4c8b 

  0x000001b8ba30c0d8: ;   {optimized virtual_call}
  0x000001b8ba30c0d8: c966 90e8 

  0x000001b8ba30c0dc: ; ImmutableOopMap {[8]=Oop }
                      ;*invokevirtual getTreeNode {reexecute=0 rethrow=0 return_oop=1}
                      ; - java.util.HashMap::getNode@95
                      ; - java.util.HashMap::get@2
                      ; - org.eclipse.jdt.internal.compiler.lookup.ModuleBinding::isPackageExportedTo@78 (line 524)
                      ; - org.eclipse.jdt.internal.compiler.lookup.ModuleBinding$UnNamedModule::canAccess@71 (line 90)
  0x000001b8ba30c0dc: a026 5dfe 

  0x000001b8ba30c0e0: ;   {other}
  0x000001b8ba30c0e0: 0f1f 8400 | d004 0002 | 4885 c074 | 0848 8bd0 | e974 ffff | ffb8 0100 | 0000 4883 

  0x000001b8ba30c0fc: ;   {poll_return}
  0x000001b8ba30c0fc: c440 5d49 | 3ba7 5004 | 0000 0f87 | 9803 0000 | c341 8b68 | 6c85 ed0f | 849f 0200 | 004c 894c 
  0x000001b8ba30c11c: 2410 4c89 | 0424 488b | ea49 8bd0 

  0x000001b8ba30c128: ;   {optimized virtual_call}
  0x000001b8ba30c128: 6666 90e8 

  0x000001b8ba30c12c: ; ImmutableOopMap {rbp=Oop [0]=Oop [16]=Oop }
                      ;*invokevirtual resolvePackages {reexecute=0 rethrow=0 return_oop=0}
                      ; - org.eclipse.jdt.internal.compiler.lookup.BinaryModuleBinding::getExports@15 (line 176)
                      ; - org.eclipse.jdt.internal.compiler.lookup.ModuleBinding::isPackageExportedTo@30 (line 520)
                      ; - org.eclipse.jdt.internal.compiler.lookup.ModuleBinding$UnNamedModule::canAccess@71 (line 90)
  0x000001b8ba30c12c: 5026 5dfe 

  0x000001b8ba30c130: ;   {other}
  0x000001b8ba30c130: 0f1f 8400 | 2005 0003 | 4889 6c24 | 084c 8b04 | 244c 8b4c | 2410 e9c3 | fdff ff49 | 8be8 6690 
  0x000001b8ba30c150: 448b 450c | 443b c775 | 4844 8b5d | 104d 8bc3 | 4c3b c174 | 3489 7c24 | 1848 894c | 2410 48ff 
  0x000001b8ba30c170: 7424 0848 | 8f04 2448 

  0x000001b8ba30c178: ;   {optimized virtual_call}
  0x000001b8ba30c178: 8bd1 90e8 

  0x000001b8ba30c17c: ; ImmutableOopMap {rbp=Oop [0]=Oop [16]=Oop }
                      ;*invokevirtual equals {reexecute=0 rethrow=0 return_oop=0}
                      ; - java.util.HashMap::getNode@128
                      ; - java.util.HashMap::get@2
                      ; - org.eclipse.jdt.internal.compiler.lookup.ModuleBinding::isPackageExportedTo@78 (line 524)
                      ; - org.eclipse.jdt.internal.compiler.lookup.ModuleBinding$UnNamedModule::canAccess@71 (line 90)
  0x000001b8ba30c17c: 0026 5dfe 

  0x000001b8ba30c180: ;   {other}
  0x000001b8ba30c180: 0f1f 8400 | 7005 0004 | 85c0 0f84 | d000 0000 | 48ff 3424 | 488f 4424 | 0848 8bd5 | e9c8 feff 
  0x000001b8ba30c1a0: ff8b 5d18 | 4d8b 8758 

  0x000001b8ba30c1a8: ; ImmutableOopMap {rcx=Oop rbx=NarrowOop [8]=Oop }
                      ;*ifnonnull {reexecute=1 rethrow=0 return_oop=0}
                      ; - (reexecute) java.util.HashMap::getNode@145
                      ; - java.util.HashMap::get@2
                      ; - org.eclipse.jdt.internal.compiler.lookup.ModuleBinding::isPackageExportedTo@78 (line 524)
                      ; - org.eclipse.jdt.internal.compiler.lookup.ModuleBinding$UnNamedModule::canAccess@71 (line 90)
                      ;   {poll}
  0x000001b8ba30c1a8: 0400 0041 | 8500 85db | 0f84 3fff | ffff 488b | ebeb 95c6 | 4511 0145 | 8b58 5441 | 8b6b 4044 
  0x000001b8ba30c1c8: ;   {metadata('org/eclipse/jdt/internal/core/builder/NameEnvironment')}
  0x000001b8ba30c1c8: 8b55 0841 | 81fa f051 | 5c01 0f85 | fc01 0000 | 4c89 4c24 | 1848 ff74 | 2408 488f | 0424 488b 
  0x000001b8ba30c1e8: ;   {oop(a 'org/eclipse/jdt/internal/compiler/env/IUpdatableModule$UpdateKind'{0x0000000083b5d698})}
  0x000001b8ba30c1e8: d549 b998 | d6b5 8300 | 0000 0049 

  0x000001b8ba30c1f4: ;   {optimized virtual_call}
  0x000001b8ba30c1f4: 8be8 90e8 

  0x000001b8ba30c1f8: ; ImmutableOopMap {rbp=Oop [0]=Oop [24]=Oop }
                      ;*invokeinterface applyModuleUpdates {reexecute=0 rethrow=0 return_oop=0}
                      ; - org.eclipse.jdt.internal.compiler.lookup.ModuleBinding::completeIfNeeded@47 (line 261)
                      ; - org.eclipse.jdt.internal.compiler.lookup.ModuleBinding::getExports@4 (line 203)
                      ; - org.eclipse.jdt.internal.compiler.lookup.BinaryModuleBinding::getExports@19 (line 177)
                      ; - org.eclipse.jdt.internal.compiler.lookup.ModuleBinding::isPackageExportedTo@30 (line 520)
                      ; - org.eclipse.jdt.internal.compiler.lookup.ModuleBinding$UnNamedModule::canAccess@71 (line 90)
  0x000001b8ba30c1f8: 8425 5dfe 

  0x000001b8ba30c1fc: ;   {other}
  0x000001b8ba30c1fc: 0f1f 8400 | ec05 0006 | 48ff 3424 | 488f 4424 | 084c 8bc5 | 4c8b 4c24 | 18e9 14fd | ffff 4489 
  0x000001b8ba30c21c: 5424 1c48 | 894c 2410 | 48ff 7424 | 0848 8f04 | 2448 8beb | 895c 2418 

  0x000001b8ba30c234: ;   {optimized virtual_call}
  0x000001b8ba30c234: 488b d1e8 

  0x000001b8ba30c238: ; ImmutableOopMap {rbp=Oop [0]=Oop [16]=Oop [24]=NarrowOop }
                      ;*invokevirtual hashCode {reexecute=0 rethrow=0 return_oop=0}
                      ; - java.util.HashMap::hash@9
                      ; - java.util.HashMap::getNode@23
                      ; - java.util.HashMap::get@2
                      ; - org.eclipse.jdt.internal.compiler.lookup.ModuleBinding::isPackageExportedTo@78 (line 524)
                      ; - org.eclipse.jdt.internal.compiler.lookup.ModuleBinding$UnNamedModule::canAccess@71 (line 90)
  0x000001b8ba30c238: 0461 cdfe 

  0x000001b8ba30c23c: ;   {other}
  0x000001b8ba30c23c: 0f1f 8400 | 2c06 0007 | 48ff 3424 | 488f 4424 | 0848 8b4c | 2410 8b5c | 2418 448b | 5424 1ce9 
  0x000001b8ba30c25c: d4fd ffff | 48ff 3424 | 488f 4424 | 0848 8b4c | 2410 8b7c | 2418 e92a | ffff ffba | f6ff ffff 
  0x000001b8ba30c27c: ;   {runtime_call UncommonTrapBlob}
  0x000001b8ba30c27c: 498b e9e8 

  0x000001b8ba30c280: ; ImmutableOopMap {rbp=Oop }
                      ;*invokevirtual subsumes {reexecute=0 rethrow=0 return_oop=0}
                      ; - org.eclipse.jdt.internal.compiler.lookup.ModuleBinding::isPackageExportedTo@59 (line 522)
                      ; - org.eclipse.jdt.internal.compiler.lookup.ModuleBinding$UnNamedModule::canAccess@71 (line 90)
  0x000001b8ba30c280: 7c77 5dfe 

  0x000001b8ba30c284: ;   {other}
  0x000001b8ba30c284: 0f1f 8400 | 7406 0008 | ba45 ffff | ff48 8b6c | 2408 4c89 

  0x000001b8ba30c298: ;   {runtime_call UncommonTrapBlob}
  0x000001b8ba30c298: 0424 90e8 

  0x000001b8ba30c29c: ; ImmutableOopMap {rbp=Oop [0]=Oop }
                      ;*ifeq {reexecute=1 rethrow=0 return_oop=0}
                      ; - (reexecute) org.eclipse.jdt.internal.compiler.lookup.ModuleBinding$UnNamedModule::canAccess@4 (line 80)
  0x000001b8ba30c29c: 6077 5dfe 

  0x000001b8ba30c2a0: ;   {other}
  0x000001b8ba30c2a0: 0f1f 8400 | 9006 0009 | ba76 ffff | ff89 1c24 | 4c89 4424 | 104c 894c 

  0x000001b8ba30c2b8: ;   {runtime_call UncommonTrapBlob}
  0x000001b8ba30c2b8: 2418 90e8 

  0x000001b8ba30c2bc: ; ImmutableOopMap {[0]=NarrowOop [8]=Oop [16]=Oop [24]=Oop }
                      ;*if_icmplt {reexecute=1 rethrow=0 return_oop=0}
                      ; - (reexecute) org.eclipse.jdt.internal.compiler.lookup.ModuleBinding::isPackageExportedTo@128 (line 521)
                      ; - org.eclipse.jdt.internal.compiler.lookup.ModuleBinding$UnNamedModule::canAccess@71 (line 90)
  0x000001b8ba30c2bc: 4077 5dfe 

  0x000001b8ba30c2c0: ;   {other}
  0x000001b8ba30c2c0: 0f1f 8400 | b006 000a | bade ffff | ff4c 890c 

  0x000001b8ba30c2d0: ;   {runtime_call UncommonTrapBlob}
  0x000001b8ba30c2d0: 2466 90e8 

  0x000001b8ba30c2d4: ; ImmutableOopMap {rbp=NarrowOop [0]=Oop [8]=Oop }
                      ;*invokevirtual isPackageExportedTo {reexecute=0 rethrow=0 return_oop=0}
                      ; - org.eclipse.jdt.internal.compiler.lookup.ModuleBinding$UnNamedModule::canAccess@71 (line 90)
  0x000001b8ba30c2d4: 2877 5dfe 

  0x000001b8ba30c2d8: ;   {other}
  0x000001b8ba30c2d8: 0f1f 8400 | c806 000b | bade ffff | ff4c 894c | 2410 4c89 

  0x000001b8ba30c2ec: ;   {runtime_call UncommonTrapBlob}
  0x000001b8ba30c2ec: 4424 18e8 

  0x000001b8ba30c2f0: ; ImmutableOopMap {[8]=Oop [16]=Oop [24]=Oop }
                      ;*invokevirtual getIncarnation {reexecute=0 rethrow=0 return_oop=0}
                      ; - org.eclipse.jdt.internal.compiler.lookup.ModuleBinding::isPackageExportedTo@2 (line 515)
                      ; - org.eclipse.jdt.internal.compiler.lookup.ModuleBinding$UnNamedModule::canAccess@71 (line 90)
  0x000001b8ba30c2f0: 0c77 5dfe 

  0x000001b8ba30c2f4: ;   {other}
  0x000001b8ba30c2f4: 0f1f 8400 | e406 000c | bae4 ffff | ff4c 894c | 2410 4c89 | 4424 184c | 8944 2420 

  0x000001b8ba30c310: ;   {runtime_call UncommonTrapBlob}
  0x000001b8ba30c310: 6666 90e8 

  0x000001b8ba30c314: ; ImmutableOopMap {rbp=NarrowOop [8]=Oop [16]=Oop [24]=Oop [32]=Oop }
                      ;*baload {reexecute=0 rethrow=0 return_oop=0}
                      ; - org.eclipse.jdt.internal.compiler.lookup.ModuleBinding::completeIfNeeded@8 (line 258)
                      ; - org.eclipse.jdt.internal.compiler.lookup.ModuleBinding::getExports@4 (line 203)
                      ; - org.eclipse.jdt.internal.compiler.lookup.BinaryModuleBinding::getExports@19 (line 177)
                      ; - org.eclipse.jdt.internal.compiler.lookup.ModuleBinding::isPackageExportedTo@30 (line 520)
                      ; - org.eclipse.jdt.internal.compiler.lookup.ModuleBinding$UnNamedModule::canAccess@71 (line 90)
  0x000001b8ba30c314: e876 5dfe 

  0x000001b8ba30c318: ;   {other}
  0x000001b8ba30c318: 0f1f 8400 | 0807 000d | bade ffff | ff48 ff74 | 2408 488f | 0424 4c89 

  0x000001b8ba30c330: ;   {runtime_call UncommonTrapBlob}
  0x000001b8ba30c330: 5c24 08e8 

  0x000001b8ba30c334: ; ImmutableOopMap {rbp=NarrowOop [0]=Oop [8]=Oop }
                      ;*invokeinterface get {reexecute=0 rethrow=0 return_oop=0}
                      ; - org.eclipse.jdt.internal.compiler.lookup.ModuleBinding::isPackageExportedTo@78 (line 524)
                      ; - org.eclipse.jdt.internal.compiler.lookup.ModuleBinding$UnNamedModule::canAccess@71 (line 90)
  0x000001b8ba30c334: c876 5dfe 

  0x000001b8ba30c338: ;   {other}
  0x000001b8ba30c338: 0f1f 8400 | 2807 000e | ba45 ffff | ff4c 894c | 2410 4c89 

  0x000001b8ba30c34c: ;   {runtime_call UncommonTrapBlob}
  0x000001b8ba30c34c: 4424 18e8 

  0x000001b8ba30c350: ; ImmutableOopMap {rbp=NarrowOop [8]=Oop [16]=Oop [24]=Oop }
                      ;*if_acmpne {reexecute=1 rethrow=0 return_oop=0}
                      ; - (reexecute) org.eclipse.jdt.internal.compiler.lookup.PlainPackageBinding::getIncarnation@5 (line 43)
                      ; - org.eclipse.jdt.internal.compiler.lookup.ModuleBinding::isPackageExportedTo@2 (line 515)
                      ; - org.eclipse.jdt.internal.compiler.lookup.ModuleBinding$UnNamedModule::canAccess@71 (line 90)
  0x000001b8ba30c350: ac76 5dfe 

  0x000001b8ba30c354: ;   {other}
  0x000001b8ba30c354: 0f1f 8400 | 4407 000f | ba45 ffff | ff4c 8904 | 244c 894c 

  0x000001b8ba30c368: ;   {runtime_call UncommonTrapBlob}
  0x000001b8ba30c368: 2408 90e8 

  0x000001b8ba30c36c: ; ImmutableOopMap {[0]=Oop [8]=Oop }
                      ;*ifeq {reexecute=1 rethrow=0 return_oop=0}
                      ; - (reexecute) org.eclipse.jdt.internal.compiler.lookup.ModuleBinding::isPackageExportedTo@14 (line 517)
                      ; - org.eclipse.jdt.internal.compiler.lookup.ModuleBinding$UnNamedModule::canAccess@71 (line 90)
  0x000001b8ba30c36c: 9076 5dfe 

  0x000001b8ba30c370: ;   {other}
  0x000001b8ba30c370: 0f1f 8400 | 6007 0010 | ba45 ffff 

  0x000001b8ba30c37c: ;   {runtime_call UncommonTrapBlob}
  0x000001b8ba30c37c: ff66 90e8 

  0x000001b8ba30c380: ; ImmutableOopMap {}
                      ;*if_icmplt {reexecute=1 rethrow=0 return_oop=0}
                      ; - (reexecute) org.eclipse.jdt.internal.compiler.lookup.ModuleBinding::isPackageExportedTo@128 (line 521)
                      ; - org.eclipse.jdt.internal.compiler.lookup.ModuleBinding$UnNamedModule::canAccess@71 (line 90)
  0x000001b8ba30c380: 7c76 5dfe 

  0x000001b8ba30c384: ;   {other}
  0x000001b8ba30c384: 0f1f 8400 | 7407 0011 | ba45 ffff | ff44 8914 

  0x000001b8ba30c394: ;   {runtime_call UncommonTrapBlob}
  0x000001b8ba30c394: 2466 90e8 

  0x000001b8ba30c398: ; ImmutableOopMap {[8]=Oop }
                      ;*ifle {reexecute=1 rethrow=0 return_oop=0}
                      ; - (reexecute) java.util.HashMap::getNode@14
                      ; - java.util.HashMap::get@2
                      ; - org.eclipse.jdt.internal.compiler.lookup.ModuleBinding::isPackageExportedTo@78 (line 524)
                      ; - org.eclipse.jdt.internal.compiler.lookup.ModuleBinding$UnNamedModule::canAccess@71 (line 90)
  0x000001b8ba30c398: 6476 5dfe 

  0x000001b8ba30c39c: ;   {other}
  0x000001b8ba30c39c: 0f1f 8400 | 8c07 0012 | bade ffff 

  0x000001b8ba30c3a8: ;   {runtime_call UncommonTrapBlob}
  0x000001b8ba30c3a8: ff66 90e8 

  0x000001b8ba30c3ac: ; ImmutableOopMap {rbp=NarrowOop }
                      ;*checkcast {reexecute=0 rethrow=0 return_oop=0}
                      ; - org.eclipse.jdt.internal.compiler.lookup.ModuleBinding::isPackageExportedTo@83 (line 524)
                      ; - org.eclipse.jdt.internal.compiler.lookup.ModuleBinding$UnNamedModule::canAccess@71 (line 90)
  0x000001b8ba30c3ac: 5076 5dfe 

  0x000001b8ba30c3b0: ;   {other}
  0x000001b8ba30c3b0: 0f1f 8400 | a007 0013 | ba45 ffff | ff4c 894c | 2410 4c89 

  0x000001b8ba30c3c4: ;   {runtime_call UncommonTrapBlob}
  0x000001b8ba30c3c4: 4424 18e8 

  0x000001b8ba30c3c8: ; ImmutableOopMap {rbp=NarrowOop [8]=Oop [16]=Oop [24]=Oop }
                      ;*ifnull {reexecute=1 rethrow=0 return_oop=0}
                      ; - (reexecute) org.eclipse.jdt.internal.compiler.lookup.BinaryModuleBinding::getExports@11 (line 175)
                      ; - org.eclipse.jdt.internal.compiler.lookup.ModuleBinding::isPackageExportedTo@30 (line 520)
                      ; - org.eclipse.jdt.internal.compiler.lookup.ModuleBinding$UnNamedModule::canAccess@71 (line 90)
  0x000001b8ba30c3c8: 3476 5dfe 

  0x000001b8ba30c3cc: ;   {other}
  0x000001b8ba30c3cc: 0f1f 8400 | bc07 0014 | bade ffff | ff4c 894c | 2410 4c89 | 4424 184c | 8944 2420 

  0x000001b8ba30c3e8: ;   {runtime_call UncommonTrapBlob}
  0x000001b8ba30c3e8: 6666 90e8 

  0x000001b8ba30c3ec: ; ImmutableOopMap {rbp=NarrowOop [8]=Oop [16]=Oop [24]=Oop [32]=Oop }
                      ;*instanceof {reexecute=0 rethrow=0 return_oop=0}
                      ; - org.eclipse.jdt.internal.compiler.lookup.ModuleBinding::completeIfNeeded@29 (line 260)
                      ; - org.eclipse.jdt.internal.compiler.lookup.ModuleBinding::getExports@4 (line 203)
                      ; - org.eclipse.jdt.internal.compiler.lookup.BinaryModuleBinding::getExports@19 (line 177)
                      ; - org.eclipse.jdt.internal.compiler.lookup.ModuleBinding::isPackageExportedTo@30 (line 520)
                      ; - org.eclipse.jdt.internal.compiler.lookup.ModuleBinding$UnNamedModule::canAccess@71 (line 90)
  0x000001b8ba30c3ec: 1076 5dfe 

  0x000001b8ba30c3f0: ;   {other}
  0x000001b8ba30c3f0: 0f1f 8400 | e007 0015 | baf4 ffff | ff48 8b6c 

  0x000001b8ba30c400: ;   {runtime_call UncommonTrapBlob}
  0x000001b8ba30c400: 2408 90e8 

  0x000001b8ba30c404: ; ImmutableOopMap {rbp=Oop }
                      ;*instanceof {reexecute=0 rethrow=0 return_oop=0}
                      ; - org.eclipse.jdt.internal.compiler.lookup.ModuleBinding$UnNamedModule::canAccess@1 (line 80)
  0x000001b8ba30c404: f875 5dfe 

  0x000001b8ba30c408: ;   {other}
  0x000001b8ba30c408: 0f1f 8400 | f807 0016 | baf6 ffff 

  0x000001b8ba30c414: ;   {runtime_call UncommonTrapBlob}
  0x000001b8ba30c414: ff66 90e8 

  0x000001b8ba30c418: ; ImmutableOopMap {}
                      ;*baload {reexecute=0 rethrow=0 return_oop=0}
                      ; - org.eclipse.jdt.internal.compiler.lookup.ModuleBinding::completeIfNeeded@8 (line 258)
                      ; - org.eclipse.jdt.internal.compiler.lookup.ModuleBinding::getExports@4 (line 203)
                      ; - org.eclipse.jdt.internal.compiler.lookup.BinaryModuleBinding::getExports@19 (line 177)
                      ; - org.eclipse.jdt.internal.compiler.lookup.ModuleBinding::isPackageExportedTo@30 (line 520)
                      ; - org.eclipse.jdt.internal.compiler.lookup.ModuleBinding$UnNamedModule::canAccess@71 (line 90)
  0x000001b8ba30c418: e475 5dfe 

  0x000001b8ba30c41c: ;   {other}
  0x000001b8ba30c41c: 0f1f 8400 | 0c08 0017 | baf6 ffff 

  0x000001b8ba30c428: ;   {runtime_call UncommonTrapBlob}
  0x000001b8ba30c428: ff66 90e8 

  0x000001b8ba30c42c: ; ImmutableOopMap {}
                      ;*arraylength {reexecute=0 rethrow=0 return_oop=0}
                      ; - org.eclipse.jdt.internal.compiler.lookup.ModuleBinding::isPackageExportedTo@40 (line 521)
                      ; - org.eclipse.jdt.internal.compiler.lookup.ModuleBinding$UnNamedModule::canAccess@71 (line 90)
  0x000001b8ba30c42c: d075 5dfe 

  0x000001b8ba30c430: ;   {other}
  0x000001b8ba30c430: 0f1f 8400 | 2008 0018 | ba45 ffff 

  0x000001b8ba30c43c: ;   {runtime_call UncommonTrapBlob}
  0x000001b8ba30c43c: ff66 90e8 

  0x000001b8ba30c440: ; ImmutableOopMap {rbp=NarrowOop }
                      ;*ifnull {reexecute=1 rethrow=0 return_oop=0}
                      ; - (reexecute) org.eclipse.jdt.internal.compiler.lookup.ModuleBinding$UnNamedModule::canAccess@60 (line 89)
  0x000001b8ba30c440: bc75 5dfe 

  0x000001b8ba30c444: ;   {other}
  0x000001b8ba30c444: 0f1f 8400 | 3408 0019 | eb02 eb00 | 488b d0eb | 05eb 0048 | 8bd0 4883 

  0x000001b8ba30c45c: ;   {runtime_call _rethrow_Java}
  0x000001b8ba30c45c: c440 5de9 | 9c11 69fe | baf6 ffff 

  0x000001b8ba30c468: ;   {runtime_call UncommonTrapBlob}
  0x000001b8ba30c468: ff66 90e8 

  0x000001b8ba30c46c: ; ImmutableOopMap {}
                      ;*getfield nameEnvironment {reexecute=1 rethrow=0 return_oop=0}
                      ; - (reexecute) org.eclipse.jdt.internal.compiler.lookup.ModuleBinding::completeIfNeeded@26 (line 260)
                      ; - org.eclipse.jdt.internal.compiler.lookup.ModuleBinding::getExports@4 (line 203)
                      ; - org.eclipse.jdt.internal.compiler.lookup.BinaryModuleBinding::getExports@19 (line 177)
                      ; - org.eclipse.jdt.internal.compiler.lookup.ModuleBinding::isPackageExportedTo@30 (line 520)
                      ; - org.eclipse.jdt.internal.compiler.lookup.ModuleBinding$UnNamedModule::canAccess@71 (line 90)
  0x000001b8ba30c46c: 9075 5dfe 

  0x000001b8ba30c470: ;   {other}
  0x000001b8ba30c470: 0f1f 8400 | 6008 001a | baf4 ffff | ff48 ff74 | 2408 488f | 0424 4c89 | 4c24 084c | 8944 2410 
  0x000001b8ba30c490: 4c89 4424 

  0x000001b8ba30c494: ;   {runtime_call UncommonTrapBlob}
  0x000001b8ba30c494: 1866 90e8 

  0x000001b8ba30c498: ; ImmutableOopMap {[0]=Oop [8]=Oop [16]=Oop [24]=Oop }
                      ;*instanceof {reexecute=0 rethrow=0 return_oop=0}
                      ; - org.eclipse.jdt.internal.compiler.lookup.ModuleBinding::completeIfNeeded@29 (line 260)
                      ; - org.eclipse.jdt.internal.compiler.lookup.ModuleBinding::getExports@4 (line 203)
                      ; - org.eclipse.jdt.internal.compiler.lookup.BinaryModuleBinding::getExports@19 (line 177)
                      ; - org.eclipse.jdt.internal.compiler.lookup.ModuleBinding::isPackageExportedTo@30 (line 520)
                      ; - org.eclipse.jdt.internal.compiler.lookup.ModuleBinding$UnNamedModule::canAccess@71 (line 90)
  0x000001b8ba30c498: 6475 5dfe 

  0x000001b8ba30c49c: ;   {other}
  0x000001b8ba30c49c: 0f1f 8400 | 8c08 001b 

  0x000001b8ba30c4a4: ;   {internal_word}
  0x000001b8ba30c4a4: 49ba ffc0 | 30ba b801 | 0000 4d89 | 9768 0400 

  0x000001b8ba30c4b4: ;   {runtime_call SafepointBlob}
  0x000001b8ba30c4b4: 00e9 4686 

  0x000001b8ba30c4b8: ;   {runtime_call StubRoutines (final stubs)}
  0x000001b8ba30c4b8: 5dfe e821 | c55b fee9 | d6f9 ffff | f4f4 f4f4 
[Stub Code]
  0x000001b8ba30c4c8: ;   {no_reloc}
  0x000001b8ba30c4c8: 48bb 0000 | 0000 0000 

  0x000001b8ba30c4d0: ;   {runtime_call nmethod}
  0x000001b8ba30c4d0: 0000 e9fb 

  0x000001b8ba30c4d4: ;   {static_stub}
  0x000001b8ba30c4d4: ffff ff48 | bb00 0000 | 0000 0000 

  0x000001b8ba30c4e0: ;   {runtime_call nmethod}
  0x000001b8ba30c4e0: 00e9 fbff 

  0x000001b8ba30c4e4: ;   {static_stub}
  0x000001b8ba30c4e4: ffff 48bb | 0000 0000 | 0000 0000 

  0x000001b8ba30c4f0: ;   {runtime_call nmethod}
  0x000001b8ba30c4f0: e9fb ffff 

  0x000001b8ba30c4f4: ;   {static_stub}
  0x000001b8ba30c4f4: ff48 bb00 | 0000 0000 

  0x000001b8ba30c4fc: ;   {runtime_call nmethod}
  0x000001b8ba30c4fc: 0000 00e9 | fbff ffff 

  0x000001b8ba30c504: ;   {static_stub}
  0x000001b8ba30c504: 48bb 0000 | 0000 0000 

  0x000001b8ba30c50c: ;   {runtime_call nmethod}
  0x000001b8ba30c50c: 0000 e9fb 

  0x000001b8ba30c510: ;   {runtime_call ExceptionBlob}
  0x000001b8ba30c510: ffff ffe9 | 6898 68fe 
[Deopt Handler Code]
  0x000001b8ba30c518: e800 0000 | 0048 832c 

  0x000001b8ba30c520: ;   {runtime_call DeoptimizationBlob}
  0x000001b8ba30c520: 2405 e979 | 785d fef4 
[/MachCode]


---------------  P R O C E S S  ---------------

Threads class SMR info:
_java_thread_list=0x000001b91fd91290, length=44, elements={
0x000001b8ac94b000, 0x000001b907a18370, 0x000001b8c531cdc0, 0x000001b907a1d700,
0x000001b907a1e3e0, 0x000001b907a21310, 0x000001b907a26730, 0x000001b907a2ecc0,
0x000001b907a30a70, 0x000001b907ce2770, 0x000001b907d9d190, 0x000001b909744870,
0x000001b90e3e8df0, 0x000001b90950a630, 0x000001b90950b070, 0x000001b90e61be90,
0x000001b90eb84090, 0x000001b90e9dfaa0, 0x000001b90ecdd070, 0x000001b90f7b0b60,
0x000001b90f7b4d00, 0x000001b90f7b5390, 0x000001b90f7b1f10, 0x000001b90f7b7460,
0x000001b90f7b5a20, 0x000001b90f7b60b0, 0x000001b90f7b6740, 0x000001b90f7b6dd0,
0x000001b90f7b7af0, 0x000001b90f7b8180, 0x000001b911f211f0, 0x000001b911f20b60,
0x000001b911f21880, 0x000001b911f21f10, 0x000001b911f23950, 0x000001b911f225a0,
0x000001b911f22c30, 0x000001b911f232c0, 0x000001b90f5faa10, 0x000001b90f5f8940,
0x000001b90fb61840, 0x000001b90f5fb0a0, 0x000001b90f5fcae0, 0x000001b90f5f82b0
}

Java Threads: ( => current thread )
  0x000001b8ac94b000 JavaThread "main"                              [_thread_blocked, id=11712, stack(0x0000002bccb00000,0x0000002bccc00000) (1024K)]
  0x000001b907a18370 JavaThread "Reference Handler"          daemon [_thread_blocked, id=10076, stack(0x0000002bccf00000,0x0000002bcd000000) (1024K)]
  0x000001b8c531cdc0 JavaThread "Finalizer"                  daemon [_thread_blocked, id=24080, stack(0x0000002bcd000000,0x0000002bcd100000) (1024K)]
  0x000001b907a1d700 JavaThread "Signal Dispatcher"          daemon [_thread_blocked, id=17120, stack(0x0000002bcd100000,0x0000002bcd200000) (1024K)]
  0x000001b907a1e3e0 JavaThread "Attach Listener"            daemon [_thread_blocked, id=9444, stack(0x0000002bcd200000,0x0000002bcd300000) (1024K)]
  0x000001b907a21310 JavaThread "Service Thread"             daemon [_thread_blocked, id=23752, stack(0x0000002bcd300000,0x0000002bcd400000) (1024K)]
  0x000001b907a26730 JavaThread "Monitor Deflation Thread"   daemon [_thread_blocked, id=26576, stack(0x0000002bcd400000,0x0000002bcd500000) (1024K)]
  0x000001b907a2ecc0 JavaThread "C2 CompilerThread0"         daemon [_thread_blocked, id=4188, stack(0x0000002bcd500000,0x0000002bcd600000) (1024K)]
  0x000001b907a30a70 JavaThread "C1 CompilerThread0"         daemon [_thread_blocked, id=22472, stack(0x0000002bcd600000,0x0000002bcd700000) (1024K)]
  0x000001b907ce2770 JavaThread "Common-Cleaner"             daemon [_thread_blocked, id=24760, stack(0x0000002bcdb00000,0x0000002bcdc00000) (1024K)]
  0x000001b907d9d190 JavaThread "Notification Thread"        daemon [_thread_blocked, id=22520, stack(0x0000002bcdd00000,0x0000002bcde00000) (1024K)]
  0x000001b909744870 JavaThread "Active Thread: Equinox Container: 3e0863c2-9bd5-4550-8ca1-0a790bb33ea3"        [_thread_blocked, id=26036, stack(0x0000002bce600000,0x0000002bce700000) (1024K)]
  0x000001b90e3e8df0 JavaThread "Refresh Thread: Equinox Container: 3e0863c2-9bd5-4550-8ca1-0a790bb33ea3" daemon [_thread_blocked, id=3264, stack(0x0000002bce800000,0x0000002bce900000) (1024K)]
  0x000001b90950a630 JavaThread "Framework Event Dispatcher: Equinox Container: 3e0863c2-9bd5-4550-8ca1-0a790bb33ea3" daemon [_thread_blocked, id=23436, stack(0x0000002bce900000,0x0000002bcea00000) (1024K)]
  0x000001b90950b070 JavaThread "Start Level: Equinox Container: 3e0863c2-9bd5-4550-8ca1-0a790bb33ea3" daemon [_thread_blocked, id=26180, stack(0x0000002bcea00000,0x0000002bceb00000) (1024K)]
  0x000001b90e61be90 JavaThread "Bundle File Closer"         daemon [_thread_blocked, id=16080, stack(0x0000002bcee00000,0x0000002bcef00000) (1024K)]
  0x000001b90eb84090 JavaThread "SCR Component Actor"        daemon [_thread_blocked, id=9972, stack(0x0000002bcd900000,0x0000002bcda00000) (1024K)]
  0x000001b90e9dfaa0 JavaThread "Worker-JM"                         [_thread_blocked, id=10384, stack(0x0000002bcf200000,0x0000002bcf300000) (1024K)]
  0x000001b90ecdd070 JavaThread "JNA Cleaner"                daemon [_thread_blocked, id=21164, stack(0x0000002bcf500000,0x0000002bcf600000) (1024K)]
  0x000001b90f7b0b60 JavaThread "Java indexing"              daemon [_thread_blocked, id=24672, stack(0x0000002bcfa00000,0x0000002bcfb00000) (1024K)]
  0x000001b90f7b4d00 JavaThread "Thread-1"                   daemon [_thread_in_native, id=25176, stack(0x0000002bd0000000,0x0000002bd0100000) (1024K)]
  0x000001b90f7b5390 JavaThread "Thread-2"                   daemon [_thread_in_native, id=25852, stack(0x0000002bd0100000,0x0000002bd0200000) (1024K)]
  0x000001b90f7b1f10 JavaThread "Thread-3"                   daemon [_thread_in_native, id=5904, stack(0x0000002bd0200000,0x0000002bd0300000) (1024K)]
  0x000001b90f7b7460 JavaThread "Thread-4"                   daemon [_thread_in_native, id=25440, stack(0x0000002bd0300000,0x0000002bd0400000) (1024K)]
  0x000001b90f7b5a20 JavaThread "Thread-5"                   daemon [_thread_in_native, id=20500, stack(0x0000002bd0400000,0x0000002bd0500000) (1024K)]
  0x000001b90f7b60b0 JavaThread "Thread-6"                   daemon [_thread_in_native, id=18212, stack(0x0000002bd0500000,0x0000002bd0600000) (1024K)]
  0x000001b90f7b6740 JavaThread "Thread-7"                   daemon [_thread_in_native, id=26452, stack(0x0000002bd0600000,0x0000002bd0700000) (1024K)]
  0x000001b90f7b6dd0 JavaThread "Thread-8"                   daemon [_thread_in_native, id=21432, stack(0x0000002bd0700000,0x0000002bd0800000) (1024K)]
  0x000001b90f7b7af0 JavaThread "Thread-9"                   daemon [_thread_in_native, id=12392, stack(0x0000002bd0800000,0x0000002bd0900000) (1024K)]
  0x000001b90f7b8180 JavaThread "Thread-10"                  daemon [_thread_in_native, id=26172, stack(0x0000002bd0900000,0x0000002bd0a00000) (1024K)]
  0x000001b911f211f0 JavaThread "Thread-11"                  daemon [_thread_in_native, id=21140, stack(0x0000002bd0a00000,0x0000002bd0b00000) (1024K)]
  0x000001b911f20b60 JavaThread "Thread-12"                  daemon [_thread_in_native, id=9996, stack(0x0000002bd0b00000,0x0000002bd0c00000) (1024K)]
  0x000001b911f21880 JavaThread "Thread-13"                  daemon [_thread_in_native, id=25988, stack(0x0000002bd0c00000,0x0000002bd0d00000) (1024K)]
  0x000001b911f21f10 JavaThread "Thread-14"                  daemon [_thread_in_native, id=26344, stack(0x0000002bd0d00000,0x0000002bd0e00000) (1024K)]
  0x000001b911f23950 JavaThread "Thread-15"                  daemon [_thread_in_native, id=9724, stack(0x0000002bd0e00000,0x0000002bd0f00000) (1024K)]
  0x000001b911f225a0 JavaThread "Thread-16"                  daemon [_thread_in_native, id=26104, stack(0x0000002bd0f00000,0x0000002bd1000000) (1024K)]
  0x000001b911f22c30 JavaThread "Thread-17"                  daemon [_thread_in_native, id=10640, stack(0x0000002bd1000000,0x0000002bd1100000) (1024K)]
  0x000001b911f232c0 JavaThread "pool-2-thread-1"                   [_thread_blocked, id=22412, stack(0x0000002bd1100000,0x0000002bd1200000) (1024K)]
  0x000001b90f5faa10 JavaThread "WorkspaceEventsHandler"            [_thread_blocked, id=25160, stack(0x0000002bd1300000,0x0000002bd1400000) (1024K)]
  0x000001b90f5f8940 JavaThread "pool-1-thread-1"                   [_thread_blocked, id=23980, stack(0x0000002bd1400000,0x0000002bd1500000) (1024K)]
  0x000001b90fb61840 JavaThread "Cleaner-0"                  daemon [_thread_blocked, id=26140, stack(0x0000002bd5100000,0x0000002bd5200000) (1024K)]
  0x000001b90f5fb0a0 JavaThread "Worker-23"                         [_thread_blocked, id=26232, stack(0x0000002bcc900000,0x0000002bcca00000) (1024K)]
  0x000001b90f5fcae0 JavaThread "Worker-25"                         [_thread_blocked, id=25716, stack(0x0000002bcf100000,0x0000002bcf200000) (1024K)]
=>0x000001b90f5f82b0 JavaThread "ForkJoinPool.commonPool-worker-24" daemon [_thread_in_Java, id=8472, stack(0x0000002bcc800000,0x0000002bcc900000) (1024K)]
Total: 44

Other Threads:
  0x000001b8c5304950 VMThread "VM Thread"                           [id=25200, stack(0x0000002bcce00000,0x0000002bccf00000) (1024K)]
  0x000001b8c51fca00 WatcherThread "VM Periodic Task Thread"        [id=4672, stack(0x0000002bccd00000,0x0000002bcce00000) (1024K)]
  0x000001b8ac968b80 WorkerThread "GC Thread#0"                     [id=20024, stack(0x0000002bccc00000,0x0000002bccd00000) (1024K)]
  0x000001b90e0b0eb0 WorkerThread "GC Thread#1"                     [id=19876, stack(0x0000002bcde00000,0x0000002bcdf00000) (1024K)]
  0x000001b90e0b1260 WorkerThread "GC Thread#2"                     [id=17992, stack(0x0000002bcdf00000,0x0000002bce000000) (1024K)]
  0x000001b90e0b1610 WorkerThread "GC Thread#3"                     [id=26616, stack(0x0000002bce000000,0x0000002bce100000) (1024K)]
  0x000001b90e0b19c0 WorkerThread "GC Thread#4"                     [id=8260, stack(0x0000002bce100000,0x0000002bce200000) (1024K)]
  0x000001b90e0b2170 WorkerThread "GC Thread#5"                     [id=11624, stack(0x0000002bce200000,0x0000002bce300000) (1024K)]
  0x000001b90955c2a0 WorkerThread "GC Thread#6"                     [id=6860, stack(0x0000002bce300000,0x0000002bce400000) (1024K)]
  0x000001b90e2416f0 WorkerThread "GC Thread#7"                     [id=23080, stack(0x0000002bce700000,0x0000002bce800000) (1024K)]
  0x000001b90e8312a0 WorkerThread "GC Thread#8"                     [id=11300, stack(0x0000002bceb00000,0x0000002bcec00000) (1024K)]
  0x000001b90e831650 WorkerThread "GC Thread#9"                     [id=25392, stack(0x0000002bcec00000,0x0000002bced00000) (1024K)]
  0x000001b90e97bd30 WorkerThread "GC Thread#10"                    [id=24620, stack(0x0000002bced00000,0x0000002bcee00000) (1024K)]
  0x000001b90ee59560 WorkerThread "GC Thread#11"                    [id=25856, stack(0x0000002bcf300000,0x0000002bcf400000) (1024K)]
  0x000001b90ee5a420 WorkerThread "GC Thread#12"                    [id=5984, stack(0x0000002bcf400000,0x0000002bcf500000) (1024K)]
Total: 15

Threads with active compile tasks:
Total: 0

VM state: not at safepoint (normal execution)

VM Mutex/Monitor currently owned by a thread: None

Heap address: 0x0000000080000000, size: 2048 MB, Compressed Oops mode: 32-bit

CDS archive(s) mapped at: [0x000001b8c6000000-0x000001b8c6ba0000-0x000001b8c6ba0000), size 12189696, SharedBaseAddress: 0x000001b8c6000000, ArchiveRelocationMode: 1.
Compressed class space mapped at: 0x000001b8c7000000-0x000001b907000000, reserved size: 1073741824
Narrow klass base: 0x000001b8c6000000, Narrow klass shift: 0, Narrow klass range: 0x100000000

GC Precious Log:
 CardTable entry size: 512
 CPUs: 16 total, 16 available
 Memory: 32454M
 Large Page Support: Disabled
 NUMA Support: Disabled
 Compressed Oops: Enabled (32-bit)
 Alignments: Space 512K, Generation 512K, Heap 2M
 Heap Min Capacity: 100M
 Heap Initial Capacity: 100M
 Heap Max Capacity: 2G
 Pre-touch: Disabled
 Parallel Workers: 13

Heap:
 PSYoungGen      total 9216K, used 4562K [0x00000000d5580000, 0x00000000d5f80000, 0x0000000100000000)
  eden space 8192K, 50% used [0x00000000d5580000,0x00000000d59908c0,0x00000000d5d80000)
  from space 1024K, 39% used [0x00000000d5d80000,0x00000000d5de4030,0x00000000d5e80000)
  to   space 512K, 0% used [0x00000000d5f00000,0x00000000d5f00000,0x00000000d5f80000)
 ParOldGen       total 1007616K, used 149860K [0x0000000080000000, 0x00000000bd800000, 0x00000000d5580000)
  object space 1007616K, 14% used [0x0000000080000000,0x0000000089259100,0x00000000bd800000)
 Metaspace       used 82589K, committed 84800K, reserved 1179648K
  class space    used 8012K, committed 8960K, reserved 1048576K

Card table byte_map: [0x000001b8c0630000,0x000001b8c0a40000] _byte_map_base: 0x000001b8c0230000

Marking Bits: (ParMarkBitMap*) 0x00007ffeca633450
 Begin Bits: [0x000001b8c0cf0000, 0x000001b8c2cf0000)
 End Bits:   [0x000001b8c2cf0000, 0x000001b8c4cf0000)

Polling page: 0x000001b8ae2d0000

Metaspace:

Usage:
  Non-class:     72.83 MB used.
      Class:      7.82 MB used.
       Both:     80.65 MB used.

Virtual space:
  Non-class space:      128.00 MB reserved,      74.06 MB ( 58%) committed,  2 nodes.
      Class space:        1.00 GB reserved,       8.75 MB ( <1%) committed,  1 nodes.
             Both:        1.12 GB reserved,      82.81 MB (  7%) committed. 

Chunk freelists:
   Non-Class:  5.80 MB
       Class:  7.49 MB
        Both:  13.29 MB

MaxMetaspaceSize: unlimited
CompressedClassSpaceSize: 1.00 GB
Initial GC threshold: 21.00 MB
Current GC threshold: 138.06 MB
CDS: on
 - commit_granule_bytes: 65536.
 - commit_granule_words: 8192.
 - virtual_space_node_default_size: 8388608.
 - enlarge_chunks_in_place: 1.
 - use_allocation_guard: 0.


Internal statistics:

num_allocs_failed_limit: 9.
num_arena_births: 1622.
num_arena_deaths: 452.
num_vsnodes_births: 3.
num_vsnodes_deaths: 0.
num_space_committed: 1325.
num_space_uncommitted: 0.
num_chunks_returned_to_freelist: 541.
num_chunks_taken_from_freelist: 5837.
num_chunk_merges: 141.
num_chunk_splits: 3519.
num_chunks_enlarged: 1969.
num_inconsistent_stats: 0.

CodeHeap 'non-profiled nmethods': size=119168Kb used=28611Kb max_used=35059Kb free=90556Kb
 bounds [0x000001b8b8fe0000, 0x000001b8bb220000, 0x000001b8c0440000]
CodeHeap 'profiled nmethods': size=119104Kb used=40764Kb max_used=54210Kb free=78339Kb
 bounds [0x000001b8b1440000, 0x000001b8b4940000, 0x000001b8b8890000]
CodeHeap 'non-nmethods': size=7488Kb used=1481Kb max_used=3251Kb free=6006Kb
 bounds [0x000001b8b8890000, 0x000001b8b8bd0000, 0x000001b8b8fe0000]
CodeCache: size=245760Kb, used=70856Kb, max_used=92520Kb, free=174901Kb
 total_blobs=19046, nmethods=18250, adapters=698, full_count=0
Compilation: enabled, stopped_count=0, restarted_count=0

Compilation events (20 events):
Event: 39515.570 Thread 0x000001b907a2ecc0 27172   !   4       java.util.concurrent.ScheduledThreadPoolExecutor$DelayedWorkQueue::take (203 bytes)
Event: 39515.588 Thread 0x000001b907a2ecc0 nmethod 27172 0x000001b8b9318c90 code [0x000001b8b9319020, 0x000001b8b931a670]
Event: 39520.528 Thread 0x000001b907a2ecc0 27173       4       java.util.concurrent.ScheduledThreadPoolExecutor::triggerTime (22 bytes)
Event: 39520.529 Thread 0x000001b907a2ecc0 nmethod 27173 0x000001b8b9023e90 code [0x000001b8b9024020, 0x000001b8b9024110]
Event: 39545.606 Thread 0x000001b907a2ecc0 27174       4       java.util.concurrent.ScheduledThreadPoolExecutor$ScheduledFutureTask::run (57 bytes)
Event: 39545.614 Thread 0x000001b907a2ecc0 nmethod 27174 0x000001b8b9d8df10 code [0x000001b8b9d8e1c0, 0x000001b8b9d8ed30]
Event: 40536.381 Thread 0x000001b907a2ecc0 27175       4       java.util.concurrent.ScheduledThreadPoolExecutor$ScheduledFutureTask::run (57 bytes)
Event: 40536.392 Thread 0x000001b907a2ecc0 nmethod 27175 0x000001b8b9601e10 code [0x000001b8b96020c0, 0x000001b8b9602c00]
Event: 42544.932 Thread 0x000001b907a30a70 27176   !   3       org.eclipse.core.internal.jobs.WorkerPool::startJob (345 bytes)
Event: 42544.937 Thread 0x000001b907a30a70 nmethod 27176 0x000001b8b19c4110 code [0x000001b8b19c46a0, 0x000001b8b19c71b0]
Event: 43924.884 Thread 0x000001b907a2ecc0 27177       4       java.util.concurrent.atomic.AtomicLong::updateAndGet (59 bytes)
Event: 43924.888 Thread 0x000001b907a2ecc0 nmethod 27177 0x000001b8b92cc210 code [0x000001b8b92cc3a0, 0x000001b8b92cc528]
Event: 43924.888 Thread 0x000001b907a2ecc0 27178       4       org.eclipse.core.internal.jobs.JobManager::lifeTimeInMs (19 bytes)
Event: 43924.889 Thread 0x000001b907a2ecc0 nmethod 27178 0x000001b8b9025d10 code [0x000001b8b9025ea0, 0x000001b8b9025f70]
Event: 43924.889 Thread 0x000001b907a2ecc0 27179       4       java.util.concurrent.atomic.AtomicLong::weakCompareAndSetVolatile (13 bytes)
Event: 43924.889 Thread 0x000001b907a2ecc0 nmethod 27179 0x000001b8b902cb90 code [0x000001b8b902cd20, 0x000001b8b902cdc0]
Event: 53806.792 Thread 0x000001b907a2ecc0 27180       4       org.eclipse.jdt.ls.core.internal.ParentProcessWatcher::run (83 bytes)
Event: 53806.796 Thread 0x000001b907a2ecc0 nmethod 27180 0x000001b8b8ff8690 code [0x000001b8b8ff8840, 0x000001b8b8ff8a20]
Event: 59439.331 Thread 0x000001b907a2ecc0 27181       4       com.google.gson.stream.JsonReader::doPeek (785 bytes)
Event: 59439.336 Thread 0x000001b907a2ecc0 nmethod 27181 0x000001b8b901fa10 code [0x000001b8b901fc80, 0x000001b8b90202e8]

GC Heap History (20 events):
Event: 1704.766 GC heap before
{Heap before GC invocations=2938 (full 5):
 PSYoungGen      total 7680K, used 7661K [0x00000000d5580000, 0x00000000d6100000, 0x0000000100000000)
  eden space 6656K, 100% used [0x00000000d5580000,0x00000000d5c00000,0x00000000d5c00000)
  from space 1024K, 98% used [0x00000000d5e00000,0x00000000d5efb6b8,0x00000000d5f00000)
  to   space 2048K, 0% used [0x00000000d5c00000,0x00000000d5c00000,0x00000000d5e00000)
 ParOldGen       total 1002496K, used 1002491K [0x0000000080000000, 0x00000000bd300000, 0x00000000d5580000)
  object space 1002496K, 99% used [0x0000000080000000,0x00000000bd2fec28,0x00000000bd300000)
 Metaspace       used 82931K, committed 84800K, reserved 1179648K
  class space    used 8121K, committed 8960K, reserved 1048576K
}
Event: 1704.769 GC heap after
{Heap after GC invocations=2938 (full 5):
 PSYoungGen      total 8704K, used 544K [0x00000000d5580000, 0x00000000d5f80000, 0x0000000100000000)
  eden space 6656K, 0% used [0x00000000d5580000,0x00000000d5580000,0x00000000d5c00000)
  from space 2048K, 26% used [0x00000000d5c00000,0x00000000d5c88000,0x00000000d5e00000)
  to   space 1024K, 0% used [0x00000000d5e80000,0x00000000d5e80000,0x00000000d5f80000)
 ParOldGen       total 1003520K, used 1003501K [0x0000000080000000, 0x00000000bd400000, 0x00000000d5580000)
  object space 1003520K, 99% used [0x0000000080000000,0x00000000bd3fb580,0x00000000bd400000)
 Metaspace       used 82931K, committed 84800K, reserved 1179648K
  class space    used 8121K, committed 8960K, reserved 1048576K
}
Event: 1704.778 GC heap before
{Heap before GC invocations=2939 (full 5):
 PSYoungGen      total 8704K, used 7200K [0x00000000d5580000, 0x00000000d5f80000, 0x0000000100000000)
  eden space 6656K, 100% used [0x00000000d5580000,0x00000000d5c00000,0x00000000d5c00000)
  from space 2048K, 26% used [0x00000000d5c00000,0x00000000d5c88000,0x00000000d5e00000)
  to   space 1024K, 0% used [0x00000000d5e80000,0x00000000d5e80000,0x00000000d5f80000)
 ParOldGen       total 1003520K, used 1003501K [0x0000000080000000, 0x00000000bd400000, 0x00000000d5580000)
  object space 1003520K, 99% used [0x0000000080000000,0x00000000bd3fb580,0x00000000bd400000)
 Metaspace       used 82931K, committed 84800K, reserved 1179648K
  class space    used 8121K, committed 8960K, reserved 1048576K
}
Event: 1704.781 GC heap after
{Heap after GC invocations=2939 (full 5):
 PSYoungGen      total 9216K, used 704K [0x00000000d5580000, 0x00000000d5f80000, 0x0000000100000000)
  eden space 8192K, 0% used [0x00000000d5580000,0x00000000d5580000,0x00000000d5d80000)
  from space 1024K, 68% used [0x00000000d5e80000,0x00000000d5f30000,0x00000000d5f80000)
  to   space 1024K, 0% used [0x00000000d5d80000,0x00000000d5d80000,0x00000000d5e80000)
 ParOldGen       total 1004032K, used 1003953K [0x0000000080000000, 0x00000000bd480000, 0x00000000d5580000)
  object space 1004032K, 99% used [0x0000000080000000,0x00000000bd46c698,0x00000000bd480000)
 Metaspace       used 82931K, committed 84800K, reserved 1179648K
  class space    used 8121K, committed 8960K, reserved 1048576K
}
Event: 1704.797 GC heap before
{Heap before GC invocations=2940 (full 5):
 PSYoungGen      total 9216K, used 8896K [0x00000000d5580000, 0x00000000d5f80000, 0x0000000100000000)
  eden space 8192K, 100% used [0x00000000d5580000,0x00000000d5d80000,0x00000000d5d80000)
  from space 1024K, 68% used [0x00000000d5e80000,0x00000000d5f30000,0x00000000d5f80000)
  to   space 1024K, 0% used [0x00000000d5d80000,0x00000000d5d80000,0x00000000d5e80000)
 ParOldGen       total 1004032K, used 1003953K [0x0000000080000000, 0x00000000bd480000, 0x00000000d5580000)
  object space 1004032K, 99% used [0x0000000080000000,0x00000000bd46c698,0x00000000bd480000)
 Metaspace       used 82931K, committed 84800K, reserved 1179648K
  class space    used 8121K, committed 8960K, reserved 1048576K
}
Event: 1704.800 GC heap after
{Heap after GC invocations=2940 (full 5):
 PSYoungGen      total 9216K, used 960K [0x00000000d5580000, 0x00000000d6180000, 0x0000000100000000)
  eden space 8192K, 0% used [0x00000000d5580000,0x00000000d5580000,0x00000000d5d80000)
  from space 1024K, 93% used [0x00000000d5d80000,0x00000000d5e70020,0x00000000d5e80000)
  to   space 1024K, 0% used [0x00000000d6080000,0x00000000d6080000,0x00000000d6180000)
 ParOldGen       total 1004544K, used 1004481K [0x0000000080000000, 0x00000000bd500000, 0x00000000d5580000)
  object space 1004544K, 99% used [0x0000000080000000,0x00000000bd4f0718,0x00000000bd500000)
 Metaspace       used 82931K, committed 84800K, reserved 1179648K
  class space    used 8121K, committed 8960K, reserved 1048576K
}
Event: 1704.817 GC heap before
{Heap before GC invocations=2941 (full 5):
 PSYoungGen      total 9216K, used 9152K [0x00000000d5580000, 0x00000000d6180000, 0x0000000100000000)
  eden space 8192K, 100% used [0x00000000d5580000,0x00000000d5d80000,0x00000000d5d80000)
  from space 1024K, 93% used [0x00000000d5d80000,0x00000000d5e70020,0x00000000d5e80000)
  to   space 1024K, 0% used [0x00000000d6080000,0x00000000d6080000,0x00000000d6180000)
 ParOldGen       total 1004544K, used 1004481K [0x0000000080000000, 0x00000000bd500000, 0x00000000d5580000)
  object space 1004544K, 99% used [0x0000000080000000,0x00000000bd4f0718,0x00000000bd500000)
 Metaspace       used 82931K, committed 84800K, reserved 1179648K
  class space    used 8121K, committed 8960K, reserved 1048576K
}
Event: 1704.820 GC heap after
{Heap after GC invocations=2941 (full 5):
 PSYoungGen      total 9216K, used 832K [0x00000000d5580000, 0x00000000d6180000, 0x0000000100000000)
  eden space 8192K, 0% used [0x00000000d5580000,0x00000000d5580000,0x00000000d5d80000)
  from space 1024K, 81% used [0x00000000d6080000,0x00000000d6150000,0x00000000d6180000)
  to   space 1024K, 0% used [0x00000000d5d80000,0x00000000d5d80000,0x00000000d5e80000)
 ParOldGen       total 1005568K, used 1005265K [0x0000000080000000, 0x00000000bd600000, 0x00000000d5580000)
  object space 1005568K, 99% used [0x0000000080000000,0x00000000bd5b4778,0x00000000bd600000)
 Metaspace       used 82931K, committed 84800K, reserved 1179648K
  class space    used 8121K, committed 8960K, reserved 1048576K
}
Event: 3003.579 GC heap before
{Heap before GC invocations=2942 (full 5):
 PSYoungGen      total 9216K, used 9024K [0x00000000d5580000, 0x00000000d6180000, 0x0000000100000000)
  eden space 8192K, 100% used [0x00000000d5580000,0x00000000d5d80000,0x00000000d5d80000)
  from space 1024K, 81% used [0x00000000d6080000,0x00000000d6150000,0x00000000d6180000)
  to   space 1024K, 0% used [0x00000000d5d80000,0x00000000d5d80000,0x00000000d5e80000)
 ParOldGen       total 1005568K, used 1005265K [0x0000000080000000, 0x00000000bd600000, 0x00000000d5580000)
  object space 1005568K, 99% used [0x0000000080000000,0x00000000bd5b4778,0x00000000bd600000)
 Metaspace       used 82945K, committed 84800K, reserved 1179648K
  class space    used 8121K, committed 8960K, reserved 1048576K
}
Event: 3003.583 GC heap after
{Heap after GC invocations=2942 (full 5):
 PSYoungGen      total 9216K, used 631K [0x00000000d5580000, 0x00000000d6100000, 0x0000000100000000)
  eden space 8192K, 0% used [0x00000000d5580000,0x00000000d5580000,0x00000000d5d80000)
  from space 1024K, 61% used [0x00000000d5d80000,0x00000000d5e1ddd0,0x00000000d5e80000)
  to   space 1024K, 0% used [0x00000000d6000000,0x00000000d6000000,0x00000000d6100000)
 ParOldGen       total 1006080K, used 1005885K [0x0000000080000000, 0x00000000bd680000, 0x00000000d5580000)
  object space 1006080K, 99% used [0x0000000080000000,0x00000000bd64f7e8,0x00000000bd680000)
 Metaspace       used 82945K, committed 84800K, reserved 1179648K
  class space    used 8121K, committed 8960K, reserved 1048576K
}
Event: 3247.716 GC heap before
{Heap before GC invocations=2943 (full 5):
 PSYoungGen      total 9216K, used 8823K [0x00000000d5580000, 0x00000000d6100000, 0x0000000100000000)
  eden space 8192K, 100% used [0x00000000d5580000,0x00000000d5d80000,0x00000000d5d80000)
  from space 1024K, 61% used [0x00000000d5d80000,0x00000000d5e1ddd0,0x00000000d5e80000)
  to   space 1024K, 0% used [0x00000000d6000000,0x00000000d6000000,0x00000000d6100000)
 ParOldGen       total 1006080K, used 1005885K [0x0000000080000000, 0x00000000bd680000, 0x00000000d5580000)
  object space 1006080K, 99% used [0x0000000080000000,0x00000000bd64f7e8,0x00000000bd680000)
 Metaspace       used 82946K, committed 84800K, reserved 1179648K
  class space    used 8121K, committed 8960K, reserved 1048576K
}
Event: 3247.717 GC heap after
{Heap after GC invocations=2943 (full 5):
 PSYoungGen      total 9216K, used 1001K [0x00000000d5580000, 0x00000000d6180000, 0x0000000100000000)
  eden space 8192K, 0% used [0x00000000d5580000,0x00000000d5580000,0x00000000d5d80000)
  from space 1024K, 97% used [0x00000000d6000000,0x00000000d60fa420,0x00000000d6100000)
  to   space 2048K, 0% used [0x00000000d5d80000,0x00000000d5d80000,0x00000000d5f80000)
 ParOldGen       total 1006592K, used 1006314K [0x0000000080000000, 0x00000000bd700000, 0x00000000d5580000)
  object space 1006592K, 99% used [0x0000000080000000,0x00000000bd6ba8d8,0x00000000bd700000)
 Metaspace       used 82946K, committed 84800K, reserved 1179648K
  class space    used 8121K, committed 8960K, reserved 1048576K
}
Event: 3247.731 GC heap before
{Heap before GC invocations=2944 (full 5):
 PSYoungGen      total 9216K, used 8660K [0x00000000d5580000, 0x00000000d6180000, 0x0000000100000000)
  eden space 8192K, 93% used [0x00000000d5580000,0x00000000d5cfac50,0x00000000d5d80000)
  from space 1024K, 97% used [0x00000000d6000000,0x00000000d60fa420,0x00000000d6100000)
  to   space 2048K, 0% used [0x00000000d5d80000,0x00000000d5d80000,0x00000000d5f80000)
 ParOldGen       total 1006592K, used 1006314K [0x0000000080000000, 0x00000000bd700000, 0x00000000d5580000)
  object space 1006592K, 99% used [0x0000000080000000,0x00000000bd6ba8d8,0x00000000bd700000)
 Metaspace       used 82954K, committed 84800K, reserved 1179648K
  class space    used 8121K, committed 8960K, reserved 1048576K
}
Event: 3247.732 GC heap after
{Heap after GC invocations=2944 (full 5):
 PSYoungGen      total 9728K, used 1120K [0x00000000d5580000, 0x00000000d6080000, 0x0000000100000000)
  eden space 8192K, 0% used [0x00000000d5580000,0x00000000d5580000,0x00000000d5d80000)
  from space 1536K, 72% used [0x00000000d5d80000,0x00000000d5e98000,0x00000000d5f00000)
  to   space 1536K, 0% used [0x00000000d5f00000,0x00000000d5f00000,0x00000000d6080000)
 ParOldGen       total 1007616K, used 1007198K [0x0000000080000000, 0x00000000bd800000, 0x00000000d5580000)
  object space 1007616K, 99% used [0x0000000080000000,0x00000000bd797b48,0x00000000bd800000)
 Metaspace       used 82954K, committed 84800K, reserved 1179648K
  class space    used 8121K, committed 8960K, reserved 1048576K
}
Event: 3247.732 GC heap before
{Heap before GC invocations=2945 (full 6):
 PSYoungGen      total 9728K, used 1120K [0x00000000d5580000, 0x00000000d6080000, 0x0000000100000000)
  eden space 8192K, 0% used [0x00000000d5580000,0x00000000d5580000,0x00000000d5d80000)
  from space 1536K, 72% used [0x00000000d5d80000,0x00000000d5e98000,0x00000000d5f00000)
  to   space 1536K, 0% used [0x00000000d5f00000,0x00000000d5f00000,0x00000000d6080000)
 ParOldGen       total 1007616K, used 1007198K [0x0000000080000000, 0x00000000bd800000, 0x00000000d5580000)
  object space 1007616K, 99% used [0x0000000080000000,0x00000000bd797b48,0x00000000bd800000)
 Metaspace       used 82954K, committed 84800K, reserved 1179648K
  class space    used 8121K, committed 8960K, reserved 1048576K
}
Event: 3247.869 GC heap after
{Heap after GC invocations=2945 (full 6):
 PSYoungGen      total 9728K, used 0K [0x00000000d5580000, 0x00000000d6080000, 0x0000000100000000)
  eden space 8192K, 0% used [0x00000000d5580000,0x00000000d5580000,0x00000000d5d80000)
  from space 1536K, 0% used [0x00000000d5d80000,0x00000000d5d80000,0x00000000d5f00000)
  to   space 1536K, 0% used [0x00000000d5f00000,0x00000000d5f00000,0x00000000d6080000)
 ParOldGen       total 1007616K, used 149692K [0x0000000080000000, 0x00000000bd800000, 0x00000000d5580000)
  object space 1007616K, 14% used [0x0000000080000000,0x000000008922f0f0,0x00000000bd800000)
 Metaspace       used 82541K, committed 84800K, reserved 1179648K
  class space    used 8012K, committed 8960K, reserved 1048576K
}
Event: 30004.476 GC heap before
{Heap before GC invocations=2946 (full 6):
 PSYoungGen      total 9728K, used 8191K [0x00000000d5580000, 0x00000000d6080000, 0x0000000100000000)
  eden space 8192K, 99% used [0x00000000d5580000,0x00000000d5d7ff60,0x00000000d5d80000)
  from space 1536K, 0% used [0x00000000d5d80000,0x00000000d5d80000,0x00000000d5f00000)
  to   space 1536K, 0% used [0x00000000d5f00000,0x00000000d5f00000,0x00000000d6080000)
 ParOldGen       total 1007616K, used 149692K [0x0000000080000000, 0x00000000bd800000, 0x00000000d5580000)
  object space 1007616K, 14% used [0x0000000080000000,0x000000008922f0f0,0x00000000bd800000)
 Metaspace       used 82583K, committed 84800K, reserved 1179648K
  class space    used 8012K, committed 8960K, reserved 1048576K
}
Event: 30004.480 GC heap after
{Heap after GC invocations=2946 (full 6):
 PSYoungGen      total 8704K, used 416K [0x00000000d5580000, 0x00000000d5f80000, 0x0000000100000000)
  eden space 8192K, 0% used [0x00000000d5580000,0x00000000d5580000,0x00000000d5d80000)
  from space 512K, 81% used [0x00000000d5f00000,0x00000000d5f68000,0x00000000d5f80000)
  to   space 1024K, 0% used [0x00000000d5d80000,0x00000000d5d80000,0x00000000d5e80000)
 ParOldGen       total 1007616K, used 149700K [0x0000000080000000, 0x00000000bd800000, 0x00000000d5580000)
  object space 1007616K, 14% used [0x0000000080000000,0x00000000892310f0,0x00000000bd800000)
 Metaspace       used 82583K, committed 84800K, reserved 1179648K
  class space    used 8012K, committed 8960K, reserved 1048576K
}
Event: 59439.338 GC heap before
{Heap before GC invocations=2947 (full 6):
 PSYoungGen      total 8704K, used 8608K [0x00000000d5580000, 0x00000000d5f80000, 0x0000000100000000)
  eden space 8192K, 100% used [0x00000000d5580000,0x00000000d5d80000,0x00000000d5d80000)
  from space 512K, 81% used [0x00000000d5f00000,0x00000000d5f68000,0x00000000d5f80000)
  to   space 1024K, 0% used [0x00000000d5d80000,0x00000000d5d80000,0x00000000d5e80000)
 ParOldGen       total 1007616K, used 149700K [0x0000000080000000, 0x00000000bd800000, 0x00000000d5580000)
  object space 1007616K, 14% used [0x0000000080000000,0x00000000892310f0,0x00000000bd800000)
 Metaspace       used 82589K, committed 84800K, reserved 1179648K
  class space    used 8012K, committed 8960K, reserved 1048576K
}
Event: 59439.339 GC heap after
{Heap after GC invocations=2947 (full 6):
 PSYoungGen      total 9216K, used 400K [0x00000000d5580000, 0x00000000d5f80000, 0x0000000100000000)
  eden space 8192K, 0% used [0x00000000d5580000,0x00000000d5580000,0x00000000d5d80000)
  from space 1024K, 39% used [0x00000000d5d80000,0x00000000d5de4030,0x00000000d5e80000)
  to   space 512K, 0% used [0x00000000d5f00000,0x00000000d5f00000,0x00000000d5f80000)
 ParOldGen       total 1007616K, used 149860K [0x0000000080000000, 0x00000000bd800000, 0x00000000d5580000)
  object space 1007616K, 14% used [0x0000000080000000,0x0000000089259100,0x00000000bd800000)
 Metaspace       used 82589K, committed 84800K, reserved 1179648K
  class space    used 8012K, committed 8960K, reserved 1048576K
}

Dll operation events (10 events):
Event: 0.008 Loaded shared library c:\Users\Akanksha.Surve\.antigravity\extensions\redhat.java-1.54.0-win32-x64\jre\21.0.10-win32-x86_64\bin\java.dll
Event: 0.040 Loaded shared library c:\Users\Akanksha.Surve\.antigravity\extensions\redhat.java-1.54.0-win32-x64\jre\21.0.10-win32-x86_64\bin\zip.dll
Event: 0.052 Loaded shared library C:\Users\Akanksha.Surve\.antigravity\extensions\redhat.java-1.54.0-win32-x64\jre\21.0.10-win32-x86_64\bin\instrument.dll
Event: 0.055 Loaded shared library C:\Users\Akanksha.Surve\.antigravity\extensions\redhat.java-1.54.0-win32-x64\jre\21.0.10-win32-x86_64\bin\net.dll
Event: 0.056 Loaded shared library C:\Users\Akanksha.Surve\.antigravity\extensions\redhat.java-1.54.0-win32-x64\jre\21.0.10-win32-x86_64\bin\nio.dll
Event: 0.058 Loaded shared library C:\Users\Akanksha.Surve\.antigravity\extensions\redhat.java-1.54.0-win32-x64\jre\21.0.10-win32-x86_64\bin\zip.dll
Event: 0.068 Loaded shared library C:\Users\Akanksha.Surve\.antigravity\extensions\redhat.java-1.54.0-win32-x64\jre\21.0.10-win32-x86_64\bin\jimage.dll
Event: 0.108 Loaded shared library c:\Users\Akanksha.Surve\.antigravity\extensions\redhat.java-1.54.0-win32-x64\jre\21.0.10-win32-x86_64\bin\verify.dll
Event: 0.709 Loaded shared library C:\Users\Akanksha.Surve\AppData\Roaming\Antigravity\User\globalStorage\redhat.java\1.54.0\config_win\org.eclipse.equinox.launcher\org.eclipse.equinox.launcher.win32.win32.x86_64_1.3.0.v20260203-2149\eclipse_11919.dll
Event: 3.361 Loaded shared library C:\Users\Akanksha.Surve\AppData\Local\Temp\jna-907455049\jna11947472707101475916.dll

Deoptimization events (20 events):
Event: 39550.531 Thread 0x000001b909744870 Uncommon trap: trap_request=0xffffffd6 fr.pc=0x000001b8b9d8e7c4 relative=0x0000000000000604
Event: 39550.531 Thread 0x000001b909744870 Uncommon trap: reason=array_check action=maybe_recompile pc=0x000001b8b9d8e7c4 method=java.util.concurrent.ScheduledThreadPoolExecutor$DelayedWorkQueue.offer(Ljava/lang/Runnable;)Z @ 65 c2
Event: 39550.531 Thread 0x000001b909744870 DEOPT PACKING pc=0x000001b8b9d8e7c4 sp=0x0000002bce6ff220
Event: 39550.531 Thread 0x000001b909744870 DEOPT UNPACKING pc=0x000001b8b88e3aa2 sp=0x0000002bce6ff030 mode 2
Event: 39555.606 Thread 0x000001b911f232c0 Uncommon trap: trap_request=0xffffffd6 fr.pc=0x000001b8b9d8e7c4 relative=0x0000000000000604
Event: 39555.606 Thread 0x000001b911f232c0 Uncommon trap: reason=array_check action=maybe_recompile pc=0x000001b8b9d8e7c4 method=java.util.concurrent.ScheduledThreadPoolExecutor$DelayedWorkQueue.offer(Ljava/lang/Runnable;)Z @ 65 c2
Event: 39555.606 Thread 0x000001b911f232c0 DEOPT PACKING pc=0x000001b8b9d8e7c4 sp=0x0000002bd11ff1c0
Event: 39555.606 Thread 0x000001b911f232c0 DEOPT UNPACKING pc=0x000001b8b88e3aa2 sp=0x0000002bd11fefd0 mode 2
Event: 39565.615 Thread 0x000001b911f232c0 Uncommon trap: trap_request=0xffffffd6 fr.pc=0x000001b8b9d8e7c4 relative=0x0000000000000604
Event: 39565.615 Thread 0x000001b911f232c0 Uncommon trap: reason=array_check action=maybe_recompile pc=0x000001b8b9d8e7c4 method=java.util.concurrent.ScheduledThreadPoolExecutor$DelayedWorkQueue.offer(Ljava/lang/Runnable;)Z @ 65 c2
Event: 39565.615 Thread 0x000001b911f232c0 DEOPT PACKING pc=0x000001b8b9d8e7c4 sp=0x0000002bd11ff1c0
Event: 39565.615 Thread 0x000001b911f232c0 DEOPT UNPACKING pc=0x000001b8b88e3aa2 sp=0x0000002bd11fefd0 mode 2
Event: 39575.629 Thread 0x000001b911f232c0 Uncommon trap: trap_request=0xffffffd6 fr.pc=0x000001b8b9d8e7c4 relative=0x0000000000000604
Event: 39575.629 Thread 0x000001b911f232c0 Uncommon trap: reason=array_check action=maybe_recompile pc=0x000001b8b9d8e7c4 method=java.util.concurrent.ScheduledThreadPoolExecutor$DelayedWorkQueue.offer(Ljava/lang/Runnable;)Z @ 65 c2
Event: 39575.629 Thread 0x000001b911f232c0 DEOPT PACKING pc=0x000001b8b9d8e7c4 sp=0x0000002bd11ff1c0
Event: 39575.629 Thread 0x000001b911f232c0 DEOPT UNPACKING pc=0x000001b8b88e3aa2 sp=0x0000002bd11fefd0 mode 2
Event: 59439.345 Thread 0x000001b90f5f82b0 Uncommon trap: trap_request=0xffffff45 fr.pc=0x000001b8b9264d44 relative=0x00000000000000a4
Event: 59439.345 Thread 0x000001b90f5f82b0 Uncommon trap: reason=unstable_if action=reinterpret pc=0x000001b8b9264d44 method=lombok.core.configuration.FileSystemSourceCache.cacheClear()V @ 16 c2
Event: 59439.345 Thread 0x000001b90f5f82b0 DEOPT PACKING pc=0x000001b8b9264d44 sp=0x0000002bcc8fe020
Event: 59439.345 Thread 0x000001b90f5f82b0 DEOPT UNPACKING pc=0x000001b8b88e3aa2 sp=0x0000002bcc8fdfb8 mode 2

Classes loaded (20 events):
Event: 709.711 Loading class jdk/internal/module/IllegalAccessLogger
Event: 709.711 Loading class jdk/internal/module/IllegalAccessLogger done
Event: 709.974 Loading class jdk/internal/module/IllegalAccessLogger
Event: 709.974 Loading class jdk/internal/module/IllegalAccessLogger done
Event: 832.063 Loading class jdk/internal/module/IllegalAccessLogger
Event: 832.063 Loading class jdk/internal/module/IllegalAccessLogger done
Event: 832.485 Loading class jdk/internal/module/IllegalAccessLogger
Event: 832.485 Loading class jdk/internal/module/IllegalAccessLogger done
Event: 972.490 Loading class jdk/internal/module/IllegalAccessLogger
Event: 972.490 Loading class jdk/internal/module/IllegalAccessLogger done
Event: 1115.863 Loading class jdk/internal/module/IllegalAccessLogger
Event: 1115.863 Loading class jdk/internal/module/IllegalAccessLogger done
Event: 1406.041 Loading class jdk/internal/module/IllegalAccessLogger
Event: 1406.041 Loading class jdk/internal/module/IllegalAccessLogger done
Event: 1406.919 Loading class jdk/internal/module/IllegalAccessLogger
Event: 1406.919 Loading class jdk/internal/module/IllegalAccessLogger done
Event: 1560.668 Loading class jdk/internal/module/IllegalAccessLogger
Event: 1560.668 Loading class jdk/internal/module/IllegalAccessLogger done
Event: 1701.984 Loading class jdk/internal/module/IllegalAccessLogger
Event: 1701.984 Loading class jdk/internal/module/IllegalAccessLogger done

Classes unloaded (20 events):
Event: 3247.759 Thread 0x000001b8c5304950 Unloading class 0x000001b8c7014800 'java/lang/invoke/LambdaForm$MH+0x000001b8c7014800'
Event: 3247.759 Thread 0x000001b8c5304950 Unloading class 0x000001b8c700d800 'java/lang/invoke/LambdaForm$MH+0x000001b8c700d800'
Event: 3247.759 Thread 0x000001b8c5304950 Unloading class 0x000001b8c700d400 'java/lang/invoke/LambdaForm$MH+0x000001b8c700d400'
Event: 3247.759 Thread 0x000001b8c5304950 Unloading class 0x000001b8c700d000 'java/lang/invoke/LambdaForm$MH+0x000001b8c700d000'
Event: 3247.759 Thread 0x000001b8c5304950 Unloading class 0x000001b8c700cc00 'java/lang/invoke/LambdaForm$MH+0x000001b8c700cc00'
Event: 3247.759 Thread 0x000001b8c5304950 Unloading class 0x000001b8c700c800 'java/lang/invoke/LambdaForm$BMH+0x000001b8c700c800'
Event: 3247.759 Thread 0x000001b8c5304950 Unloading class 0x000001b8c700c000 'java/lang/invoke/LambdaForm$DMH+0x000001b8c700c000'
Event: 3247.759 Thread 0x000001b8c5304950 Unloading class 0x000001b8c7008c00 'java/lang/invoke/LambdaForm$MH+0x000001b8c7008c00'
Event: 3247.759 Thread 0x000001b8c5304950 Unloading class 0x000001b8c7008800 'java/lang/invoke/LambdaForm$MH+0x000001b8c7008800'
Event: 3247.759 Thread 0x000001b8c5304950 Unloading class 0x000001b8c7008400 'java/lang/invoke/LambdaForm$MH+0x000001b8c7008400'
Event: 3247.759 Thread 0x000001b8c5304950 Unloading class 0x000001b8c7007000 'java/lang/invoke/LambdaForm$MH+0x000001b8c7007000'
Event: 3247.759 Thread 0x000001b8c5304950 Unloading class 0x000001b8c7006800 'java/lang/invoke/LambdaForm$MH+0x000001b8c7006800'
Event: 3247.759 Thread 0x000001b8c5304950 Unloading class 0x000001b8c7006400 'java/lang/invoke/LambdaForm$MH+0x000001b8c7006400'
Event: 3247.759 Thread 0x000001b8c5304950 Unloading class 0x000001b8c7006000 'java/lang/invoke/LambdaForm$MH+0x000001b8c7006000'
Event: 3247.759 Thread 0x000001b8c5304950 Unloading class 0x000001b8c7005c00 'java/lang/invoke/LambdaForm$BMH+0x000001b8c7005c00'
Event: 3247.759 Thread 0x000001b8c5304950 Unloading class 0x000001b8c7004800 'java/lang/invoke/LambdaForm$DMH+0x000001b8c7004800'
Event: 3247.759 Thread 0x000001b8c5304950 Unloading class 0x000001b8c7002400 'java/lang/invoke/LambdaForm$MH+0x000001b8c7002400'
Event: 3247.759 Thread 0x000001b8c5304950 Unloading class 0x000001b8c7002000 'java/lang/invoke/LambdaForm$MH+0x000001b8c7002000'
Event: 3247.759 Thread 0x000001b8c5304950 Unloading class 0x000001b8c7001800 'java/lang/invoke/LambdaForm$MH+0x000001b8c7001800'
Event: 3247.759 Thread 0x000001b8c5304950 Unloading class 0x000001b8c7000400 'java/lang/invoke/LambdaForm$MH+0x000001b8c7000400'

Classes redefined (0 events):
No events

Internal exceptions (20 events):
Event: 2001.731 Thread 0x000001b90f5fcae0 Exception <a 'sun/nio/fs/WindowsException'{0x00000000d5826d30}> (0x00000000d5826d30) 
thrown [s\src\hotspot\share\prims\jni.cpp, line 520]
Event: 2001.731 Thread 0x000001b90f5fcae0 Exception <a 'sun/nio/fs/WindowsException'{0x00000000d58278b0}> (0x00000000d58278b0) 
thrown [s\src\hotspot\share\prims\jni.cpp, line 520]
Event: 2001.732 Thread 0x000001b90f5fcae0 Exception <a 'sun/nio/fs/WindowsException'{0x00000000d5829350}> (0x00000000d5829350) 
thrown [s\src\hotspot\share\prims\jni.cpp, line 520]
Event: 2001.732 Thread 0x000001b90f5fcae0 Exception <a 'sun/nio/fs/WindowsException'{0x00000000d5829c38}> (0x00000000d5829c38) 
thrown [s\src\hotspot\share\prims\jni.cpp, line 520]
Event: 2001.732 Thread 0x000001b90f5fcae0 Exception <a 'sun/nio/fs/WindowsException'{0x00000000d582c028}> (0x00000000d582c028) 
thrown [s\src\hotspot\share\prims\jni.cpp, line 520]
Event: 2001.732 Thread 0x000001b90f5fcae0 Exception <a 'sun/nio/fs/WindowsException'{0x00000000d582cb58}> (0x00000000d582cb58) 
thrown [s\src\hotspot\share\prims\jni.cpp, line 520]
Event: 2001.733 Thread 0x000001b90f5fcae0 Exception <a 'sun/nio/fs/WindowsException'{0x00000000d582e5f0}> (0x00000000d582e5f0) 
thrown [s\src\hotspot\share\prims\jni.cpp, line 520]
Event: 2001.733 Thread 0x000001b90f5fcae0 Exception <a 'sun/nio/fs/WindowsException'{0x00000000d582f120}> (0x00000000d582f120) 
thrown [s\src\hotspot\share\prims\jni.cpp, line 520]
Event: 2001.733 Thread 0x000001b90f5fcae0 Exception <a 'sun/nio/fs/WindowsException'{0x00000000d5830960}> (0x00000000d5830960) 
thrown [s\src\hotspot\share\prims\jni.cpp, line 520]
Event: 2001.733 Thread 0x000001b90f5fcae0 Exception <a 'sun/nio/fs/WindowsException'{0x00000000d58314e0}> (0x00000000d58314e0) 
thrown [s\src\hotspot\share\prims\jni.cpp, line 520]
Event: 2001.734 Thread 0x000001b90f5fcae0 Exception <a 'sun/nio/fs/WindowsException'{0x00000000d5832f80}> (0x00000000d5832f80) 
thrown [s\src\hotspot\share\prims\jni.cpp, line 520]
Event: 2001.734 Thread 0x000001b90f5fcae0 Exception <a 'sun/nio/fs/WindowsException'{0x00000000d5833868}> (0x00000000d5833868) 
thrown [s\src\hotspot\share\prims\jni.cpp, line 520]
Event: 2001.734 Thread 0x000001b90f5fcae0 Exception <a 'sun/nio/fs/WindowsException'{0x00000000d5835400}> (0x00000000d5835400) 
thrown [s\src\hotspot\share\prims\jni.cpp, line 520]
Event: 2001.734 Thread 0x000001b90f5fcae0 Exception <a 'sun/nio/fs/WindowsException'{0x00000000d5835f30}> (0x00000000d5835f30) 
thrown [s\src\hotspot\share\prims\jni.cpp, line 520]
Event: 2001.735 Thread 0x000001b90f5fcae0 Exception <a 'sun/nio/fs/WindowsException'{0x00000000d5837768}> (0x00000000d5837768) 
thrown [s\src\hotspot\share\prims\jni.cpp, line 520]
Event: 2001.735 Thread 0x000001b90f5fcae0 Exception <a 'sun/nio/fs/WindowsException'{0x00000000d58382e8}> (0x00000000d58382e8) 
thrown [s\src\hotspot\share\prims\jni.cpp, line 520]
Event: 2001.735 Thread 0x000001b90f5fcae0 Exception <a 'sun/nio/fs/WindowsException'{0x00000000d583a018}> (0x00000000d583a018) 
thrown [s\src\hotspot\share\prims\jni.cpp, line 520]
Event: 2001.735 Thread 0x000001b90f5fcae0 Exception <a 'sun/nio/fs/WindowsException'{0x00000000d583ab68}> (0x00000000d583ab68) 
thrown [s\src\hotspot\share\prims\jni.cpp, line 520]
Event: 2001.735 Thread 0x000001b90f5fcae0 Exception <a 'sun/nio/fs/WindowsException'{0x00000000d583c3b0}> (0x00000000d583c3b0) 
thrown [s\src\hotspot\share\prims\jni.cpp, line 520]
Event: 2001.736 Thread 0x000001b90f5fcae0 Exception <a 'sun/nio/fs/WindowsException'{0x00000000d583cef8}> (0x00000000d583cef8) 
thrown [s\src\hotspot\share\prims\jni.cpp, line 520]

ZGC Phase Switch (0 events):
No events

VM Operations (20 events):
Event: 58490.105 Executing non-safepoint VM operation: RendezvousGCThreads
Event: 58490.105 Executing non-safepoint VM operation: RendezvousGCThreads done
Event: 58610.369 Executing non-safepoint VM operation: HandshakeAllThreads (HandshakeForDeflation)
Event: 58610.369 Executing non-safepoint VM operation: HandshakeAllThreads (HandshakeForDeflation) done
Event: 58610.369 Executing non-safepoint VM operation: RendezvousGCThreads
Event: 58610.369 Executing non-safepoint VM operation: RendezvousGCThreads done
Event: 58730.654 Executing non-safepoint VM operation: HandshakeAllThreads (HandshakeForDeflation)
Event: 58730.654 Executing non-safepoint VM operation: HandshakeAllThreads (HandshakeForDeflation) done
Event: 58730.654 Executing non-safepoint VM operation: RendezvousGCThreads
Event: 58730.654 Executing non-safepoint VM operation: RendezvousGCThreads done
Event: 59151.929 Executing non-safepoint VM operation: HandshakeAllThreads (HandshakeForDeflation)
Event: 59151.929 Executing non-safepoint VM operation: HandshakeAllThreads (HandshakeForDeflation) done
Event: 59151.929 Executing non-safepoint VM operation: RendezvousGCThreads
Event: 59151.929 Executing non-safepoint VM operation: RendezvousGCThreads done
Event: 59332.417 Executing non-safepoint VM operation: HandshakeAllThreads (HandshakeForDeflation)
Event: 59332.417 Executing non-safepoint VM operation: HandshakeAllThreads (HandshakeForDeflation) done
Event: 59332.418 Executing non-safepoint VM operation: RendezvousGCThreads
Event: 59332.418 Executing non-safepoint VM operation: RendezvousGCThreads done
Event: 59439.338 Executing safepoint VM operation: ParallelGCFailedAllocation (Allocation Failure)
Event: 59439.340 Executing safepoint VM operation: ParallelGCFailedAllocation (Allocation Failure) done

Memory protections (0 events):
No events

Nmethod flushes (20 events):
Event: 3247.816 Thread 0x000001b8c5304950 flushing  nmethod 0x000001b8b45f6c10
Event: 3247.816 Thread 0x000001b8c5304950 flushing  nmethod 0x000001b8b45f7290
Event: 3247.816 Thread 0x000001b8c5304950 flushing  nmethod 0x000001b8b45fa310
Event: 3247.816 Thread 0x000001b8c5304950 flushing  nmethod 0x000001b8b45fb590
Event: 3247.816 Thread 0x000001b8c5304950 flushing  nmethod 0x000001b8b45fc490
Event: 3247.816 Thread 0x000001b8c5304950 flushing osr nmethod 0x000001b8b45fd690
Event: 3247.816 Thread 0x000001b8c5304950 flushing  nmethod 0x000001b8b4603d10
Event: 3247.816 Thread 0x000001b8c5304950 flushing  nmethod 0x000001b8b460a190
Event: 3247.816 Thread 0x000001b8c5304950 flushing  nmethod 0x000001b8b460b190
Event: 3247.816 Thread 0x000001b8c5304950 flushing  nmethod 0x000001b8b4614690
Event: 3247.816 Thread 0x000001b8c5304950 flushing  nmethod 0x000001b8b4617790
Event: 3247.816 Thread 0x000001b8c5304950 flushing  nmethod 0x000001b8b4620910
Event: 3247.816 Thread 0x000001b8c5304950 flushing  nmethod 0x000001b8b4620c90
Event: 3247.816 Thread 0x000001b8c5304950 flushing  nmethod 0x000001b8b4621e90
Event: 3247.816 Thread 0x000001b8c5304950 flushing  nmethod 0x000001b8b4639d10
Event: 3247.816 Thread 0x000001b8c5304950 flushing  nmethod 0x000001b8b4659390
Event: 3247.816 Thread 0x000001b8c5304950 flushing  nmethod 0x000001b8b467ff90
Event: 3247.816 Thread 0x000001b8c5304950 flushing  nmethod 0x000001b8b46aa190
Event: 3247.816 Thread 0x000001b8c5304950 flushing  nmethod 0x000001b8b46c4410
Event: 3247.816 Thread 0x000001b8c5304950 flushing osr nmethod 0x000001b8b46e5610

Events (20 events):
Event: 2001.737 Thread 0x000001b90f5fc450 Thread added: 0x000001b90f5fa380
Event: 2001.737 Thread 0x000001b90f5fbdc0 Thread added: 0x000001b90f5fd170
Event: 2001.738 Thread 0x000001b90f5fbdc0 Thread added: 0x000001b90f5f9cf0
Event: 2001.738 Thread 0x000001b90f5fa380 Thread added: 0x000001b90f5fd800
Event: 2001.738 Thread 0x000001b90f5f9660 Thread added: 0x000001b90f5fde90
Event: 2001.738 Thread 0x000001b90f5fde90 Thread exited: 0x000001b90f5fde90
Event: 2001.738 Thread 0x000001b90f5fbdc0 Thread exited: 0x000001b90f5fbdc0
Event: 2001.738 Thread 0x000001b90f5f9660 Thread exited: 0x000001b90f5f9660
Event: 2001.738 Thread 0x000001b90f5fd800 Thread exited: 0x000001b90f5fd800
Event: 2001.738 Thread 0x000001b90f5f9cf0 Thread exited: 0x000001b90f5f9cf0
Event: 2001.738 Thread 0x000001b90f5fa380 Thread exited: 0x000001b90f5fa380
Event: 2001.738 Thread 0x000001b90f5fd170 Thread exited: 0x000001b90f5fd170
Event: 2001.738 Thread 0x000001b90f5f8fd0 Thread exited: 0x000001b90f5f8fd0
Event: 2001.738 Thread 0x000001b90f5fc450 Thread exited: 0x000001b90f5fc450
Event: 2001.896 Thread 0x000001b90f5fb730 Thread exited: 0x000001b90f5fb730
Event: 3247.703 Thread 0x000001b90f5f8940 Thread added: 0x000001b90f5fc450
Event: 3247.730 Thread 0x000001b907a30a70 Thread added: 0x000001b913816770
Event: 3253.529 Thread 0x000001b913816770 Thread exited: 0x000001b913816770
Event: 3308.521 Thread 0x000001b90f5fc450 Thread exited: 0x000001b90f5fc450
Event: 59439.332 Thread 0x000001b90f5f8940 Thread added: 0x000001b90f5f82b0


Dynamic libraries:
0x00007ff6c26f0000 - 0x00007ff6c26fe000 	c:\Users\Akanksha.Surve\.antigravity\extensions\redhat.java-1.54.0-win32-x64\jre\21.0.10-win32-x86_64\bin\java.exe
0x00007fff7cf80000 - 0x00007fff7d1e8000 	C:\WINDOWS\SYSTEM32\ntdll.dll
0x00007fff7c1b0000 - 0x00007fff7c279000 	C:\WINDOWS\System32\KERNEL32.DLL
0x00007fff7a700000 - 0x00007fff7aaf8000 	C:\WINDOWS\System32\KERNELBASE.dll
0x00007fff7a180000 - 0x00007fff7a2cb000 	C:\WINDOWS\System32\ucrtbase.dll
0x00007fff449c0000 - 0x00007fff449de000 	c:\Users\Akanksha.Surve\.antigravity\extensions\redhat.java-1.54.0-win32-x64\jre\21.0.10-win32-x86_64\bin\VCRUNTIME140.dll
0x00007fff4b320000 - 0x00007fff4b338000 	c:\Users\Akanksha.Surve\.antigravity\extensions\redhat.java-1.54.0-win32-x64\jre\21.0.10-win32-x86_64\bin\jli.dll
0x00007fff7beb0000 - 0x00007fff7c077000 	C:\WINDOWS\System32\USER32.dll
0x00007fff7a4c0000 - 0x00007fff7a4e7000 	C:\WINDOWS\System32\win32u.dll
0x00007fff794e0000 - 0x00007fff79774000 	C:\WINDOWS\WinSxS\amd64_microsoft.windows.common-controls_6595b64144ccf1df_6.0.26100.7019_none_3e06ffa0e335b8a8\COMCTL32.dll
0x00007fff7c8c0000 - 0x00007fff7c8eb000 	C:\WINDOWS\System32\GDI32.dll
0x00007fff7c080000 - 0x00007fff7c129000 	C:\WINDOWS\System32\msvcrt.dll
0x00007fff7a390000 - 0x00007fff7a4bc000 	C:\WINDOWS\System32\gdi32full.dll
0x00007fff7a0d0000 - 0x00007fff7a173000 	C:\WINDOWS\System32\msvcp_win.dll
0x00007fff7c280000 - 0x00007fff7c2b1000 	C:\WINDOWS\System32\IMM32.DLL
0x00007fff5dfd0000 - 0x00007fff5dfdc000 	c:\Users\Akanksha.Surve\.antigravity\extensions\redhat.java-1.54.0-win32-x64\jre\21.0.10-win32-x86_64\bin\vcruntime140_1.dll
0x00007fff16780000 - 0x00007fff1680d000 	c:\Users\Akanksha.Surve\.antigravity\extensions\redhat.java-1.54.0-win32-x64\jre\21.0.10-win32-x86_64\bin\msvcp140.dll
0x00007ffec9970000 - 0x00007ffeca711000 	c:\Users\Akanksha.Surve\.antigravity\extensions\redhat.java-1.54.0-win32-x64\jre\21.0.10-win32-x86_64\bin\server\jvm.dll
0x00007fff7c800000 - 0x00007fff7c8b4000 	C:\WINDOWS\System32\ADVAPI32.dll
0x00007fff7b990000 - 0x00007fff7ba36000 	C:\WINDOWS\System32\sechost.dll
0x00007fff7ce20000 - 0x00007fff7cf38000 	C:\WINDOWS\System32\RPCRT4.dll
0x00007fff7c780000 - 0x00007fff7c7f4000 	C:\WINDOWS\System32\WS2_32.dll
0x00007fff79f30000 - 0x00007fff79f8e000 	C:\WINDOWS\SYSTEM32\POWRPROF.dll
0x00007fff738c0000 - 0x00007fff738f5000 	C:\WINDOWS\SYSTEM32\WINMM.dll
0x00007fff6a0a0000 - 0x00007fff6a0ab000 	C:\WINDOWS\SYSTEM32\VERSION.dll
0x00007fff79f10000 - 0x00007fff79f24000 	C:\WINDOWS\SYSTEM32\UMPDC.dll
0x00007fff784c0000 - 0x00007fff784db000 	C:\WINDOWS\SYSTEM32\kernel.appcore.dll
0x00007fff5da60000 - 0x00007fff5da6a000 	c:\Users\Akanksha.Surve\.antigravity\extensions\redhat.java-1.54.0-win32-x64\jre\21.0.10-win32-x86_64\bin\jimage.dll
0x00007fff79890000 - 0x00007fff79ad2000 	C:\WINDOWS\SYSTEM32\DBGHELP.DLL
0x00007fff7c8f0000 - 0x00007fff7cc7b000 	C:\WINDOWS\System32\combase.dll
0x00007fff7baa0000 - 0x00007fff7bb77000 	C:\WINDOWS\System32\OLEAUT32.dll
0x00007fff79780000 - 0x00007fff797bc000 	C:\WINDOWS\SYSTEM32\dbgcore.DLL
0x00007fff7ac70000 - 0x00007fff7ad15000 	C:\WINDOWS\System32\bcryptPrimitives.dll
0x00007fff5d150000 - 0x00007fff5d15f000 	c:\Users\Akanksha.Surve\.antigravity\extensions\redhat.java-1.54.0-win32-x64\jre\21.0.10-win32-x86_64\bin\instrument.dll
0x00007fff44790000 - 0x00007fff447b0000 	c:\Users\Akanksha.Surve\.antigravity\extensions\redhat.java-1.54.0-win32-x64\jre\21.0.10-win32-x86_64\bin\java.dll
0x00007fff7ada0000 - 0x00007fff7b4ef000 	C:\WINDOWS\System32\SHELL32.dll
0x00007fff7ab00000 - 0x00007fff7ac6b000 	C:\WINDOWS\System32\wintypes.dll
0x00007fff77020000 - 0x00007fff7787d000 	C:\WINDOWS\SYSTEM32\windows.storage.dll
0x00007fff7bcf0000 - 0x00007fff7bde2000 	C:\WINDOWS\System32\SHCORE.dll
0x00007fff7c390000 - 0x00007fff7c3f7000 	C:\WINDOWS\System32\shlwapi.dll
0x00007fff79ff0000 - 0x00007fff7a019000 	C:\WINDOWS\SYSTEM32\profapi.dll
0x00007fff21c70000 - 0x00007fff21c88000 	c:\Users\Akanksha.Surve\.antigravity\extensions\redhat.java-1.54.0-win32-x64\jre\21.0.10-win32-x86_64\bin\zip.dll
0x00007fff5bf60000 - 0x00007fff5bf70000 	C:\Users\Akanksha.Surve\.antigravity\extensions\redhat.java-1.54.0-win32-x64\jre\21.0.10-win32-x86_64\bin\net.dll
0x00007fff731f0000 - 0x00007fff73318000 	C:\WINDOWS\SYSTEM32\WINHTTP.dll
0x00007fff78a30000 - 0x00007fff78a9b000 	C:\WINDOWS\system32\mswsock.dll
0x00007fff21e80000 - 0x00007fff21e96000 	C:\Users\Akanksha.Surve\.antigravity\extensions\redhat.java-1.54.0-win32-x64\jre\21.0.10-win32-x86_64\bin\nio.dll
0x00007fff5b910000 - 0x00007fff5b920000 	c:\Users\Akanksha.Surve\.antigravity\extensions\redhat.java-1.54.0-win32-x64\jre\21.0.10-win32-x86_64\bin\verify.dll
0x00007fff22dd0000 - 0x00007fff22e15000 	C:\Users\Akanksha.Surve\AppData\Roaming\Antigravity\User\globalStorage\redhat.java\1.54.0\config_win\org.eclipse.equinox.launcher\org.eclipse.equinox.launcher.win32.win32.x86_64_1.3.0.v20260203-2149\eclipse_11919.dll
0x00007fff7c400000 - 0x00007fff7c597000 	C:\WINDOWS\System32\ole32.dll
0x00007fff79c00000 - 0x00007fff79c1b000 	C:\WINDOWS\SYSTEM32\CRYPTSP.dll
0x00007fff78ed0000 - 0x00007fff78f0a000 	C:\WINDOWS\system32\rsaenh.dll
0x00007fff78aa0000 - 0x00007fff78acb000 	C:\WINDOWS\SYSTEM32\USERENV.dll
0x00007fff79fc0000 - 0x00007fff79fea000 	C:\WINDOWS\SYSTEM32\bcrypt.dll
0x00007fff79120000 - 0x00007fff7912c000 	C:\WINDOWS\SYSTEM32\CRYPTBASE.dll
0x00007fff77d60000 - 0x00007fff77d94000 	C:\WINDOWS\SYSTEM32\IPHLPAPI.DLL
0x00007fff7c380000 - 0x00007fff7c38a000 	C:\WINDOWS\System32\NSI.dll
0x00007fff1faf0000 - 0x00007fff1fb39000 	C:\Users\Akanksha.Surve\AppData\Local\Temp\jna-907455049\jna11947472707101475916.dll
0x00007fff7bdf0000 - 0x00007fff7bdf8000 	C:\WINDOWS\System32\PSAPI.DLL
0x00007fff73410000 - 0x00007fff7342e000 	C:\WINDOWS\SYSTEM32\dhcpcsvc6.DLL
0x00007fff73380000 - 0x00007fff733a3000 	C:\WINDOWS\SYSTEM32\dhcpcsvc.DLL
0x00007fff79850000 - 0x00007fff79886000 	C:\WINDOWS\SYSTEM32\ntmarta.dll

JVMTI agents:
c:\Users\Akanksha.Surve\.antigravity\extensions\redhat.java-1.54.0-win32-x64\lombok\lombok-1.18.39-4050.jar path:c:\Users\Akanksha.Surve\.antigravity\extensions\redhat.java-1.54.0-win32-x64\jre\21.0.10-win32-x86_64\bin\instrument.dll, loaded, initialized, instrumentlib options:none

dbghelp: loaded successfully - version: 4.0.5 - missing functions: none
symbol engine: initialized successfully - sym options: 0x614 - pdb path: .;c:\Users\Akanksha.Surve\.antigravity\extensions\redhat.java-1.54.0-win32-x64\jre\21.0.10-win32-x86_64\bin;C:\WINDOWS\SYSTEM32;C:\WINDOWS\WinSxS\amd64_microsoft.windows.common-controls_6595b64144ccf1df_6.0.26100.7019_none_3e06ffa0e335b8a8;c:\Users\Akanksha.Surve\.antigravity\extensions\redhat.java-1.54.0-win32-x64\jre\21.0.10-win32-x86_64\bin\server;C:\Users\Akanksha.Surve\AppData\Roaming\Antigravity\User\globalStorage\redhat.java\1.54.0\config_win\org.eclipse.equinox.launcher\org.eclipse.equinox.launcher.win32.win32.x86_64_1.3.0.v20260203-2149;C:\Users\Akanksha.Surve\AppData\Local\Temp\jna-907455049

VM Arguments:
jvm_args: --add-modules=ALL-SYSTEM --add-opens=java.base/java.util=ALL-UNNAMED --add-opens=java.base/java.lang=ALL-UNNAMED --add-opens=java.base/sun.nio.fs=ALL-UNNAMED -Declipse.application=org.eclipse.jdt.ls.core.id1 -Dosgi.bundles.defaultStartLevel=4 -Declipse.product=org.eclipse.jdt.ls.core.product -Djava.import.generatesMetadataFilesAtProjectRoot=false -DDetectVMInstallationsJob.disabled=true -Dfile.encoding=utf8 -XX:+UseParallelGC -XX:GCTimeRatio=4 -XX:AdaptiveSizePolicyWeight=90 -Dsun.zip.disableMemoryMapping=true -Xmx2G -Xms100m -Xlog:disable -javaagent:c:\Users\Akanksha.Surve\.antigravity\extensions\redhat.java-1.54.0-win32-x64\lombok\lombok-1.18.39-4050.jar -XX:+HeapDumpOnOutOfMemoryError -XX:HeapDumpPath=c:\Users\Akanksha.Surve\AppData\Roaming\Antigravity\User\workspaceStorage\c3684e1d2115715f3b0a0c14ab701b21\redhat.java -Daether.dependencyCollector.impl=bf 
java_command: c:\Users\Akanksha.Surve\.antigravity\extensions\redhat.java-1.54.0-win32-x64\server\plugins\org.eclipse.equinox.launcher_1.7.100.v20251111-0406.jar -configuration c:\Users\Akanksha.Surve\AppData\Roaming\Antigravity\User\globalStorage\redhat.java\1.54.0\config_win -data c:\Users\Akanksha.Surve\AppData\Roaming\Antigravity\User\workspaceStorage\c3684e1d2115715f3b0a0c14ab701b21\redhat.java\jdt_ws --pipe=\\.\pipe\lsp-c5c74b4ac816a19a763b0e449fd480fb-sock
java_class_path (initial): c:\Users\Akanksha.Surve\.antigravity\extensions\redhat.java-1.54.0-win32-x64\server\plugins\org.eclipse.equinox.launcher_1.7.100.v20251111-0406.jar
Launcher Type: SUN_STANDARD

[Global flags]
    uintx AdaptiveSizePolicyWeight                 = 90                                        {product} {command line}
     intx CICompilerCount                          = 12                                        {product} {ergonomic}
    uintx GCTimeRatio                              = 4                                         {product} {command line}
     bool HeapDumpOnOutOfMemoryError               = true                                   {manageable} {command line}
    ccstr HeapDumpPath                             = c:\Users\Akanksha.Surve\AppData\Roaming\Antigravity\User\workspaceStorage\c3684e1d2115715f3b0a0c14ab701b21\redhat.java         {manageable} {command line}
   size_t InitialHeapSize                          = 104857600                                 {product} {command line}
   size_t MaxHeapSize                              = 2147483648                                {product} {command line}
   size_t MaxNewSize                               = 715653120                                 {product} {ergonomic}
   size_t MinHeapDeltaBytes                        = 524288                                    {product} {ergonomic}
   size_t MinHeapSize                              = 104857600                                 {product} {command line}
   size_t NewSize                                  = 34603008                                  {product} {ergonomic}
    uintx NonNMethodCodeHeapSize                   = 7602480                                {pd product} {ergonomic}
    uintx NonProfiledCodeHeapSize                  = 122027880                              {pd product} {ergonomic}
   size_t OldSize                                  = 70254592                                  {product} {ergonomic}
    uintx ProfiledCodeHeapSize                     = 122027880                              {pd product} {ergonomic}
    uintx ReservedCodeCacheSize                    = 251658240                              {pd product} {ergonomic}
     bool SegmentedCodeCache                       = true                                      {product} {ergonomic}
   size_t SoftMaxHeapSize                          = 2147483648                             {manageable} {ergonomic}
     bool UseCompressedOops                        = true                           {product lp64_product} {ergonomic}
     bool UseLargePagesIndividualAllocation        = false                                  {pd product} {ergonomic}
     bool UseParallelGC                            = true                                      {product} {command line}

Logging:
Log output configuration:
 #0: stdout all=off uptime,level,tags foldmultilines=false
 #1: stderr all=off uptime,level,tags foldmultilines=false

Release file:
JAVA_VERSION="21.0.10" 
MODULES="java.base java.compiler java.datatransfer java.xml java.prefs java.desktop java.instrument java.logging java.management java.security.sasl java.naming java.rmi java.management.rmi java.net.http java.scripting java.security.jgss java.transaction.xa java.sql java.sql.rowset java.xml.crypto java.se java.smartcardio jdk.accessibility jdk.internal.jvmstat jdk.attach jdk.charsets jdk.internal.opt jdk.zipfs jdk.compiler jdk.crypto.ec jdk.crypto.cryptoki jdk.crypto.mscapi jdk.dynalink jdk.internal.ed jdk.editpad jdk.hotspot.agent jdk.httpserver jdk.internal.le jdk.internal.vm.ci jdk.internal.vm.compiler jdk.internal.vm.compiler.management jdk.jartool jdk.javadoc jdk.jcmd jdk.management jdk.management.agent jdk.jconsole jdk.jdeps jdk.jdwp.agent jdk.jdi jdk.jfr jdk.jshell jdk.jsobject jdk.jstatd jdk.localedata jdk.management.jfr jdk.naming.dns jdk.naming.rmi jdk.net jdk.nio.mapmode jdk.random jdk.sctp jdk.security.auth jdk.security.jgss jdk.unsupported jdk.unsupported.desktop jdk.xml.dom" 

Environment Variables:
PATH=C:\Program Files\Common Files\Oracle\Java\javapath;C:\Program Files (x86)\Common Files\Oracle\Java\javapath;C:\WINDOWS\system32;C:\WINDOWS;C:\WINDOWS\System32\Wbem;C:\WINDOWS\System32\WindowsPowerShell\v1.0\;C:\WINDOWS\System32\OpenSSH\;C:\Program Files\PuTTY\;C:\Program Files\nodejs\;C:\Users\Akanksha.Surve\AppData\Local\Microsoft\WindowsApps;C:\Users\Akanksha.Surve\AppData\Roaming\npm;C:\Users\Akanksha.Surve\AppData\Local\Programs\Git\cmd;C:\Users\Akanksha.Surve\AppData\Local\Programs\Antigravity\bin
USERNAME=Akanksha.Surve
OS=Windows_NT
PROCESSOR_IDENTIFIER=Intel64 Family 6 Model 191 Stepping 2, GenuineIntel
TMP=C:\Users\AKANKS~1.SUR\AppData\Local\Temp
TEMP=C:\Users\AKANKS~1.SUR\AppData\Local\Temp




Periodic native trim disabled

---------------  S Y S T E M  ---------------

OS:
 Windows 11 , 64 bit Build 26100 (10.0.26100.7019)
OS uptime: 1 days 6:47 hours
Hyper-V role detected

CPU: total 16 (initial active 16) (8 cores per cpu, 2 threads per core) family 6 model 191 stepping 2 microcode 0x3a, cx8, cmov, fxsr, ht, mmx, 3dnowpref, sse, sse2, sse3, ssse3, sse4.1, sse4.2, popcnt, lzcnt, tsc, tscinvbit, avx, avx2, aes, erms, clmul, bmi1, bmi2, adx, sha, fma, vzeroupper, clflush, clflushopt, clwb, hv, serialize, rdtscp, rdpid, fsrm, f16c, cet_ibt, cet_ss
Processor Information for the first 16 processors :
  Max Mhz: 2500, Current Mhz: 2500, Mhz Limit: 2500

Memory: 4k page, system-wide physical 32454M (15690M free)
TotalPageFile size 34502M (AvailPageFile size 11503M)
current process WorkingSet (physical memory assigned to process): 569M, peak: 1414M
current process commit charge ("private bytes"): 1377M, peak: 1487M

vm_info: OpenJDK 64-Bit Server VM (21.0.10+7-LTS) for windows-amd64 JRE (21.0.10+7-LTS), built on 2026-01-20T00:00:00Z by "admin" with MS VC++ 17.12 (VS2022)

END.
