#
# A fatal error has been detected by the Java Runtime Environment:
#
#  EXCEPTION_ACCESS_VIOLATION (0xc0000005) at pc=0x00007ffcf358ef8c, pid=20560, tid=12500
#
# JRE version: OpenJDK Runtime Environment Temurin-21.0.10+7 (21.0.10+7) (build 21.0.10+7-LTS)
# Java VM: OpenJDK 64-Bit Server VM Temurin-21.0.10+7 (21.0.10+7-LTS, mixed mode, sharing, tiered, compressed oops, compressed class ptrs, parallel gc, windows-amd64)
# Problematic frame:
# V  [jvm.dll+0x73ef8c]
#
# No core dump will be written. Minidumps are not enabled by default on client versions of Windows
#
# If you would like to submit a bug report, please visit:
#   https://github.com/adoptium/adoptium-support/issues
#

---------------  S U M M A R Y ------------

Command Line: --add-modules=ALL-SYSTEM --add-opens=java.base/java.util=ALL-UNNAMED --add-opens=java.base/java.lang=ALL-UNNAMED --add-opens=java.base/sun.nio.fs=ALL-UNNAMED -Declipse.application=org.eclipse.jdt.ls.core.id1 -Dosgi.bundles.defaultStartLevel=4 -Declipse.product=org.eclipse.jdt.ls.core.product -Djava.import.generatesMetadataFilesAtProjectRoot=false -DDetectVMInstallationsJob.disabled=true -Dfile.encoding=utf8 -XX:+UseParallelGC -XX:GCTimeRatio=4 -XX:AdaptiveSizePolicyWeight=90 -Dsun.zip.disableMemoryMapping=true -Xmx2G -Xms100m -Xlog:disable -javaagent:c:\Users\Akanksha.Surve\.antigravity\extensions\redhat.java-1.54.0-win32-x64\lombok\lombok-1.18.39-4050.jar -XX:+HeapDumpOnOutOfMemoryError -XX:HeapDumpPath=c:\Users\Akanksha.Surve\AppData\Roaming\Antigravity\User\workspaceStorage\c3684e1d2115715f3b0a0c14ab701b21\redhat.java -Daether.dependencyCollector.impl=bf c:\Users\Akanksha.Surve\.antigravity\extensions\redhat.java-1.54.0-win32-x64\server\plugins\org.eclipse.equinox.launcher_1.7.100.v20251111-0406.jar -configuration c:\Users\Akanksha.Surve\AppData\Roaming\Antigravity\User\globalStorage\redhat.java\1.54.0\config_win -data c:\Users\Akanksha.Surve\AppData\Roaming\Antigravity\User\workspaceStorage\c3684e1d2115715f3b0a0c14ab701b21\redhat.java\jdt_ws --pipe=\\.\pipe\lsp-7c7240ba212db9461aed816c92fceb7f-sock

Host: Intel(R) Core(TM) i5-14400, 16 cores, 31G,  Windows 11 , 64 bit Build 26100 (10.0.26100.7019)
Time: Thu May 21 12:09:37 2026 India Standard Time elapsed time: 91354.589539 seconds (1d 1h 22m 34s)

---------------  T H R E A D  ---------------

Current thread (0x000002995e6b7240):  JavaThread "WorkspaceEventsHandler"        [_thread_in_vm, id=12500, stack(0x000000dbdc500000,0x000000dbdc600000) (1024K)]

Stack: [0x000000dbdc500000,0x000000dbdc600000],  sp=0x000000dbdc5fcbf0,  free space=1010k
Native frames: (J=compiled Java code, j=interpreted, Vv=VM code, C=native code)
V  [jvm.dll+0x73ef8c]
V  [jvm.dll+0x73ee84]
V  [jvm.dll+0x3e156c]
C  0x000002990745b547

The last pc belongs to throw exception entrypoints (printed below).
Java frames: (J=compiled Java code, j=interpreted, Vv=VM code)
j  org.eclipse.jdt.internal.core.JavaModelManager.closeChildren(Ljava/lang/Object;)V+31
J 27138 c1 org.eclipse.jdt.internal.core.JavaModelManager.removeInfoAndChildren(Lorg/eclipse/jdt/internal/core/JavaElement;)Ljava/lang/Object; (115 bytes) @ 0x0000029901ccf604 [0x0000029901ccee00+0x0000000000000804]
J 26332 c2 org.eclipse.jdt.internal.core.JavaElement.close()V (9 bytes) @ 0x0000029907dad17c [0x0000029907dad120+0x000000000000005c]
J 27574 c2 org.eclipse.jdt.internal.core.JavaModelManager.closeChildren(Ljava/lang/Object;)V (96 bytes) @ 0x00000299089c0fdc [0x00000299089c0ec0+0x000000000000011c]
J 27138 c1 org.eclipse.jdt.internal.core.JavaModelManager.removeInfoAndChildren(Lorg/eclipse/jdt/internal/core/JavaElement;)Ljava/lang/Object; (115 bytes) @ 0x0000029901ccf604 [0x0000029901ccee00+0x0000000000000804]
J 28487 c1 org.eclipse.jdt.internal.core.CompilationUnit.close()V (13 bytes) @ 0x0000029902923d6c [0x0000029902923b60+0x000000000000020c]
J 27574 c2 org.eclipse.jdt.internal.core.JavaModelManager.closeChildren(Ljava/lang/Object;)V (96 bytes) @ 0x00000299089c0fdc [0x00000299089c0ec0+0x000000000000011c]
J 27138 c1 org.eclipse.jdt.internal.core.JavaModelManager.removeInfoAndChildren(Lorg/eclipse/jdt/internal/core/JavaElement;)Ljava/lang/Object; (115 bytes) @ 0x0000029901ccf604 [0x0000029901ccee00+0x0000000000000804]
J 26332 c2 org.eclipse.jdt.internal.core.JavaElement.close()V (9 bytes) @ 0x0000029907dad17c [0x0000029907dad120+0x000000000000005c]
J 27574 c2 org.eclipse.jdt.internal.core.JavaModelManager.closeChildren(Ljava/lang/Object;)V (96 bytes) @ 0x00000299089c0fdc [0x00000299089c0ec0+0x000000000000011c]
J 27138 c1 org.eclipse.jdt.internal.core.JavaModelManager.removeInfoAndChildren(Lorg/eclipse/jdt/internal/core/JavaElement;)Ljava/lang/Object; (115 bytes) @ 0x0000029901ccf604 [0x0000029901ccee00+0x0000000000000804]
J 26332 c2 org.eclipse.jdt.internal.core.JavaElement.close()V (9 bytes) @ 0x0000029907dad17c [0x0000029907dad120+0x000000000000005c]
J 27574 c2 org.eclipse.jdt.internal.core.JavaModelManager.closeChildren(Ljava/lang/Object;)V (96 bytes) @ 0x00000299089c0fdc [0x00000299089c0ec0+0x000000000000011c]
J 27138 c1 org.eclipse.jdt.internal.core.JavaModelManager.removeInfoAndChildren(Lorg/eclipse/jdt/internal/core/JavaElement;)Ljava/lang/Object; (115 bytes) @ 0x0000029901ccf604 [0x0000029901ccee00+0x0000000000000804]
J 26332 c2 org.eclipse.jdt.internal.core.JavaElement.close()V (9 bytes) @ 0x0000029907dad17c [0x0000029907dad120+0x000000000000005c]
j  org.eclipse.jdt.internal.core.JavaProject.close()V+108
j  org.eclipse.jdt.internal.core.ClasspathChange.generateDelta(Lorg/eclipse/jdt/internal/core/JavaElementDelta;Z)I+293
j  org.eclipse.jdt.internal.core.DeltaProcessor.resourceChanged(Lorg/eclipse/core/resources/IResourceChangeEvent;)V+379
j  org.eclipse.jdt.internal.core.DeltaProcessingState.resourceChanged(Lorg/eclipse/core/resources/IResourceChangeEvent;)V+57
J 27259 c1 org.eclipse.core.internal.events.NotificationManager$1.run()V (45 bytes) @ 0x000002990151489c [0x00000299015145a0+0x00000000000002fc]
J 28353 c1 org.eclipse.core.internal.events.NotificationManager.notify([Lorg/eclipse/core/internal/events/ResourceChangeListenerList$ListenerEntry;Lorg/eclipse/core/internal/events/ResourceChangeEvent;Z)V (144 bytes) @ 0x000002990265797c [0x0000029902657340+0x000000000000063c]
j  org.eclipse.core.internal.events.NotificationManager.broadcastChanges(Lorg/eclipse/core/internal/watson/ElementTree;Lorg/eclipse/core/internal/events/ResourceChangeEvent;Z)V+107
j  org.eclipse.core.internal.resources.Workspace.broadcastPostChange()V+22
J 6682 c1 org.eclipse.core.internal.resources.Workspace.endOperation(Lorg/eclipse/core/runtime/jobs/ISchedulingRule;Z)V (245 bytes) @ 0x0000029900cb3054 [0x0000029900cb27a0+0x00000000000008b4]
J 6699 c1 org.eclipse.core.internal.resources.Resource.refreshLocal(ILorg/eclipse/core/runtime/IProgressMonitor;)V (253 bytes) @ 0x0000029900cc4b0c [0x0000029900cc2ba0+0x0000000000001f6c]
j  org.eclipse.jdt.ls.core.internal.JDTUtils.getFileOrFolder(Ljava/lang/String;)Lorg/eclipse/core/resources/IResource;+29
j  org.eclipse.jdt.ls.core.internal.managers.StandardProjectsManager.fileChanged(Ljava/lang/String;Lorg/eclipse/jdt/ls/core/internal/managers/ProjectsManager$CHANGE_TYPE;)V+260
j  org.eclipse.jdt.ls.core.internal.handlers.WorkspaceEventsHandler.handleFileEvent(Lorg/eclipse/lsp4j/FileEvent;)V+250
j  org.eclipse.jdt.ls.core.internal.handlers.WorkspaceEventsHandler.lambda$0()V+32
j  org.eclipse.jdt.ls.core.internal.handlers.WorkspaceEventsHandler$$Lambda+0x0000029914510438.run()V+4
j  java.lang.Thread.runWith(Ljava/lang/Object;Ljava/lang/Runnable;)V+5 java.base@21.0.10
j  java.lang.Thread.run()V+19 java.base@21.0.10
v  ~StubRoutines::call_stub 0x000002990745100d

siginfo: EXCEPTION_ACCESS_VIOLATION (0xc0000005), reading address 0xffffffffffffffff


Registers:
RAX=0x0000029913a80370, RBX=0x0000000000000029, RCX=0x0000029914612000, RDX=0x0000000000000000
RSP=0x000000dbdc5fcbf0, RBP=0x000002997f240a78, RSI=0xffffffffffffffff, RDI=0x0000029914612000
R8 =0x000002997f240a78, R9 =0x0000000000000029, R10=0x000002990746ebd0, R11=0x000000dbdc5fa660
R12=0x00007ffcf37a8050, R13=0x00000299142c1600, R14=0x00007ffcf37a8050, R15=0x000002997f240a70
RIP=0x00007ffcf358ef8c, EFLAGS=0x0000000000010202

XMM[0]=0x000000dbdc5fe098 0x0000000000000000
XMM[1]=0x0000000000000000 0x000000dbdc5fe050
XMM[2]=0x0000029901cceb10 0x0000029901ccf604
XMM[3]=0x000000dbdc5fe0e0 0x0000000000000001
XMM[4]=0x0000000000000000 0x0000029901cceb10
XMM[5]=0x000002995e6b7240 0x00007ffcf3516801
XMM[6]=0x0000000000000000 0xb12e44235ca39977
XMM[7]=0x0000000000000000 0x00000000012c5000
XMM[8]=0x0000000000000000 0x0000000000000020
XMM[9]=0x0000000000000000 0x743c73469ec02993
XMM[10]=0x0000000000000000 0x000000002a83b64d
XMM[11]=0x0000000000000000 0x05d44904a4947297
XMM[12]=0x0000000000000000 0x000000009ec02993
XMM[13]=0x0000000000000000 0x00000000d5662d18
XMM[14]=0x0000000000000000 0x0000000080d48628
XMM[15]=0x0000000000000000 0x726365726168616d
  MXCSR=0x00001fa0


Register to memory mapping:

RAX=0x0000029913a80370 is pointing into metadata
RBX=0x0000000000000029 is an unknown value
RCX=0x0000029914612000 is pointing into metadata
RDX=0x0 is null
RSP=0x000000dbdc5fcbf0 is pointing into the stack for thread: 0x000002995e6b7240
RBP=0x000002997f240a78 points into unknown readable memory: 0x696c63652e67726f | 6f 72 67 2e 65 63 6c 69
RSI=0xffffffffffffffff is an unknown value
RDI=0x0000029914612000 is pointing into metadata
R8 =0x000002997f240a78 points into unknown readable memory: 0x696c63652e67726f | 6f 72 67 2e 65 63 6c 69
R9 =0x0000000000000029 is an unknown value
R10=0x000002990746ebd0 points into unknown readable memory: 0x0000000000000000 | 00 00 00 00 00 00 00 00
R11=0x000000dbdc5fa660 is pointing into the stack for thread: 0x000002995e6b7240
R12=0x00007ffcf37a8050 jvm.dll
R13=0x00000299142c1600 is a pointer to class: 
org.eclipse.jdt.internal.core.JavaElement {0x00000299142c1608}
 - instance size:     3
 - klass size:        161
 - access:            public synchronized abstract 
 - flags:             rewritten has_nonstatic_fields should_verify_class has_localvariable_table has_miranda_methods has_final_method 
 - state:             fully_initialized
 - name:              'org/eclipse/jdt/internal/core/JavaElement'
 - super:             'org/eclipse/core/runtime/PlatformObject'
 - sub:               'org/eclipse/jdt/internal/core/SourceRefElement'   'org/eclipse/jdt/internal/core/Openable'   
 - arrays:            'org/eclipse/jdt/internal/core/JavaElement'[]
 - methods:           Array<T>(0x00000299564b2868)
 - method ordering:   Array<T>(0x0000029913a80370)
 - local interfaces:  Array<T>(0x00000299564b2858)
 - trans. interfaces: Array<T>(0x00000299564b7348)
 - secondary supers: Array<T>(0x00000299564b7468)
 - hash_slot:         43
 - bitmap:            0x0000040001000000
 - constants:         constant pool [805] {0x00000299564b0cd8} for 'org/eclipse/jdt/internal/core/JavaElement' cache=0x00000299564eb2e0
 - class loader data:  loader data: 0x0000029959f20a60 for instance a 'org/eclipse/osgi/internal/loader/EquinoxClassLoader'{0x00000000805b3de0}
 - source file:       'JavaElement.java'
 - inner classes:     Array<T>(0x00000299564b7320)
 - nest members:     Array<T>(0x00000299564b7338)
 - permitted subclasses:     Array<T>(0x0000029913611238)
 - java mirror:       a 'java/lang/Class'{0x0000000080ec78b8} = 'org/eclipse/jdt/internal/core/JavaElement'
 - vtable length      77  (start addr: 0x00000299142c17d0)
 - itable length      25 (start addr: 0x00000299142c1a38)
 - ---- static fields (11 words):
 - private static final 'CLOSING_DOUBLE_QUOTE' '[B' @112 
 - private static final 'CHARSET' '[B' @116 
 - private static final 'CHARSET_HTML5' '[B' @120 
 - private static final 'META_START' '[B' @124 
 - private static final 'META_END' '[B' @128 
 - public static final 'JEM_ESCAPE' 'C' @152 
 - public static final 'JEM_JAVAPROJECT' 'C' @154 
 - public static final 'JEM_PACKAGEFRAGMENTROOT' 'C' @156 
 - public static final 'JEM_PACKAGEFRAGMENT' 'C' @158 
 - public static final 'JEM_FIELD' 'C' @160 
 - public static final 'JEM_METHOD' 'C' @162 
 - public static final 'JEM_INITIALIZER' 'C' @164 
 - public static final 'JEM_COMPILATIONUNIT' 'C' @166 
 - public static final 'JEM_CLASSFILE' 'C' @168 
 - public static final 'JEM_MODULAR_CLASSFILE' 'C' @170 
 - public static final 'JEM_TYPE' 'C' @172 
 - public static final 'JEM_PACKAGEDECLARATION' 'C' @174 
 - public static final 'JEM_IMPORTDECLARATION' 'C' @176 
 - public static final 'JEM_COUNT' 'C' @178 
 - public static final 'JEM_LOCALVARIABLE' 'C' @180 
 - public static final 'JEM_TYPE_PARAMETER' 'C' @182 
 - public static final 'JEM_ANNOTATION' 'C' @184 
 - public static final 'JEM_LAMBDA_EXPRESSION' 'C' @186 
 - public static final 'JEM_LAMBDA_METHOD' 'C' @188 
 - public static final 'JEM_STRING' 'C' @190 
 - public static final 'JEM_MODULE' 'C' @192 
 - public static final 'JEM_DELIMITER_ESCAPE' 'C' @194 
 - public static final 'NO_STRINGS' '[Ljava/lang/String;' @132 
 - protected static final 'NO_ELEMENTS' '[Lorg/eclipse/jdt/internal/core/JavaElement;' @136 
 - protected static final 'NO_INFO' 'Ljava/lang/Object;' @140 
 - private static 'invalidURLs' 'Ljava/util/Set;' @144 
 - private static 'validURLs' 'Ljava/util/Set;' @148 
 - ---- non-static fields (3 words):
 - private 'hashCode' 'I' @12 
 - private final 'parent' 'Lorg/eclipse/jdt/internal/core/JavaElement;' @16 
 - private final 'project' 'Lorg/eclipse/jdt/internal/core/JavaProject;' @20 
 - non-static oop maps: 16-20 
R14=0x00007ffcf37a8050 jvm.dll
R15=0x000002997f240a70 points into unknown readable memory: 0x0000000a00000000 | 00 00 00 00 0a 00 00 00

Top of Stack: (sp=0x000000dbdc5fcbf0)
0x000000dbdc5fcbf0:   0000000000000000 00007ffcf3516801
0x000000dbdc5fcc00:   000002995e6b7240 0000000000000000
0x000000dbdc5fcc10:   00010101ffffffff 0000029913000000
0x000000dbdc5fcc20:   000058dd03da05f2 00007ffcf2ff767e
0x000000dbdc5fcc30:   000002997f240e48 000002997f240a70
0x000000dbdc5fcc40:   000002995648f50f 00000000000003d8
0x000000dbdc5fcc50:   00000299142c1600 00007ffcf358ee84
0x000000dbdc5fcc60:   0000029914612000 000002995648f50f
0x000000dbdc5fcc70:   0000029914612000 000002995648f5a8
0x000000dbdc5fcc80:   0000000000000000 0000000000000000
0x000000dbdc5fcc90:   0000029956480000 000002995e6b7240
0x000000dbdc5fcca0:   0000029956480000 0000000000000000
0x000000dbdc5fccb0:   000000dbdc5fe050 000002990745b507
0x000000dbdc5fccc0:   0000029907457e90 0000000000000000
0x000000dbdc5fccd0:   0000000000000000 000000dbdc5fe098
0x000000dbdc5fcce0:   000000dbdc5fe050 000002995e6b7240
0x000000dbdc5fccf0:   00000299089c0c10 0000000000000000
0x000000dbdc5fcd00:   0000020000000000 0000000000000000
0x000000dbdc5fcd10:   000000dbdc5fe030 000000dbdc5fe0e0
0x000000dbdc5fcd20:   0000029901ccf604 0000029901cceb10
0x000000dbdc5fcd30:   0000000000000000 0000020000000000
0x000000dbdc5fcd40:   0000000000000001 000000dbdc5fe0e0
0x000000dbdc5fcd50:   000000dbdc5fe000 00000299074a3a2a
0x000000dbdc5fcd60:   00000299074a3990 0000029979bff198
0x000000dbdc5fcd70:   0000000000000000 0000000000000000
0x000000dbdc5fcd80:   000000dbdc5fe000 0000000000000000
0x000000dbdc5fcd90:   0000000000000000 000002995e6b7240
0x000000dbdc5fcda0:   000000dbdc5fdd20 000000dbdc5fdd24
0x000000dbdc5fcdb0:   000002995e6b7240 000000dbdc5fcd40
0x000000dbdc5fcdc0:   000000dbdc5fcd80 000002995e6b7240
0x000000dbdc5fcdd0:   0000029900000001 000002997f240a01
0x000000dbdc5fcde0:   000000dbdc5fe0d0 000000dbdc5fe0d0 

Instructions: (pc=0x00007ffcf358ef8c)
0x00007ffcf358ee8c:   e8 4f 88 c6 ff 48 8b c3 48 8b 8c 24 40 13 00 00
0x00007ffcf358ee9c:   48 33 cc e8 cc 52 21 00 48 8b 9c 24 80 13 00 00
0x00007ffcf358eeac:   48 81 c4 50 13 00 00 5f 5e 5d c3 cc cc cc cc cc
0x00007ffcf358eebc:   cc cc cc cc 48 89 5c 24 10 48 89 6c 24 18 48 89
0x00007ffcf358eecc:   74 24 20 48 89 4c 24 08 57 41 54 41 55 41 56 41
0x00007ffcf358eedc:   57 48 83 ec 40 49 8b d8 4c 8b ea 48 8b f9 e8 a1
0x00007ffcf358eeec:   4c e7 ff 4c 8b f8 4d 85 ed 75 54 48 8b cb e8 21
0x00007ffcf358eefc:   13 0e 00 48 c7 c6 ff ff ff ff 48 8b e8 48 8b de
0x00007ffcf358ef0c:   0f 1f 40 00 48 ff c3 41 80 3c 1f 00 75 f6 48 8b
0x00007ffcf358ef1c:   c6 0f 1f 00 48 ff c0 80 3c 28 00 75 f7 48 03 d8
0x00007ffcf358ef2c:   45 33 c0 33 d2 48 8b cf e8 57 44 e7 ff 4c 8d 35
0x00007ffcf358ef3c:   10 91 21 00 48 8b f8 4d 8b e6 e9 93 00 00 00 49
0x00007ffcf358ef4c:   8b cd e8 3d 4c e7 ff 48 c7 c6 ff ff ff ff 48 8b
0x00007ffcf358ef5c:   e8 48 8b de 48 ff c3 41 80 3c 1f 00 75 f6 48 8b
0x00007ffcf358ef6c:   c6 0f 1f 00 48 ff c0 80 3c 28 00 75 f7 48 03 d8
0x00007ffcf358ef7c:   4c 8d 35 cd 90 21 00 48 8b 07 48 8b cf 4d 8b e6
0x00007ffcf358ef8c:   ff 90 88 00 00 00 49 8b 55 00 49 8b cd 48 8b f8
0x00007ffcf358ef9c:   ff 92 88 00 00 00 45 33 c0 48 3b f8 75 15 49 8b
0x00007ffcf358efac:   d5 4c 8b 6c 24 70 49 8b cd e8 86 53 e7 ff 48 8b
0x00007ffcf358efbc:   f8 eb 32 48 8b 4c 24 70 33 d2 e8 c5 43 e7 ff 45
0x00007ffcf358efcc:   33 c0 33 d2 49 8b cd 48 8b f8 e8 b5 43 e7 ff 4c
0x00007ffcf358efdc:   8b e0 4d 85 ed 48 8d 05 60 3b 2d 00 4c 8b 6c 24
0x00007ffcf358efec:   70 4c 0f 45 f0 48 8b ce 48 ff c1 41 80 3c 0e 00
0x00007ffcf358effc:   75 f6 48 8b c6 48 ff c0 41 80 3c 04 00 75 f6 48
0x00007ffcf358f00c:   03 c3 66 90 48 ff c6 80 3c 37 00 75 f7 48 03 c1
0x00007ffcf358f01c:   ba 01 00 00 00 48 03 f0 48 8d 4e 23 e8 73 e9 fe
0x00007ffcf358f02c:   ff 48 8b d8 48 85 c0 75 0a 49 8b cd e8 53 4b e7
0x00007ffcf358f03c:   ff eb 2d 4c 89 64 24 38 4c 8d 05 0d ff 35 00 4c
0x00007ffcf358f04c:   89 74 24 30 48 8d 56 23 48 89 7c 24 28 4d 8b cf
0x00007ffcf358f05c:   48 8b cb 48 89 6c 24 20 e8 47 16 d5 ff 48 8b c3
0x00007ffcf358f06c:   4c 8d 5c 24 40 49 8b 5b 38 49 8b 6b 40 49 8b 73
0x00007ffcf358f07c:   48 49 8b e3 41 5f 41 5e 41 5d 41 5c 5f c3 cc cc 


Stack slot to memory mapping:

stack at sp + 0 slots: 0x0 is null
stack at sp + 1 slots: 0x00007ffcf3516801 jvm.dll
stack at sp + 2 slots: 0x000002995e6b7240 is a thread
stack at sp + 3 slots: 0x0 is null
stack at sp + 4 slots: 0x00010101ffffffff is an unknown value
stack at sp + 5 slots: 0x0000029913000000 is pointing into metadata
stack at sp + 6 slots: 0x000058dd03da05f2 is an unknown value
stack at sp + 7 slots: 0x00007ffcf2ff767e jvm.dll

throw exception entrypoints  [0x000002990745b2a0, 0x000002990745b730]  1168 bytes
[MachCode]
  0x000002990745b2a0: 488b 65b8 | 48c7 45f0 | 0000 0000 | e805 0000 | 00e9 9900 | 0000 4c8b | c348 8d44 | 2408 4c89 
  0x000002990745b2c0: 6dc0 498b | cfc5 f877 | 4989 afb0 | 0300 0049 | 8987 a003 | 0000 4883 | ec20 40f6 | c40f 0f84 
  0x000002990745b2e0: 1900 0000 | 4883 ec08 | 48b8 5013 | 23f3 fc7f | 0000 ffd0 | 4883 c408 | e90c 0000 | 0048 b850 
  0x000002990745b300: 1323 f3fc | 7f00 00ff | d048 83c4 | 2049 c787 | a003 0000 | 0000 0000 | 49c7 87b0 | 0300 0000 
  0x000002990745b320: 0000 0049 | c787 a803 | 0000 0000 | 0000 c5f8 | 7749 837f | 0800 0f84 | 0500 0000 | e9bf 5bff 
  0x000002990745b340: ff4c 8b6d | c04c 8b75 | c84e 8d74 | f500 c341 | 5848 8b65 | b848 c745 | f000 0000 | 0048 ba40 
  0x000002990745b360: 7490 f3fc | 7f00 00e8 | 0500 0000 | e9a8 0000 | 0048 8d44 | 2408 4c89 | 6dc0 498b | cfc5 f877 
  0x000002990745b380: 4989 afb0 | 0300 0049 | 8987 a003 | 0000 4883 | ec20 40f6 | c40f 0f84 | 1900 0000 | 4883 ec08 
  0x000002990745b3a0: 48b8 b0d8 | 22f3 fc7f | 0000 ffd0 | 4883 c408 | e90c 0000 | 0048 b8b0 | d822 f3fc | 7f00 00ff 
  0x000002990745b3c0: d048 83c4 | 2049 c787 | a003 0000 | 0000 0000 | 49c7 87b0 | 0300 0000 | 0000 0049 | c787 a803 
  0x000002990745b3e0: 0000 0000 | 0000 c5f8 | 7749 837f | 0800 0f84 | 0500 0000 | e907 5bff | ff49 8b87 | f803 0000 
  0x000002990745b400: 49c7 87f8 | 0300 0000 | 0000 004c | 8b6d c04c | 8b75 c84e | 8d74 f500 | c3e9 3af2 | ffff 488b 
  0x000002990745b420: 65b8 48c7 | 45f0 0000 | 0000 48ba | 6074 90f3 | fc7f 0000 | 49b8 d074 | 85f3 fc7f | 0000 e805 
  0x000002990745b440: 0000 00e9 | a800 0000 | 488d 4424 | 084c 896d | c049 8bcf | c5f8 7749 | 89af b003 | 0000 4989 
  0x000002990745b460: 87a0 0300 | 0048 83ec | 2040 f6c4 | 0f0f 8419 | 0000 0048 | 83ec 0848 | b850 d722 | f3fc 7f00 
  0x000002990745b480: 00ff d048 | 83c4 08e9 | 0c00 0000 | 48b8 50d7 | 22f3 fc7f | 0000 ffd0 | 4883 c420 | 49c7 87a0 
  0x000002990745b4a0: 0300 0000 | 0000 0049 | c787 b003 | 0000 0000 | 0000 49c7 | 87a8 0300 | 0000 0000 | 00c5 f877 
  0x000002990745b4c0: 4983 7f08 | 000f 8405 | 0000 00e9 | 305a ffff | 498b 87f8 | 0300 0049 | c787 f803 | 0000 0000 
  0x000002990745b4e0: 0000 4c8b | 6dc0 4c8b | 75c8 4e8d | 74f5 00c3 | e963 f1ff | ff5a 488b | 65b8 48c7 | 45f0 0000 
  0x000002990745b500: 0000 e805 | 0000 00e9 | 9600 0000 | 488d 4424 | 084c 896d | c049 8bcf | c5f8 7749 | 89af b003 
  0x000002990745b520: 0000 4989 | 87a0 0300 | 0048 83ec | 2040 f6c4 | 0f0f 8419 | 0000 0048 | 83ec 0848 | b800 1523 
  0x000002990745b540: f3fc 7f00 | 00ff d048 | 83c4 08e9 | 0c00 0000 | 48b8 0015 | 23f3 fc7f | 0000 ffd0 | 4883 c420 
  0x000002990745b560: 49c7 87a0 | 0300 0000 | 0000 0049 | c787 b003 | 0000 0000 | 0000 49c7 | 87a8 0300 | 0000 0000 
  0x000002990745b580: 00c5 f877 | 4983 7f08 | 000f 8405 | 0000 00e9 | 6c59 ffff | 4c8b 6dc0 | 4c8b 75c8 | 4e8d 74f5 
  0x000002990745b5a0: 00c3 488b | 65b8 48c7 | 45f0 0000 | 0000 48ba | 8074 90f3 | fc7f 0000 | 49b8 0000 | 0000 0000 
  0x000002990745b5c0: 0000 e805 | 0000 00e9 | a800 0000 | 488d 4424 | 084c 896d | c049 8bcf | c5f8 7749 | 89af b003 
  0x000002990745b5e0: 0000 4989 | 87a0 0300 | 0048 83ec | 2040 f6c4 | 0f0f 8419 | 0000 0048 | 83ec 0848 | b850 d722 
  0x000002990745b600: f3fc 7f00 | 00ff d048 | 83c4 08e9 | 0c00 0000 | 48b8 50d7 | 22f3 fc7f | 0000 ffd0 | 4883 c420 
  0x000002990745b620: 49c7 87a0 | 0300 0000 | 0000 0049 | c787 b003 | 0000 0000 | 0000 49c7 | 87a8 0300 | 0000 0000 
  0x000002990745b640: 00c5 f877 | 4983 7f08 | 000f 8405 | 0000 00e9 | ac58 ffff | 498b 87f8 | 0300 0049 | c787 f803 
  0x000002990745b660: 0000 0000 | 0000 4c8b | 6dc0 4c8b | 75c8 4e8d | 74f5 00c3 | e9df efff | ff4c 8b6d | c048 8b65 
  0x000002990745b680: b848 c745 | f000 0000 | 00e8 0500 | 0000 e996 | 0000 0048 | 8d44 2408 | 4c89 6dc0 | 498b cfc5 
  0x000002990745b6a0: f877 4989 | afb0 0300 | 0049 8987 | a003 0000 | 4883 ec20 | 40f6 c40f | 0f84 1900 | 0000 4883 
  0x000002990745b6c0: ec08 48b8 | 2018 23f3 | fc7f 0000 | ffd0 4883 | c408 e90c | 0000 0048 | b820 1823 | f3fc 7f00 
  0x000002990745b6e0: 00ff d048 | 83c4 2049 | c787 a003 | 0000 0000 | 0000 49c7 | 87b0 0300 | 0000 0000 | 0049 c787 
  0x000002990745b700: a803 0000 | 0000 0000 | c5f8 7749 | 837f 0800 | 0f84 0500 | 0000 e9e5 | 57ff ff4c | 8b6d c04c 
  0x000002990745b720: 8b75 c84e | 8d74 f500 | c30f 1f80 | 0000 0000 
[/MachCode]

Compiled method (c1) 91354695 27138  s!   3       org.eclipse.jdt.internal.core.JavaModelManager::removeInfoAndChildren (115 bytes)
 total in heap  [0x0000029901cceb10,0x0000029901cd0260] = 5968
 relocation     [0x0000029901ccec70,0x0000029901ccee00] = 400
 main code      [0x0000029901ccee00,0x0000029901ccfb38] = 3384
 stub code      [0x0000029901ccfb38,0x0000029901ccfc40] = 264
 oops           [0x0000029901ccfc40,0x0000029901ccfc48] = 8
 metadata       [0x0000029901ccfc48,0x0000029901ccfc98] = 80
 scopes data    [0x0000029901ccfc98,0x0000029901ccfe38] = 416
 scopes pcs     [0x0000029901ccfe38,0x0000029901cd0018] = 480
 dependencies   [0x0000029901cd0018,0x0000029901cd0038] = 32
 handler table  [0x0000029901cd0038,0x0000029901cd0218] = 480
 nul chk table  [0x0000029901cd0218,0x0000029901cd0260] = 72

[Constant Pool (empty)]

[MachCode]
[Entry Point]
  # {method} {0x000002995648ff60} 'removeInfoAndChildren' '(Lorg/eclipse/jdt/internal/core/JavaElement;)Ljava/lang/Object;' in 'org/eclipse/jdt/internal/core/JavaModelManager'
  # this:     rdx:rdx   = 'org/eclipse/jdt/internal/core/JavaModelManager'
  # parm0:    r8:r8     = 'org/eclipse/jdt/internal/core/JavaElement'
  #           [sp+0xa0]  (sp of caller)
  0x0000029901ccee00: 448b 5208 | 49bb 0000 | 0013 9902 | 0000 4d03 | d34c 3bd0 

  0x0000029901ccee14: ;   {runtime_call ic_miss_stub}
  0x0000029901ccee14: 0f85 66f6 | 7c05 660f | 1f44 0000 
[Verified Entry Point]
  0x0000029901ccee20: e95b 8878 | 05ff ff55 | 4881 ec90 | 0000 0090 | 4181 7f20 | 0700 0000 

  0x0000029901ccee38: ;   {runtime_call StubRoutines (final stubs)}
  0x0000029901ccee38: 7405 e8a1 | 9b7b 0548 | 8954 2448 | 4c89 4424 | 4048 8d74 | 2470 4889 | 5608 488b | 0248 83c8 
  0x0000029901ccee58: 0148 8906 | f048 0fb1 | 320f 8412 | 0000 0048 | 2bc4 4825 | 07f0 ffff | 4889 060f | 854b 0a00 
  0x0000029901ccee78: 0049 ff87 | 5005 0000 

  0x0000029901ccee80: ;   {metadata(method data for {method} {0x000002995648ff60} 'removeInfoAndChildren' '(Lorg/eclipse/jdt/internal/core/JavaElement;)Ljava/lang/Object;' in 'org/eclipse/jdt/internal/core/JavaModelManager')}
  0x0000029901ccee80: 48be c82e | d957 9902 | 0000 8bbe | cc00 0000 | 83c7 0289 | becc 0000 | 0081 e7fe | 0700 0085 
  0x0000029901cceea0: ff0f 8430 | 0a00 008b | 727c 483b | 0648 8bfe 

  0x0000029901cceeb0: ;   {metadata(method data for {method} {0x000002995648ff60} 'removeInfoAndChildren' '(Lorg/eclipse/jdt/internal/core/JavaElement;)Ljava/lang/Object;' in 'org/eclipse/jdt/internal/core/JavaModelManager')}
  0x0000029901cceeb0: 48bb c82e | d957 9902 | 0000 4883 | 8328 0100 | 0001 498b | f84c 8bc7 | 488b d60f 

  0x0000029901cceecc: ;   {optimized virtual_call}
  0x0000029901cceecc: 1f40 00e8 

  0x0000029901cceed0: ; ImmutableOopMap {[64]=Oop [72]=Oop [120]=Oop }
                      ;*invokevirtual peekAtInfo {reexecute=0 rethrow=0 return_oop=0}
                      ; - org.eclipse.jdt.internal.core.JavaModelManager::removeInfoAndChildren@5 (line 4262)
  0x0000029901cceed0: 4c27 dafe 

  0x0000029901cceed4: ;   {other}
  0x0000029901cceed4: 0f1f 8400 | c403 0000 

  0x0000029901cceedc: ;   {metadata(method data for {method} {0x000002995648ff60} 'removeInfoAndChildren' '(Lorg/eclipse/jdt/internal/core/JavaElement;)Ljava/lang/Object;' in 'org/eclipse/jdt/internal/core/JavaModelManager')}
  0x0000029901cceedc: 4885 c048 | bac8 2ed9 | 5799 0200 | 0048 c7c6 | 4801 0000 | 7407 48c7 | c658 0100 | 0048 8b3c 
  0x0000029901cceefc: 3248 8d7f | 0148 893c | 320f 843e 

  0x0000029901ccef08: ;   {oop(a 'java/lang/Class'{0x000000008111df38} = 'org/eclipse/jdt/internal/core/JavaModelCache')}
  0x0000029901ccef08: 0900 0048 | ba38 df11 | 8100 0000 | 000f be92 | 8800 0000 

  0x0000029901ccef1c: ;   {metadata(method data for {method} {0x000002995648ff60} 'removeInfoAndChildren' '(Lorg/eclipse/jdt/internal/core/JavaElement;)Ljava/lang/Object;' in 'org/eclipse/jdt/internal/core/JavaModelManager')}
  0x0000029901ccef1c: 85d2 48ba | c82e d957 | 9902 0000 | 48c7 c678 | 0100 0075 | 0748 c7c6 | 6801 0000 | 488b 3c32 
  0x0000029901ccef3c: 488d 7f01 | 4889 3c32 | 0f85 1300 | 0000 be00 | 0000 0089 | 7424 6848 | 8944 2450 | e97a 0400 
  0x0000029901ccef5c: 0048 8944 

  0x0000029901ccef60: ;   {metadata(method data for {method} {0x000002995648ff60} 'removeInfoAndChildren' '(Lorg/eclipse/jdt/internal/core/JavaElement;)Ljava/lang/Object;' in 'org/eclipse/jdt/internal/core/JavaModelManager')}
  0x0000029901ccef60: 2450 48ba | c82e d957 | 9902 0000 | 4883 8288 | 0100 0001 | 488b 5424 | 4066 0f1f 

  0x0000029901ccef7c: ;   {static_call}
  0x0000029901ccef7c: 4400 00e8 

  0x0000029901ccef80: ; ImmutableOopMap {[64]=Oop [72]=Oop [80]=Oop [120]=Oop }
                      ;*invokestatic getCacheType {reexecute=0 rethrow=0 return_oop=0}
                      ; - org.eclipse.jdt.internal.core.JavaModelManager::removeInfoAndChildren@22 (line 4267)
  0x0000029901ccef80: fcfd 7c05 

  0x0000029901ccef84: ;   {other}
  0x0000029901ccef84: 0f1f 8400 | 7404 0001 | 4889 4424 

  0x0000029901ccef90: ;   {metadata(method data for {method} {0x000002995648ff60} 'removeInfoAndChildren' '(Lorg/eclipse/jdt/internal/core/JavaElement;)Ljava/lang/Object;' in 'org/eclipse/jdt/internal/core/JavaModelManager')}
  0x0000029901ccef90: 5848 bac8 | 2ed9 5799 | 0200 0048 | 8382 9801 | 0000 0149 | 8b97 8803 | 0000 488b 

  0x0000029901ccefac: ;   {metadata(method data for {method} {0x000002995648ff60} 'removeInfoAndChildren' '(Lorg/eclipse/jdt/internal/core/JavaElement;)Ljava/lang/Object;' in 'org/eclipse/jdt/internal/core/JavaModelManager')}
  0x0000029901ccefac: 1248 bec8 | 2ed9 5799 | 0200 0048 | 8386 a801 

  0x0000029901ccefbc: ;   {metadata(method data for {method} {0x0000029913455280} 'valueOf' '(Ljava/lang/Object;)Ljava/lang/String;' in 'java/lang/String')}
  0x0000029901ccefbc: 0000 0148 | be70 8a09 | 5599 0200 | 008b becc | 0000 0083 | c702 89be | cc00 0000 | 81e7 feff 
  0x0000029901ccefdc: 1f00 85ff | 0f84 1709 | 0000 4885 

  0x0000029901ccefe8: ;   {metadata(method data for {method} {0x0000029913455280} 'valueOf' '(Ljava/lang/Object;)Ljava/lang/String;' in 'java/lang/String')}
  0x0000029901ccefe8: d248 be70 | 8a09 5599 | 0200 0048 | c7c7 1001 | 0000 7507 | 48c7 c720 | 0100 0048 | 8b1c 3e48 
  0x0000029901ccf008: 8d5b 0148 | 891c 3e0f | 851f 0000 

  0x0000029901ccf014: ;   {metadata(method data for {method} {0x0000029913455280} 'valueOf' '(Ljava/lang/Object;)Ljava/lang/String;' in 'java/lang/String')}
  0x0000029901ccf014: 0048 ba70 | 8a09 5599 | 0200 00ff | 8230 0100 

  0x0000029901ccf024: ;   {oop("null"{0x0000000080000ac0})}
  0x0000029901ccf024: 0048 bec0 | 0a00 8000 | 0000 00e9 | b300 0000 

  0x0000029901ccf034: ; implicit exception: dispatches to 0x0000029901ccf91e
  0x0000029901ccf034: 483b 0248 

  0x0000029901ccf038: ;   {metadata(method data for {method} {0x0000029913455280} 'valueOf' '(Ljava/lang/Object;)Ljava/lang/String;' in 'java/lang/String')}
  0x0000029901ccf038: 8bf2 48bf | 708a 0955 | 9902 0000 | 8b76 0849 | ba00 0000 | 1399 0200 | 0049 03f2 | 483b b758 
  0x0000029901ccf058: 0100 0075 | 0d48 8387 | 6001 0000 | 01e9 6000 | 0000 483b | b768 0100 | 0075 0d48 | 8387 7001 
  0x0000029901ccf078: 0000 01e9 | 4a00 0000 | 4883 bf58 | 0100 0000 | 7517 4889 | b758 0100 | 0048 c787 | 6001 0000 
  0x0000029901ccf098: 0100 0000 | e929 0000 | 0048 83bf | 6801 0000 | 0075 1748 | 89b7 6801 | 0000 48c7 | 8770 0100 
  0x0000029901ccf0b8: 0001 0000 | 00e9 0800 | 0000 4883 | 8748 0100 | 0001 6666 | 9048 b8ff | ffff ffff 

  0x0000029901ccf0d4: ;   {virtual_call}
  0x0000029901ccf0d4: ffff ffe8 

  0x0000029901ccf0d8: ; ImmutableOopMap {[64]=Oop [72]=Oop [80]=Oop [88]=Oop [120]=Oop }
                      ;*invokevirtual toString {reexecute=0 rethrow=0 return_oop=0}
                      ; - java.lang.String::valueOf@11
                      ; - org.eclipse.jdt.internal.core.JavaModelManager::removeInfoAndChildren@30 (line 4268)
  0x0000029901ccf0d8: a4f9 7c05 

  0x0000029901ccf0dc: ;   {other}
  0x0000029901ccf0dc: 0f1f 8400 | cc05 0002 | 488b f048 | 8974 2460 | 4c8b 4424 | 4049 3b00 

  0x0000029901ccf0f4: ;   {metadata(method data for {method} {0x000002995648ff60} 'removeInfoAndChildren' '(Lorg/eclipse/jdt/internal/core/JavaElement;)Ljava/lang/Object;' in 'org/eclipse/jdt/internal/core/JavaModelManager')}
  0x0000029901ccf0f4: 498b d048 | bfc8 2ed9 | 5799 0200 | 008b 5208 | 49ba 0000 | 0013 9902 | 0000 4903 | d248 3b97 
  0x0000029901ccf114: c801 0000 | 750d 4883 | 87d0 0100 | 0001 e960 | 0000 0048 | 3b97 d801 | 0000 750d | 4883 87e0 
  0x0000029901ccf134: 0100 0001 | e94a 0000 | 0048 83bf | c801 0000 | 0075 1748 | 8997 c801 | 0000 48c7 | 87d0 0100 
  0x0000029901ccf154: 0001 0000 | 00e9 2900 | 0000 4883 | bfd8 0100 | 0000 7517 | 4889 97d8 | 0100 0048 | c787 e001 
  0x0000029901ccf174: 0000 0100 | 0000 e908 | 0000 0048 | 8387 b801 

  0x0000029901ccf184: ;   {metadata(method data for {method} {0x00000299564b58f8} 'toStringWithAncestors' '()Ljava/lang/String;' in 'org/eclipse/jdt/internal/core/JavaElement')}
  0x0000029901ccf184: 0000 0148 | ba50 2812 | 6b99 0200 | 008b bacc | 0000 0083 | c702 89ba | cc00 0000 | 81e7 feff 
  0x0000029901ccf1a4: 1f00 85ff | 0f84 7a07 | 0000 498b 

  0x0000029901ccf1b0: ;   {metadata(method data for {method} {0x00000299564b58f8} 'toStringWithAncestors' '()Ljava/lang/String;' in 'org/eclipse/jdt/internal/core/JavaElement')}
  0x0000029901ccf1b0: d048 bf50 | 2812 6b99 | 0200 008b | 5208 49ba | 0000 0013 | 9902 0000 | 4903 d248 | 3b97 2001 
  0x0000029901ccf1d0: 0000 750d | 4883 8728 | 0100 0001 | e960 0000 | 0048 3b97 | 3001 0000 | 750d 4883 | 8738 0100 
  0x0000029901ccf1f0: 0001 e94a | 0000 0048 | 83bf 2001 | 0000 0075 | 1748 8997 | 2001 0000 | 48c7 8728 | 0100 0001 
  0x0000029901ccf210: 0000 00e9 | 2900 0000 | 4883 bf30 | 0100 0000 | 7517 4889 | 9730 0100 | 0048 c787 | 3801 0000 
  0x0000029901ccf230: 0100 0000 | e908 0000 | 0048 8387 | 1001 0000 | 0149 8bf8 | 41b8 0100 | 0000 488b 

  0x0000029901ccf24c: ;   {optimized virtual_call}
  0x0000029901ccf24c: d766 90e8 

  0x0000029901ccf250: ; ImmutableOopMap {[64]=Oop [72]=Oop [80]=Oop [88]=Oop [96]=Oop [120]=Oop }
                      ;*invokevirtual toStringWithAncestors {reexecute=0 rethrow=0 return_oop=0}
                      ; - org.eclipse.jdt.internal.core.JavaElement::toStringWithAncestors@2 (line 649)
                      ; - org.eclipse.jdt.internal.core.JavaModelManager::removeInfoAndChildren@36 (line 4268)
  0x0000029901ccf250: 2cf5 7c05 

  0x0000029901ccf254: ;   {other}
  0x0000029901ccf254: 0f1f 8400 | 4407 0003 | 0f1f 4000 

  0x0000029901ccf260: ;   {no_reloc}
  0x0000029901ccf260: e9f3 0600 | 0090 9090 | 9090 488b | 5424 604c | 8b44 2458 

  0x0000029901ccf274: ;   {static_call}
  0x0000029901ccf274: 4c8b c8e8 

  0x0000029901ccf278: ; ImmutableOopMap {[64]=Oop [72]=Oop [80]=Oop [120]=Oop }
                      ;*invokedynamic {reexecute=0 rethrow=0 return_oop=0}
                      ; - org.eclipse.jdt.internal.core.JavaModelManager::removeInfoAndChildren@39 (line 4268)
  0x0000029901ccf278: 04fb 7c05 

  0x0000029901ccf27c: ;   {other}
  0x0000029901ccf27c: 0f1f 8400 | 6c07 0004 

  0x0000029901ccf284: ;   {metadata(method data for {method} {0x000002995648ff60} 'removeInfoAndChildren' '(Lorg/eclipse/jdt/internal/core/JavaElement;)Ljava/lang/Object;' in 'org/eclipse/jdt/internal/core/JavaModelManager')}
  0x0000029901ccf284: 49b8 c82e | d957 9902 | 0000 4d8d | 8020 0200 | 0048 85c0 | 750b 41f6 | 0001 7505 | f049 8308 
  0x0000029901ccf2a4: ;   {metadata(method data for {method} {0x000002995648ff60} 'removeInfoAndChildren' '(Lorg/eclipse/jdt/internal/core/JavaElement;)Ljava/lang/Object;' in 'org/eclipse/jdt/internal/core/JavaModelManager')}
  0x0000029901ccf2a4: 0149 b8c8 | 2ed9 5799 | 0200 0049 | 8380 3002 

  0x0000029901ccf2b4: ;   {metadata(method data for {method} {0x00000299564915e8} 'trace' '(Ljava/lang/String;)V' in 'org/eclipse/jdt/internal/core/JavaModelManager')}
  0x0000029901ccf2b4: 0000 0149 | b8f0 07a9 | 5699 0200 | 0041 8b90 | cc00 0000 | 83c2 0241 | 8990 cc00 | 0000 81e2 
  0x0000029901ccf2d4: feff 1f00 | 85d2 0f84 | 8206 0000 

  0x0000029901ccf2e0: ;   {oop(a 'java/lang/Class'{0x0000000080ecb6a0} = 'org/eclipse/jdt/internal/core/JavaModelManager')}
  0x0000029901ccf2e0: 49b8 a0b6 | ec80 0000 | 0000 450f | be80 ad01 | 0000 4585 

  0x0000029901ccf2f4: ;   {metadata(method data for {method} {0x00000299564915e8} 'trace' '(Ljava/lang/String;)V' in 'org/eclipse/jdt/internal/core/JavaModelManager')}
  0x0000029901ccf2f4: c049 b8f0 | 07a9 5699 | 0200 0048 | c7c2 1001 | 0000 7407 | 48c7 c220 | 0100 0049 | 8b34 1048 
  0x0000029901ccf314: 8d76 0149 | 8934 100f | 8461 0000 

  0x0000029901ccf320: ;   {oop(a 'java/lang/Class'{0x0000000080000bc0} = 'java/lang/System')}
  0x0000029901ccf320: 0049 b8c0 | 0b00 8000 | 0000 0041 | 8b50 7448 | 3b02 4c8b 

  0x0000029901ccf334: ;   {metadata(method data for {method} {0x00000299564915e8} 'trace' '(Ljava/lang/String;)V' in 'org/eclipse/jdt/internal/core/JavaModelManager')}
  0x0000029901ccf334: c248 bef0 | 07a9 5699 

  0x0000029901ccf33c: ;   {metadata('java/io/PrintStream')}
  0x0000029901ccf33c: 0200 0049 | bac8 a300 | 1399 0200 | 004c 8996 | 4001 0000 | 4883 8648 | 0100 0001 | 4c8b c00f 
  0x0000029901ccf35c: ;   {optimized virtual_call}
  0x0000029901ccf35c: 1f40 00e8 

  0x0000029901ccf360: ; ImmutableOopMap {[64]=Oop [72]=Oop [80]=Oop [120]=Oop }
                      ;*invokevirtual println {reexecute=0 rethrow=0 return_oop=0}
                      ; - org.eclipse.jdt.internal.core.JavaModelManager::trace@10 (line 4705)
                      ; - org.eclipse.jdt.internal.core.JavaModelManager::removeInfoAndChildren@44 (line 4268)
  0x0000029901ccf360: 1cf4 7c05 

  0x0000029901ccf364: ;   {other}
  0x0000029901ccf364: 0f1f 8400 | 5408 0005 

  0x0000029901ccf36c: ;   {metadata(method data for {method} {0x00000299564915e8} 'trace' '(Ljava/lang/String;)V' in 'org/eclipse/jdt/internal/core/JavaModelManager')}
  0x0000029901ccf36c: 49b8 f007 | a956 9902 | 0000 41ff | 8068 0100 | 00e9 3a00 

  0x0000029901ccf380: ;   {oop(a 'java/lang/Class'{0x0000000080ecb6a0} = 'org/eclipse/jdt/internal/core/JavaModelManager')}
  0x0000029901ccf380: 0000 49b8 | a0b6 ec80 | 0000 0000 | 418b 9060 

  0x0000029901ccf390: ;   {oop(nullptr)}
  0x0000029901ccf390: 0100 0049 | b800 0000 | 0000 0000 | 004c 8bc8 | 0f1f 4400 | 0048 b8ff | ffff ffff 

  0x0000029901ccf3ac: ;   {virtual_call}
  0x0000029901ccf3ac: ffff ffe8 

  0x0000029901ccf3b0: ; ImmutableOopMap {[64]=Oop [72]=Oop [80]=Oop [120]=Oop }
                      ;*invokeinterface trace {reexecute=0 rethrow=0 return_oop=0}
                      ; - org.eclipse.jdt.internal.core.JavaModelManager::trace@21 (line 4707)
                      ; - org.eclipse.jdt.internal.core.JavaModelManager::removeInfoAndChildren@44 (line 4268)
  0x0000029901ccf3b0: ccf6 7c05 

  0x0000029901ccf3b4: ;   {other}
  0x0000029901ccf3b4: 0f1f 8400 | a408 0006 

  0x0000029901ccf3bc: ;   {oop(a 'java/lang/Class'{0x000000008111df38} = 'org/eclipse/jdt/internal/core/JavaModelCache')}
  0x0000029901ccf3bc: 49b8 38df | 1181 0000 | 0000 41c6 | 8088 0000 | 0000 be01 | 0000 0089 | 7424 684c | 8b44 2440 
  0x0000029901ccf3dc: ; implicit exception: dispatches to 0x0000029901ccf988
  0x0000029901ccf3dc: 493b 0049 

  0x0000029901ccf3e0: ;   {metadata(method data for {method} {0x000002995648ff60} 'removeInfoAndChildren' '(Lorg/eclipse/jdt/internal/core/JavaElement;)Ljava/lang/Object;' in 'org/eclipse/jdt/internal/core/JavaModelManager')}
  0x0000029901ccf3e0: 8bd0 48bf | c82e d957 | 9902 0000 | 8b52 0849 | ba00 0000 | 1399 0200 | 0049 03d2 | 483b 9750 
  0x0000029901ccf400: 0200 0075 | 0d48 8387 | 5802 0000 | 01e9 6000 | 0000 483b | 9760 0200 | 0075 0d48 | 8387 6802 
  0x0000029901ccf420: 0000 01e9 | 4a00 0000 | 4883 bf50 | 0200 0000 | 7517 4889 | 9750 0200 | 0048 c787 | 5802 0000 
  0x0000029901ccf440: 0100 0000 | e929 0000 | 0048 83bf | 6002 0000 | 0075 1748 | 8997 6002 | 0000 48c7 | 8768 0200 
  0x0000029901ccf460: 0001 0000 | 00e9 0800 | 0000 4883 | 8740 0200 | 0001 498b | f84c 8b44 | 2450 488b | d748 b8ff 
  0x0000029901ccf480: ffff ffff 

  0x0000029901ccf484: ;   {virtual_call}
  0x0000029901ccf484: ffff ffe8 

  0x0000029901ccf488: ; ImmutableOopMap {[64]=Oop [72]=Oop [80]=Oop [120]=Oop }
                      ;*invokevirtual closing {reexecute=0 rethrow=0 return_oop=0}
                      ; - org.eclipse.jdt.internal.core.JavaModelManager::removeInfoAndChildren@55 (line 4272)
  0x0000029901ccf488: 2c82 a505 

  0x0000029901ccf48c: ;   {other}
  0x0000029901ccf48c: 0f1f 8400 | 7c09 0007 | 4c8b 4424 | 404d 85c0 

  0x0000029901ccf49c: ;   {metadata(method data for {method} {0x000002995648ff60} 'removeInfoAndChildren' '(Lorg/eclipse/jdt/internal/core/JavaElement;)Ljava/lang/Object;' in 'org/eclipse/jdt/internal/core/JavaModelManager')}
  0x0000029901ccf49c: 7516 48bf | c82e d957 | 9902 0000 | 808f 7102 | 0000 01e9 | e900 0000 

  0x0000029901ccf4b4: ;   {metadata('org/eclipse/jdt/core/IParent')}
  0x0000029901ccf4b4: 48bb c09a | 2b14 9902 | 0000 418b | 7808 49ba | 0000 0013 | 9902 0000 | 4903 fa48 | 3b5f 200f 
  0x0000029901ccf4d4: 841a 0000 | 0048 3bfb | 0f84 1100 | 0000 5753 

  0x0000029901ccf4e4: ;   {runtime_call slow_subtype_check Runtime1 stub}
  0x0000029901ccf4e4: e897 0a88 | 055f 5f85 | ff0f 848e 

  0x0000029901ccf4f0: ;   {metadata(method data for {method} {0x000002995648ff60} 'removeInfoAndChildren' '(Lorg/eclipse/jdt/internal/core/JavaElement;)Ljava/lang/Object;' in 'org/eclipse/jdt/internal/core/JavaModelManager')}
  0x0000029901ccf4f0: 0000 0048 | bfc8 2ed9 | 5799 0200 | 0041 8b58 | 0849 ba00 | 0000 1399 | 0200 0049 | 03da 483b 
  0x0000029901ccf510: 9f88 0200 | 0075 0d48 | 8387 9002 | 0000 01e9 | 7e00 0000 | 483b 9f98 | 0200 0075 | 0d48 8387 
  0x0000029901ccf530: a002 0000 | 01e9 6800 | 0000 4883 | bf88 0200 | 0000 7517 | 4889 9f88 | 0200 0048 | c787 9002 
  0x0000029901ccf550: 0000 0100 | 0000 e947 | 0000 0048 | 83bf 9802 | 0000 0075 | 1748 899f | 9802 0000 | 48c7 87a0 
  0x0000029901ccf570: 0200 0001 | 0000 00e9 | 2600 0000 | e921 0000 

  0x0000029901ccf580: ;   {metadata(method data for {method} {0x000002995648ff60} 'removeInfoAndChildren' '(Lorg/eclipse/jdt/internal/core/JavaElement;)Ljava/lang/Object;' in 'org/eclipse/jdt/internal/core/JavaModelManager')}
  0x0000029901ccf580: 0048 bfc8 | 2ed9 5799 | 0200 0048 | 83af 7802 | 0000 01e9 | 0500 0000 | e905 0000 | 0048 33d2 
  0x0000029901ccf5a0: eb07 48c7 | c201 0000 

  0x0000029901ccf5a8: ;   {metadata(method data for {method} {0x000002995648ff60} 'removeInfoAndChildren' '(Lorg/eclipse/jdt/internal/core/JavaElement;)Ljava/lang/Object;' in 'org/eclipse/jdt/internal/core/JavaModelManager')}
  0x0000029901ccf5a8: 0085 d248 | bac8 2ed9 | 5799 0200 | 0048 c7c6 | b002 0000 | 7407 48c7 | c6c0 0200 | 0048 8b3c 
  0x0000029901ccf5c8: 3248 8d7f | 0148 893c | 320f 843a | 0000 0048 | 8b54 2448 

  0x0000029901ccf5dc: ;   {metadata(method data for {method} {0x000002995648ff60} 'removeInfoAndChildren' '(Lorg/eclipse/jdt/internal/core/JavaElement;)Ljava/lang/Object;' in 'org/eclipse/jdt/internal/core/JavaModelManager')}
  0x0000029901ccf5dc: 48be c82e | d957 9902 | 0000 4883 | 86d0 0200 | 0001 4c8b | 4424 5048 | 8b54 2448 | 0f1f 8000 
  0x0000029901ccf5fc: ;   {optimized virtual_call}
  0x0000029901ccf5fc: 0000 00e8 

  0x0000029901ccf600: ; ImmutableOopMap {[64]=Oop [72]=Oop [80]=Oop [120]=Oop }
                      ;*invokevirtual closeChildren {reexecute=0 rethrow=0 return_oop=0}
                      ; - org.eclipse.jdt.internal.core.JavaModelManager::removeInfoAndChildren@67 (line 4274)
  0x0000029901ccf600: dc18 cf06 

  0x0000029901ccf604: ;   {other}
  0x0000029901ccf604: 0f1f 8400 | f40a 0008 | 4c8b 4424 | 4048 8b54 | 2448 8b7a | 7c48 3b07 

  0x0000029901ccf61c: ;   {metadata(method data for {method} {0x000002995648ff60} 'removeInfoAndChildren' '(Lorg/eclipse/jdt/internal/core/JavaElement;)Ljava/lang/Object;' in 'org/eclipse/jdt/internal/core/JavaModelManager')}
  0x0000029901ccf61c: 488b df48 | b8c8 2ed9 | 5799 0200 | 0048 8380 | 2003 0000 | 0148 8bd7 

  0x0000029901ccf634: ;   {optimized virtual_call}
  0x0000029901ccf634: 6666 90e8 

  0x0000029901ccf638: ; ImmutableOopMap {[72]=Oop [80]=Oop [120]=Oop }
                      ;*invokevirtual removeInfo {reexecute=0 rethrow=0 return_oop=0}
                      ; - org.eclipse.jdt.internal.core.JavaModelManager::removeInfoAndChildren@75 (line 4276)
  0x0000029901ccf638: 04ea d8ff 

  0x0000029901ccf63c: ;   {other}
  0x0000029901ccf63c: 0f1f 8400 | 2c0b 0009 | 8b74 2468 

  0x0000029901ccf648: ;   {metadata(method data for {method} {0x000002995648ff60} 'removeInfoAndChildren' '(Lorg/eclipse/jdt/internal/core/JavaElement;)Ljava/lang/Object;' in 'org/eclipse/jdt/internal/core/JavaModelManager')}
  0x0000029901ccf648: 85f6 49b8 | c82e d957 | 9902 0000 | 48c7 c240 | 0300 0074 | 0748 c7c2 | 5003 0000 | 498b 3c10 
  0x0000029901ccf668: 488d 7f01 | 4989 3c10 | 0f84 7a01 | 0000 8974 | 2468 488b | 5424 488b | 527c 483b | 024c 8bc2 
  0x0000029901ccf688: ;   {metadata(method data for {method} {0x000002995648ff60} 'removeInfoAndChildren' '(Lorg/eclipse/jdt/internal/core/JavaElement;)Ljava/lang/Object;' in 'org/eclipse/jdt/internal/core/JavaModelManager')}
  0x0000029901ccf688: 48bf c82e | d957 9902 

  0x0000029901ccf690: ;   {metadata('org/eclipse/jdt/internal/core/JavaModelCache')}
  0x0000029901ccf690: 0000 49ba | b8fc 2f14 | 9902 0000 | 4c89 9770 | 0300 0048 | 8387 7803 

  0x0000029901ccf6a8: ;   {oop("-> "{0x000000008130e8f0})}
  0x0000029901ccf6a8: 0000 0149 | b8f0 e830 | 8100 0000 

  0x0000029901ccf6b4: ;   {optimized virtual_call}
  0x0000029901ccf6b4: 0066 90e8 

  0x0000029901ccf6b8: ; ImmutableOopMap {[80]=Oop [120]=Oop }
                      ;*invokevirtual toStringFillingRation {reexecute=0 rethrow=0 return_oop=0}
                      ; - org.eclipse.jdt.internal.core.JavaModelManager::removeInfoAndChildren@89 (line 4278)
  0x0000029901ccf6b8: c4f0 7c05 

  0x0000029901ccf6bc: ;   {other}
  0x0000029901ccf6bc: 0f1f 8400 | ac0b 000a 

  0x0000029901ccf6c4: ;   {metadata(method data for {method} {0x000002995648ff60} 'removeInfoAndChildren' '(Lorg/eclipse/jdt/internal/core/JavaElement;)Ljava/lang/Object;' in 'org/eclipse/jdt/internal/core/JavaModelManager')}
  0x0000029901ccf6c4: 49b8 c82e | d957 9902 | 0000 4983 | 8098 0300 

  0x0000029901ccf6d4: ;   {metadata(method data for {method} {0x00000299564915e8} 'trace' '(Ljava/lang/String;)V' in 'org/eclipse/jdt/internal/core/JavaModelManager')}
  0x0000029901ccf6d4: 0001 49b8 | f007 a956 | 9902 0000 | 418b 90cc | 0000 0083 | c202 4189 | 90cc 0000 | 0081 e2fe 
  0x0000029901ccf6f4: ff1f 0085 | d20f 8498 

  0x0000029901ccf6fc: ;   {oop(a 'java/lang/Class'{0x0000000080ecb6a0} = 'org/eclipse/jdt/internal/core/JavaModelManager')}
  0x0000029901ccf6fc: 0200 0049 | b8a0 b6ec | 8000 0000 | 0045 0fbe | 80ad 0100 | 0045 85c0 

  0x0000029901ccf714: ;   {metadata(method data for {method} {0x00000299564915e8} 'trace' '(Ljava/lang/String;)V' in 'org/eclipse/jdt/internal/core/JavaModelManager')}
  0x0000029901ccf714: 49b8 f007 | a956 9902 | 0000 48c7 | c210 0100 | 0074 0748 | c7c2 2001 | 0000 498b | 3410 488d 
  0x0000029901ccf734: 7601 4989 | 3410 0f84 | 6200 0000 

  0x0000029901ccf740: ;   {oop(a 'java/lang/Class'{0x0000000080000bc0} = 'java/lang/System')}
  0x0000029901ccf740: 49b8 c00b | 0080 0000 | 0000 418b | 5074 483b | 024c 8bc2 

  0x0000029901ccf754: ;   {metadata(method data for {method} {0x00000299564915e8} 'trace' '(Ljava/lang/String;)V' in 'org/eclipse/jdt/internal/core/JavaModelManager')}
  0x0000029901ccf754: 48be f007 | a956 9902 

  0x0000029901ccf75c: ;   {metadata('java/io/PrintStream')}
  0x0000029901ccf75c: 0000 49ba | c8a3 0013 | 9902 0000 | 4c89 9640 | 0100 0048 | 8386 4801 | 0000 014c | 8bc0 0f1f 
  0x0000029901ccf77c: ;   {optimized virtual_call}
  0x0000029901ccf77c: 4400 00e8 

  0x0000029901ccf780: ; ImmutableOopMap {[80]=Oop [120]=Oop }
                      ;*invokevirtual println {reexecute=0 rethrow=0 return_oop=0}
                      ; - org.eclipse.jdt.internal.core.JavaModelManager::trace@10 (line 4705)
                      ; - org.eclipse.jdt.internal.core.JavaModelManager::removeInfoAndChildren@92 (line 4278)
  0x0000029901ccf780: fcef 7c05 

  0x0000029901ccf784: ;   {other}
  0x0000029901ccf784: 0f1f 8400 | 740c 000b 

  0x0000029901ccf78c: ;   {metadata(method data for {method} {0x00000299564915e8} 'trace' '(Ljava/lang/String;)V' in 'org/eclipse/jdt/internal/core/JavaModelManager')}
  0x0000029901ccf78c: 49b8 f007 | a956 9902 | 0000 41ff | 8068 0100 | 00e9 3a00 

  0x0000029901ccf7a0: ;   {oop(a 'java/lang/Class'{0x0000000080ecb6a0} = 'org/eclipse/jdt/internal/core/JavaModelManager')}
  0x0000029901ccf7a0: 0000 49b8 | a0b6 ec80 | 0000 0000 | 418b 9060 

  0x0000029901ccf7b0: ;   {oop(nullptr)}
  0x0000029901ccf7b0: 0100 0049 | b800 0000 | 0000 0000 | 004c 8bc8 | 0f1f 4400 | 0048 b8ff | ffff ffff 

  0x0000029901ccf7cc: ;   {virtual_call}
  0x0000029901ccf7cc: ffff ffe8 

  0x0000029901ccf7d0: ; ImmutableOopMap {[80]=Oop [120]=Oop }
                      ;*invokeinterface trace {reexecute=0 rethrow=0 return_oop=0}
                      ; - org.eclipse.jdt.internal.core.JavaModelManager::trace@21 (line 4707)
                      ; - org.eclipse.jdt.internal.core.JavaModelManager::removeInfoAndChildren@92 (line 4278)
  0x0000029901ccf7d0: acf2 7c05 

  0x0000029901ccf7d4: ;   {other}
  0x0000029901ccf7d4: 0f1f 8400 | c40c 000c 

  0x0000029901ccf7dc: ;   {metadata(method data for {method} {0x000002995648ff60} 'removeInfoAndChildren' '(Lorg/eclipse/jdt/internal/core/JavaElement;)Ljava/lang/Object;' in 'org/eclipse/jdt/internal/core/JavaModelManager')}
  0x0000029901ccf7dc: 48b8 c82e | d957 9902 | 0000 ff80 | a803 0000 | 8b74 2468 | 488b 7c24 

  0x0000029901ccf7f4: ;   {oop(a 'java/lang/Class'{0x000000008111df38} = 'org/eclipse/jdt/internal/core/JavaModelCache')}
  0x0000029901ccf7f4: 5048 b838 | df11 8100 | 0000 0083 | e601 4088 | b088 0000 | 0048 8d44 | 2470 488b | 3048 85f6 
  0x0000029901ccf814: 0f84 0f00 | 0000 488b | 5808 f048 | 0fb1 330f | 8594 0100 | 0049 ff8f | 5005 0000 | 488b c748 
  0x0000029901ccf834: 81c4 9000 

  0x0000029901ccf838: ;   {poll_return}
  0x0000029901ccf838: 0000 5d49 | 3ba7 5004 | 0000 0f87 | 8801 0000 | c348 8d44 | 2470 488b | 3048 85f6 | 0f84 0f00 
  0x0000029901ccf858: 0000 488b | 7808 f048 | 0fb1 370f | 857d 0100 | 0049 ff8f | 5005 0000 

  0x0000029901ccf870: ;   {oop(nullptr)}
  0x0000029901ccf870: 48b8 0000 | 0000 0000 | 0000 4881 | c490 0000 

  0x0000029901ccf880: ;   {poll_return}
  0x0000029901ccf880: 005d 493b | a750 0400 | 000f 876a | 0100 00c3 | 498b 8700 | 0500 004d | 33d2 4d89 | 9700 0500 
  0x0000029901ccf8a0: 004d 33d2 | 4d89 9708 

  0x0000029901ccf8a8: ;   {oop(a 'java/lang/Class'{0x000000008111df38} = 'org/eclipse/jdt/internal/core/JavaModelCache')}
  0x0000029901ccf8a8: 0500 0048 | bf38 df11 | 8100 0000 | 0083 e601 | 4088 b788 | 0000 00e9 | 2602 0000 | 4889 5424 
  0x0000029901ccf8c8: 0848 8934 

  0x0000029901ccf8cc: ;   {runtime_call monitorenter_nofpu Runtime1 stub}
  0x0000029901ccf8cc: 24e8 ae0c 

  0x0000029901ccf8d0: ; ImmutableOopMap {rdx=Oop r8=Oop [64]=Oop [72]=Oop [120]=Oop }
                      ;*synchronization entry
                      ; - org.eclipse.jdt.internal.core.JavaModelManager::removeInfoAndChildren@-1 (line 4262)
  0x0000029901ccf8d0: 8805 e9a9 

  0x0000029901ccf8d4: ;   {metadata({method} {0x000002995648ff60} 'removeInfoAndChildren' '(Lorg/eclipse/jdt/internal/core/JavaElement;)Ljava/lang/Object;' in 'org/eclipse/jdt/internal/core/JavaModelManager')}
  0x0000029901ccf8d4: f5ff ff49 | ba58 ff48 | 5699 0200 | 004c 8954 | 2408 48c7 | 0424 ffff 

  0x0000029901ccf8ec: ;   {runtime_call counter_overflow Runtime1 stub}
  0x0000029901ccf8ec: ffff e88d 

  0x0000029901ccf8f0: ; ImmutableOopMap {rdx=Oop r8=Oop [64]=Oop [72]=Oop [120]=Oop }
                      ;*synchronization entry
                      ; - org.eclipse.jdt.internal.core.JavaModelManager::removeInfoAndChildren@-1 (line 4262)
  0x0000029901ccf8f0: 2d88 05e9 | aff5 ffff 

  0x0000029901ccf8f8: ;   {runtime_call throw_null_pointer_exception Runtime1 stub}
  0x0000029901ccf8f8: e883 dc87 

  0x0000029901ccf8fc: ; ImmutableOopMap {rdx=Oop r8=Oop rsi=Oop [64]=Oop [72]=Oop [120]=Oop }
                      ;*invokevirtual peekAtInfo {reexecute=0 rethrow=0 return_oop=0}
                      ; - org.eclipse.jdt.internal.core.JavaModelManager::removeInfoAndChildren@5 (line 4262)
                      ;   {metadata({method} {0x0000029913455280} 'valueOf' '(Ljava/lang/Object;)Ljava/lang/String;' in 'java/lang/String')}
  0x0000029901ccf8fc: 0549 ba78 | 5245 1399 | 0200 004c | 8954 2408 | 48c7 0424 | ffff ffff 

  0x0000029901ccf914: ;   {runtime_call counter_overflow Runtime1 stub}
  0x0000029901ccf914: e867 2d88 

  0x0000029901ccf918: ; ImmutableOopMap {rax=Oop rdx=Oop [64]=Oop [72]=Oop [80]=Oop [88]=Oop [120]=Oop }
                      ;*synchronization entry
                      ; - java.lang.String::valueOf@-1
                      ; - org.eclipse.jdt.internal.core.JavaModelManager::removeInfoAndChildren@30 (line 4268)
  0x0000029901ccf918: 05e9 c8f6 

  0x0000029901ccf91c: ;   {runtime_call throw_null_pointer_exception Runtime1 stub}
  0x0000029901ccf91c: ffff e85d 

  0x0000029901ccf920: ; ImmutableOopMap {rdx=Oop [64]=Oop [72]=Oop [80]=Oop [88]=Oop [120]=Oop }
                      ;*invokevirtual toString {reexecute=0 rethrow=0 return_oop=0}
                      ; - java.lang.String::valueOf@11
                      ; - org.eclipse.jdt.internal.core.JavaModelManager::removeInfoAndChildren@30 (line 4268)
                      ;   {runtime_call throw_null_pointer_exception Runtime1 stub}
  0x0000029901ccf920: dc87 05e8 

  0x0000029901ccf924: ; ImmutableOopMap {r8=Oop [64]=Oop [72]=Oop [80]=Oop [88]=Oop [96]=Oop [120]=Oop }
                      ;*invokevirtual toStringWithAncestors {reexecute=0 rethrow=0 return_oop=0}
                      ; - org.eclipse.jdt.internal.core.JavaModelManager::removeInfoAndChildren@36 (line 4268)
  0x0000029901ccf924: 58dc 8705 

  0x0000029901ccf928: ;   {metadata({method} {0x00000299564b58f8} 'toStringWithAncestors' '()Ljava/lang/String;' in 'org/eclipse/jdt/internal/core/JavaElement')}
  0x0000029901ccf928: 49ba f058 | 4b56 9902 | 0000 4c89 | 5424 0848 | c704 24ff 

  0x0000029901ccf93c: ;   {runtime_call counter_overflow Runtime1 stub}
  0x0000029901ccf93c: ffff ffe8 

  0x0000029901ccf940: ; ImmutableOopMap {r8=Oop [64]=Oop [72]=Oop [80]=Oop [88]=Oop [96]=Oop [120]=Oop }
                      ;*synchronization entry
                      ; - org.eclipse.jdt.internal.core.JavaElement::toStringWithAncestors@-1 (line 649)
                      ; - org.eclipse.jdt.internal.core.JavaModelManager::removeInfoAndChildren@36 (line 4268)
  0x0000029901ccf940: 3c2d 8805 | e965 f8ff | ff48 bf00 | 0000 0000 | 0000 00b8 | 000f 050a 

  0x0000029901ccf958: ;   {runtime_call load_appendix_patching Runtime1 stub}
  0x0000029901ccf958: e8a3 2588 

  0x0000029901ccf95c: ; ImmutableOopMap {rax=Oop [64]=Oop [72]=Oop [80]=Oop [88]=Oop [96]=Oop [120]=Oop }
                      ;*invokedynamic {reexecute=1 rethrow=0 return_oop=0}
                      ; - (reexecute) org.eclipse.jdt.internal.core.JavaModelManager::removeInfoAndChildren@39 (line 4268)
  0x0000029901ccf95c: 05e9 fef8 

  0x0000029901ccf960: ;   {metadata({method} {0x00000299564915e8} 'trace' '(Ljava/lang/String;)V' in 'org/eclipse/jdt/internal/core/JavaModelManager')}
  0x0000029901ccf960: ffff 49ba | e015 4956 | 9902 0000 | 4c89 5424 | 0848 c704 | 24ff ffff 

  0x0000029901ccf978: ;   {runtime_call counter_overflow Runtime1 stub}
  0x0000029901ccf978: ffe8 022d 

  0x0000029901ccf97c: ; ImmutableOopMap {rax=Oop [64]=Oop [72]=Oop [80]=Oop [120]=Oop }
                      ;*synchronization entry
                      ; - org.eclipse.jdt.internal.core.JavaModelManager::trace@-1 (line 4704)
                      ; - org.eclipse.jdt.internal.core.JavaModelManager::removeInfoAndChildren@44 (line 4268)
  0x0000029901ccf97c: 8805 e95d 

  0x0000029901ccf980: ;   {runtime_call throw_null_pointer_exception Runtime1 stub}
  0x0000029901ccf980: f9ff ffe8 

  0x0000029901ccf984: ; ImmutableOopMap {rax=Oop rdx=Oop [64]=Oop [72]=Oop [80]=Oop [120]=Oop }
                      ;*invokevirtual println {reexecute=0 rethrow=0 return_oop=0}
                      ; - org.eclipse.jdt.internal.core.JavaModelManager::trace@10 (line 4705)
                      ; - org.eclipse.jdt.internal.core.JavaModelManager::removeInfoAndChildren@44 (line 4268)
  0x0000029901ccf984: f8db 8705 

  0x0000029901ccf988: ;   {runtime_call throw_null_pointer_exception Runtime1 stub}
  0x0000029901ccf988: e8f3 db87 

  0x0000029901ccf98c: ; ImmutableOopMap {r8=Oop [64]=Oop [72]=Oop [80]=Oop [120]=Oop }
                      ;*invokevirtual closing {reexecute=0 rethrow=0 return_oop=0}
                      ; - org.eclipse.jdt.internal.core.JavaModelManager::removeInfoAndChildren@55 (line 4272)
                      ;   {runtime_call throw_null_pointer_exception Runtime1 stub}
  0x0000029901ccf98c: 05e8 eedb 

  0x0000029901ccf990: ; ImmutableOopMap {r8=Oop rdx=Oop rdi=Oop [64]=Oop [72]=Oop [80]=Oop [120]=Oop }
                      ;*invokevirtual removeInfo {reexecute=0 rethrow=0 return_oop=0}
                      ; - org.eclipse.jdt.internal.core.JavaModelManager::removeInfoAndChildren@75 (line 4276)
                      ;   {runtime_call throw_null_pointer_exception Runtime1 stub}
  0x0000029901ccf990: 8705 e8e9 

  0x0000029901ccf994: ; ImmutableOopMap {rdx=Oop [80]=Oop [120]=Oop }
                      ;*invokevirtual toStringFillingRation {reexecute=0 rethrow=0 return_oop=0}
                      ; - org.eclipse.jdt.internal.core.JavaModelManager::removeInfoAndChildren@89 (line 4278)
                      ;   {metadata({method} {0x00000299564915e8} 'trace' '(Ljava/lang/String;)V' in 'org/eclipse/jdt/internal/core/JavaModelManager')}
  0x0000029901ccf994: db87 0549 | bae0 1549 | 5699 0200 | 004c 8954 | 2408 48c7 | 0424 ffff 

  0x0000029901ccf9ac: ;   {runtime_call counter_overflow Runtime1 stub}
  0x0000029901ccf9ac: ffff e8cd 

  0x0000029901ccf9b0: ; ImmutableOopMap {rax=Oop [80]=Oop [120]=Oop }
                      ;*synchronization entry
                      ; - org.eclipse.jdt.internal.core.JavaModelManager::trace@-1 (line 4704)
                      ; - org.eclipse.jdt.internal.core.JavaModelManager::removeInfoAndChildren@92 (line 4278)
  0x0000029901ccf9b0: 2c88 05e9 | 47fd ffff 

  0x0000029901ccf9b8: ;   {runtime_call throw_null_pointer_exception Runtime1 stub}
  0x0000029901ccf9b8: e8c3 db87 

  0x0000029901ccf9bc: ; ImmutableOopMap {rax=Oop rdx=Oop [80]=Oop [120]=Oop }
                      ;*invokevirtual println {reexecute=0 rethrow=0 return_oop=0}
                      ; - org.eclipse.jdt.internal.core.JavaModelManager::trace@10 (line 4705)
                      ; - org.eclipse.jdt.internal.core.JavaModelManager::removeInfoAndChildren@92 (line 4278)
  0x0000029901ccf9bc: 0548 8d44 | 2470 4889 

  0x0000029901ccf9c4: ;   {runtime_call monitorexit_nofpu Runtime1 stub}
  0x0000029901ccf9c4: 0424 e8b5 | 1188 05e9 | 60fe ffff 

  0x0000029901ccf9d0: ;   {internal_word}
  0x0000029901ccf9d0: 49ba 3bf8 | cc01 9902 | 0000 4d89 | 9768 0400 

  0x0000029901ccf9e0: ;   {runtime_call SafepointBlob}
  0x0000029901ccf9e0: 00e9 1a51 | 7d05 488d | 4424 7048 

  0x0000029901ccf9ec: ;   {runtime_call monitorexit_nofpu Runtime1 stub}
  0x0000029901ccf9ec: 8904 24e8 | 8c11 8805 | e977 feff 

  0x0000029901ccf9f8: ;   {internal_word}
  0x0000029901ccf9f8: ff49 ba82 | f8cc 0199 | 0200 004d | 8997 6804 

  0x0000029901ccfa08: ;   {runtime_call SafepointBlob}
  0x0000029901ccfa08: 0000 e9f1 | 507d 05be | 0000 0000 | e977 feff | ffbe 0000 | 0000 e96d | feff ffbe | 0000 0000 
  0x0000029901ccfa28: e963 feff | ffbe 0000 | 0000 e959 | feff ffbe | 0000 0000 | e94f feff | ffbe 0000 | 0000 e945 
  0x0000029901ccfa48: feff ff8b | 7424 68e9 | 3cfe ffff | 8b74 2468 | e933 feff | ff8b 7424 | 68e9 2afe | ffff 8b74 
  0x0000029901ccfa68: 2468 e921 | feff ff8b | 7424 68e9 | 18fe ffff | 8b74 2468 | e90f feff | ffbe 0000 | 0000 e905 
  0x0000029901ccfa88: feff ffbe | 0000 0000 | e9fb fdff | ffbe 0000 | 0000 e9f1 | fdff ffbe | 0000 0000 | e9e7 fdff 
  0x0000029901ccfaa8: ff8b 7424 | 68e9 defd | ffff 8b74 | 2468 e9d5 | fdff ff8b | 7424 68e9 | ccfd ffff | 8b74 2468 
  0x0000029901ccfac8: e9c3 fdff | ff49 8b87 | 0005 0000 | 49c7 8700 | 0500 0000 | 0000 0049 | c787 0805 | 0000 0000 
  0x0000029901ccfae8: 0000 488b | d848 8d44 | 2470 488b | 3848 85ff | 0f84 0f00 | 0000 488b | 7008 f048 | 0fb1 3e0f 
  0x0000029901ccfb08: ;   {no_reloc}
  0x0000029901ccfb08: 8517 0000 | 0049 ff8f | 5005 0000 | 488b c348 | 81c4 9000 

  0x0000029901ccfb1c: ;   {runtime_call unwind_exception Runtime1 stub}
  0x0000029901ccfb1c: 0000 5de9 | dcfa 7e05 | 488d 4424 | 7048 8904 

  0x0000029901ccfb2c: ;   {runtime_call monitorexit_nofpu Runtime1 stub}
  0x0000029901ccfb2c: 24e8 4e10 | 8805 ebe0 | f4f4 f4f4 
[Stub Code]
  0x0000029901ccfb38: ;   {no_reloc}
  0x0000029901ccfb38: 0f1f 4400 

  0x0000029901ccfb3c: ;   {static_stub}
  0x0000029901ccfb3c: 0048 bbf8 | d97e 5699 

  0x0000029901ccfb44: ;   {runtime_call I2C/C2I adapters}
  0x0000029901ccfb44: 0200 00e9 | 1b3c 7d05 

  0x0000029901ccfb4c: ;   {static_stub}
  0x0000029901ccfb4c: 9048 bb00 | 0000 0000 

  0x0000029901ccfb54: ;   {runtime_call nmethod}
  0x0000029901ccfb54: 0000 00e9 | fbff ffff 

  0x0000029901ccfb5c: ;   {static_stub}
  0x0000029901ccfb5c: 9048 bb00 | 0000 0000 

  0x0000029901ccfb64: ;   {runtime_call nmethod}
  0x0000029901ccfb64: 0000 00e9 | fbff ffff 

  0x0000029901ccfb6c: ;   {static_stub}
  0x0000029901ccfb6c: 9048 bb00 | 0000 0000 

  0x0000029901ccfb74: ;   {runtime_call nmethod}
  0x0000029901ccfb74: 0000 00e9 | fbff ffff 

  0x0000029901ccfb7c: ;   {static_stub}
  0x0000029901ccfb7c: 9048 bb00 | 0000 0000 

  0x0000029901ccfb84: ;   {runtime_call nmethod}
  0x0000029901ccfb84: 0000 00e9 | fbff ffff 

  0x0000029901ccfb8c: ;   {static_stub}
  0x0000029901ccfb8c: 9048 bb00 | 0000 0000 

  0x0000029901ccfb94: ;   {runtime_call nmethod}
  0x0000029901ccfb94: 0000 00e9 | fbff ffff 

  0x0000029901ccfb9c: ;   {static_stub}
  0x0000029901ccfb9c: 9048 bb00 | 0000 0000 

  0x0000029901ccfba4: ;   {runtime_call nmethod}
  0x0000029901ccfba4: 0000 00e9 | fbff ffff 

  0x0000029901ccfbac: ;   {static_stub}
  0x0000029901ccfbac: 9048 bb00 | df7e 5699 

  0x0000029901ccfbb4: ;   {runtime_call I2C/C2I adapters}
  0x0000029901ccfbb4: 0200 00e9 | ab3b 7d05 

  0x0000029901ccfbbc: ;   {static_stub}
  0x0000029901ccfbbc: 9048 bb00 | 0000 0000 

  0x0000029901ccfbc4: ;   {runtime_call nmethod}
  0x0000029901ccfbc4: 0000 00e9 | fbff ffff 

  0x0000029901ccfbcc: ;   {static_stub}
  0x0000029901ccfbcc: 9048 bb00 | 0000 0000 

  0x0000029901ccfbd4: ;   {runtime_call nmethod}
  0x0000029901ccfbd4: 0000 00e9 | fbff ffff 

  0x0000029901ccfbdc: ;   {static_stub}
  0x0000029901ccfbdc: 9048 bb00 | 0000 0000 

  0x0000029901ccfbe4: ;   {runtime_call nmethod}
  0x0000029901ccfbe4: 0000 00e9 | fbff ffff 

  0x0000029901ccfbec: ;   {static_stub}
  0x0000029901ccfbec: 48bb 0000 | 0000 0000 

  0x0000029901ccfbf4: ;   {runtime_call nmethod}
  0x0000029901ccfbf4: 0000 e9fb 

  0x0000029901ccfbf8: ;   {static_stub}
  0x0000029901ccfbf8: ffff ff48 | bb00 0000 | 0000 0000 

  0x0000029901ccfc04: ;   {runtime_call nmethod}
  0x0000029901ccfc04: 00e9 fbff 

  0x0000029901ccfc08: ;   {runtime_call handle_exception_from_callee Runtime1 stub}
  0x0000029901ccfc08: ffff e871 

  0x0000029901ccfc0c: ;   {external_word}
  0x0000029901ccfc0c: f787 0548 | b940 5385 | f3fc 7f00 | 0048 83e4 

  0x0000029901ccfc1c: ;   {runtime_call}
  0x0000029901ccfc1c: f048 b8b0 | c347 f3fc | 7f00 00ff 

  0x0000029901ccfc28: ;   {section_word}
  0x0000029901ccfc28: d0f4 49ba | 2afc cc01 | 9902 0000 

  0x0000029901ccfc34: ;   {runtime_call DeoptimizationBlob}
  0x0000029901ccfc34: 4152 e965 | 417d 05f4 | f4f4 f4f4 
[/MachCode]


Compiled method (c2) 91354786 26332       4       org.eclipse.jdt.internal.core.JavaElement::close (9 bytes)
 total in heap  [0x0000029907dacf90,0x0000029907dad2b0] = 800
 relocation     [0x0000029907dad0f0,0x0000029907dad118] = 40
 main code      [0x0000029907dad120,0x0000029907dad1e0] = 192
 stub code      [0x0000029907dad1e0,0x0000029907dad208] = 40
 oops           [0x0000029907dad208,0x0000029907dad210] = 8
 metadata       [0x0000029907dad210,0x0000029907dad230] = 32
 scopes data    [0x0000029907dad230,0x0000029907dad248] = 24
 scopes pcs     [0x0000029907dad248,0x0000029907dad288] = 64
 dependencies   [0x0000029907dad288,0x0000029907dad298] = 16
 handler table  [0x0000029907dad298,0x0000029907dad2b0] = 24

[Constant Pool (empty)]

[MachCode]
[Entry Point]
  # {method} {0x00000299564b2d80} 'close' '()V' in 'org/eclipse/jdt/internal/core/JavaElement'
  #           [sp+0x20]  (sp of caller)
  0x0000029907dad120: 448b 5208 | 49bb 0000 | 0013 9902 | 0000 4d03 | d349 3bc2 

  0x0000029907dad134: ;   {runtime_call ic_miss_stub}
  0x0000029907dad134: 0f85 4613 | 6fff 6690 | 0f1f 4000 
[Verified Entry Point]
  0x0000029907dad140: 8984 2400 | 80ff ff55 | 4883 ec10 | 4181 7f20 | 0700 0000 | 0f85 7500 | 0000 4c8b 

  0x0000029907dad15c: ;   {oop(a 'java/lang/Class'{0x0000000080ecb6a0} = 'org/eclipse/jdt/internal/core/JavaModelManager')}
  0x0000029907dad15c: c249 baa0 | b6ec 8000 | 0000 0045 | 8b9a 6801 | 0000 4585 | db74 2449 

  0x0000029907dad174: ;   {optimized virtual_call}
  0x0000029907dad174: 8bd3 90e8 

  0x0000029907dad178: ; ImmutableOopMap {}
                      ;*invokevirtual removeInfoAndChildren {reexecute=0 rethrow=0 return_oop=1}
                      ; - org.eclipse.jdt.internal.core.JavaElement::close@4 (line 144)
  0x0000029907dad178: a41c f2f9 

  0x0000029907dad17c: ;   {other}
  0x0000029907dad17c: 0f1f 8400 | ec01 0000 | 4883 c410 

  0x0000029907dad188: ;   {poll_return}
  0x0000029907dad188: 5d49 3ba7 | 5004 0000 | 0f87 2300 | 0000 c3ba | f6ff ffff 

  0x0000029907dad19c: ;   {runtime_call UncommonTrapBlob}
  0x0000029907dad19c: 498b e8e8 

  0x0000029907dad1a0: ; ImmutableOopMap {rbp=Oop }
                      ;*invokevirtual removeInfoAndChildren {reexecute=0 rethrow=0 return_oop=0}
                      ; - org.eclipse.jdt.internal.core.JavaElement::close@4 (line 144)
  0x0000029907dad1a0: 5c68 6fff 

  0x0000029907dad1a4: ;   {other}
  0x0000029907dad1a4: 0f1f 8400 | 1402 0001 | 488b d048 | 83c4 105d 

  0x0000029907dad1b4: ;   {runtime_call _rethrow_Java}
  0x0000029907dad1b4: e947 6d7a 

  0x0000029907dad1b8: ;   {internal_word}
  0x0000029907dad1b8: ff49 ba89 | d1da 0799 | 0200 004d | 8997 6804 

  0x0000029907dad1c8: ;   {runtime_call SafepointBlob}
  0x0000029907dad1c8: 0000 e931 

  0x0000029907dad1cc: ;   {runtime_call StubRoutines (final stubs)}
  0x0000029907dad1cc: 796f ffe8 | 0cb8 6dff | e981 ffff | fff4 f4f4 | f4f4 f4f4 
[Stub Code]
  0x0000029907dad1e0: ;   {no_reloc}
  0x0000029907dad1e0: 48bb 58ff | 4856 9902 

  0x0000029907dad1e8: ;   {runtime_call I2C/C2I adapters}
  0x0000029907dad1e8: 0000 e978 

  0x0000029907dad1ec: ;   {runtime_call ExceptionBlob}
  0x0000029907dad1ec: 656f ffe9 | 0c2a 71ff 
[Deopt Handler Code]
  0x0000029907dad1f4: e800 0000 | 0048 832c 

  0x0000029907dad1fc: ;   {runtime_call DeoptimizationBlob}
  0x0000029907dad1fc: 2405 e99d | 6b6f fff4 | f4f4 f4f4 
[/MachCode]


---------------  P R O C E S S  ---------------

Threads class SMR info:
_java_thread_list=0x000002995ca941e0, length=51, elements={
0x0000029979bdb5d0, 0x000002997dd4d690, 0x0000029979c7fad0, 0x0000029979c85110,
0x0000029979c86260, 0x0000029979c86cc0, 0x0000029979c87720, 0x0000029979c88560,
0x000002997f25a210, 0x000002997f3e2a50, 0x000002997f576b10, 0x0000029959054790,
0x00000299594c4420, 0x00000299597edbf0, 0x000002995903f200, 0x00000299597d4f40,
0x0000029959576600, 0x000002995a08c0a0, 0x000002995aca8ce0, 0x0000029959e62500,
0x0000029959e62b90, 0x0000029959e63220, 0x0000029959e666a0, 0x0000029959e680e0,
0x0000029959e66d30, 0x0000029959e673c0, 0x0000029959e652f0, 0x0000029959e69490,
0x0000029959e69b20, 0x0000029959e68770, 0x0000029959e68e00, 0x0000029959e67a50,
0x000002995e6b2380, 0x000002995e6b3730, 0x000002995e6b5e90, 0x000002995e6b2a10,
0x000002995e6b5170, 0x000002995e6b6520, 0x000002995e6b7240, 0x000002995e6b78d0,
0x000002996a8ce0f0, 0x000002995caf4fa0, 0x000002995caf5cc0, 0x000002995caf4910,
0x000002995caf7070, 0x000002995ea44d90, 0x000002995ea4b000, 0x000002995bdeeaf0,
0x000002995bdefea0, 0x000002995bdf0530, 0x000002995bded0b0
}

Java Threads: ( => current thread )
  0x0000029979bdb5d0 JavaThread "main"                              [_thread_blocked, id=11396, stack(0x000000dbd7b00000,0x000000dbd7c00000) (1024K)]
  0x000002997dd4d690 JavaThread "Reference Handler"          daemon [_thread_blocked, id=15928, stack(0x000000dbd7f00000,0x000000dbd8000000) (1024K)]
  0x0000029979c7fad0 JavaThread "Finalizer"                  daemon [_thread_blocked, id=4788, stack(0x000000dbd8000000,0x000000dbd8100000) (1024K)]
  0x0000029979c85110 JavaThread "Signal Dispatcher"          daemon [_thread_blocked, id=9464, stack(0x000000dbd8100000,0x000000dbd8200000) (1024K)]
  0x0000029979c86260 JavaThread "Attach Listener"            daemon [_thread_blocked, id=20276, stack(0x000000dbd8200000,0x000000dbd8300000) (1024K)]
  0x0000029979c86cc0 JavaThread "Service Thread"             daemon [_thread_blocked, id=3016, stack(0x000000dbd8300000,0x000000dbd8400000) (1024K)]
  0x0000029979c87720 JavaThread "Monitor Deflation Thread"   daemon [_thread_blocked, id=1936, stack(0x000000dbd8400000,0x000000dbd8500000) (1024K)]
  0x0000029979c88560 JavaThread "C2 CompilerThread0"         daemon [_thread_blocked, id=12336, stack(0x000000dbd8500000,0x000000dbd8600000) (1024K)]
  0x000002997f25a210 JavaThread "C1 CompilerThread0"         daemon [_thread_blocked, id=15020, stack(0x000000dbd8600000,0x000000dbd8700000) (1024K)]
  0x000002997f3e2a50 JavaThread "Common-Cleaner"             daemon [_thread_blocked, id=11016, stack(0x000000dbd8800000,0x000000dbd8900000) (1024K)]
  0x000002997f576b10 JavaThread "Notification Thread"        daemon [_thread_blocked, id=10800, stack(0x000000dbd8b00000,0x000000dbd8c00000) (1024K)]
  0x0000029959054790 JavaThread "Active Thread: Equinox Container: 52f37e37-72dc-45ee-922e-654526ac2669"        [_thread_blocked, id=21668, stack(0x000000dbd9600000,0x000000dbd9700000) (1024K)]
  0x00000299594c4420 JavaThread "Refresh Thread: Equinox Container: 52f37e37-72dc-45ee-922e-654526ac2669" daemon [_thread_blocked, id=22372, stack(0x000000dbd8c00000,0x000000dbd8d00000) (1024K)]
  0x00000299597edbf0 JavaThread "Framework Event Dispatcher: Equinox Container: 52f37e37-72dc-45ee-922e-654526ac2669" daemon [_thread_blocked, id=22376, stack(0x000000dbd9300000,0x000000dbd9400000) (1024K)]
  0x000002995903f200 JavaThread "Start Level: Equinox Container: 52f37e37-72dc-45ee-922e-654526ac2669" daemon [_thread_blocked, id=22380, stack(0x000000dbd9400000,0x000000dbd9500000) (1024K)]
  0x00000299597d4f40 JavaThread "Bundle File Closer"         daemon [_thread_blocked, id=22484, stack(0x000000dbd9900000,0x000000dbd9a00000) (1024K)]
  0x0000029959576600 JavaThread "SCR Component Actor"        daemon [_thread_blocked, id=21672, stack(0x000000dbd8900000,0x000000dbd8a00000) (1024K)]
  0x000002995a08c0a0 JavaThread "Worker-JM"                         [_thread_blocked, id=21696, stack(0x000000dbd9f00000,0x000000dbda000000) (1024K)]
  0x000002995aca8ce0 JavaThread "JNA Cleaner"                daemon [_thread_blocked, id=4812, stack(0x000000dbda300000,0x000000dbda400000) (1024K)]
  0x0000029959e62500 JavaThread "Java indexing"              daemon [_thread_blocked, id=21512, stack(0x000000dbda700000,0x000000dbda800000) (1024K)]
  0x0000029959e62b90 JavaThread "Thread-1"                   daemon [_thread_in_native, id=22288, stack(0x000000dbdb000000,0x000000dbdb100000) (1024K)]
  0x0000029959e63220 JavaThread "Thread-2"                   daemon [_thread_in_native, id=22284, stack(0x000000dbdb100000,0x000000dbdb200000) (1024K)]
  0x0000029959e666a0 JavaThread "Thread-3"                   daemon [_thread_in_native, id=22276, stack(0x000000dbdb300000,0x000000dbdb400000) (1024K)]
  0x0000029959e680e0 JavaThread "Thread-4"                   daemon [_thread_in_native, id=22240, stack(0x000000dbdb400000,0x000000dbdb500000) (1024K)]
  0x0000029959e66d30 JavaThread "Thread-5"                   daemon [_thread_in_native, id=22260, stack(0x000000dbdb500000,0x000000dbdb600000) (1024K)]
  0x0000029959e673c0 JavaThread "Thread-6"                   daemon [_thread_in_native, id=22272, stack(0x000000dbdb600000,0x000000dbdb700000) (1024K)]
  0x0000029959e652f0 JavaThread "Thread-7"                   daemon [_thread_in_native, id=22268, stack(0x000000dbdb700000,0x000000dbdb800000) (1024K)]
  0x0000029959e69490 JavaThread "Thread-8"                   daemon [_thread_in_native, id=10700, stack(0x000000dbdb800000,0x000000dbdb900000) (1024K)]
  0x0000029959e69b20 JavaThread "Thread-9"                   daemon [_thread_in_native, id=19756, stack(0x000000dbdb900000,0x000000dbdba00000) (1024K)]
  0x0000029959e68770 JavaThread "Thread-10"                  daemon [_thread_in_native, id=22312, stack(0x000000dbdba00000,0x000000dbdbb00000) (1024K)]
  0x0000029959e68e00 JavaThread "Thread-11"                  daemon [_thread_in_native, id=22308, stack(0x000000dbdbb00000,0x000000dbdbc00000) (1024K)]
  0x0000029959e67a50 JavaThread "Thread-12"                  daemon [_thread_in_native, id=22356, stack(0x000000dbdbc00000,0x000000dbdbd00000) (1024K)]
  0x000002995e6b2380 JavaThread "Thread-13"                  daemon [_thread_in_native, id=22352, stack(0x000000dbdbd00000,0x000000dbdbe00000) (1024K)]
  0x000002995e6b3730 JavaThread "Thread-14"                  daemon [_thread_in_native, id=22348, stack(0x000000dbdbe00000,0x000000dbdbf00000) (1024K)]
  0x000002995e6b5e90 JavaThread "Thread-15"                  daemon [_thread_in_native, id=22336, stack(0x000000dbdbf00000,0x000000dbdc000000) (1024K)]
  0x000002995e6b2a10 JavaThread "Thread-16"                  daemon [_thread_in_native, id=22332, stack(0x000000dbdc000000,0x000000dbdc100000) (1024K)]
  0x000002995e6b5170 JavaThread "Thread-17"                  daemon [_thread_in_native, id=22344, stack(0x000000dbdc100000,0x000000dbdc200000) (1024K)]
  0x000002995e6b6520 JavaThread "pool-2-thread-1"                   [_thread_blocked, id=22320, stack(0x000000dbdc200000,0x000000dbdc300000) (1024K)]
=>0x000002995e6b7240 JavaThread "WorkspaceEventsHandler"            [_thread_in_vm, id=12500, stack(0x000000dbdc500000,0x000000dbdc600000) (1024K)]
  0x000002995e6b78d0 JavaThread "pool-1-thread-1"                   [_thread_blocked, id=14844, stack(0x000000dbdc600000,0x000000dbdc700000) (1024K)]
  0x000002996a8ce0f0 JavaThread "Cleaner-0"                  daemon [_thread_blocked, id=12856, stack(0x000000dbdea00000,0x000000dbdeb00000) (1024K)]
  0x000002995caf4fa0 JavaThread "ForkJoinPool.commonPool-worker-35" daemon [_thread_blocked, id=248, stack(0x000000dbdac00000,0x000000dbdad00000) (1024K)]
  0x000002995caf5cc0 JavaThread "ForkJoinPool.commonPool-worker-36" daemon [_thread_blocked, id=3636, stack(0x000000dbd7800000,0x000000dbd7900000) (1024K)]
  0x000002995caf4910 JavaThread "ForkJoinPool.commonPool-worker-38" daemon [_thread_blocked, id=24608, stack(0x000000dbd7a00000,0x000000dbd7b00000) (1024K)]
  0x000002995caf7070 JavaThread "ForkJoinPool.commonPool-worker-42" daemon [_thread_blocked, id=25268, stack(0x000000dbda200000,0x000000dbda300000) (1024K)]
  0x000002995ea44d90 JavaThread "Worker-10"                         [_thread_blocked, id=21724, stack(0x000000dbdb200000,0x000000dbdb300000) (1024K)]
  0x000002995ea4b000 JavaThread "Worker-14"                         [_thread_blocked, id=3152, stack(0x000000dbda500000,0x000000dbda600000) (1024K)]
  0x000002995bdeeaf0 JavaThread "Worker-16"                         [_thread_blocked, id=23632, stack(0x000000dbd8700000,0x000000dbd8800000) (1024K)]
  0x000002995bdefea0 JavaThread "Worker-17"                         [_thread_blocked, id=3880, stack(0x000000dbd9b00000,0x000000dbd9c00000) (1024K)]
  0x000002995bdf0530 JavaThread "Worker-18"                         [_thread_blocked, id=23972, stack(0x000000dbd9a00000,0x000000dbd9b00000) (1024K)]
  0x000002995bded0b0 JavaThread "Worker-19"                         [_thread_blocked, id=25240, stack(0x000000dbd9e00000,0x000000dbd9f00000) (1024K)]
Total: 51

Other Threads:
  0x0000029979c7e7c0 VMThread "VM Thread"                           [id=6448, stack(0x000000dbd7e00000,0x000000dbd7f00000) (1024K)]
  0x000002997dc2ca00 WatcherThread "VM Periodic Task Thread"        [id=19828, stack(0x000000dbd7d00000,0x000000dbd7e00000) (1024K)]
  0x0000029979bfaeb0 WorkerThread "GC Thread#0"                     [id=8012, stack(0x000000dbd7c00000,0x000000dbd7d00000) (1024K)]
  0x00000299590755a0 WorkerThread "GC Thread#1"                     [id=8880, stack(0x000000dbd8d00000,0x000000dbd8e00000) (1024K)]
  0x0000029959679d40 WorkerThread "GC Thread#2"                     [id=14940, stack(0x000000dbd8e00000,0x000000dbd8f00000) (1024K)]
  0x000002995967a0f0 WorkerThread "GC Thread#3"                     [id=5632, stack(0x000000dbd8f00000,0x000000dbd9000000) (1024K)]
  0x000002995967a4a0 WorkerThread "GC Thread#4"                     [id=5360, stack(0x000000dbd9000000,0x000000dbd9100000) (1024K)]
  0x000002995967a850 WorkerThread "GC Thread#5"                     [id=6404, stack(0x000000dbd9100000,0x000000dbd9200000) (1024K)]
  0x000002995967ac00 WorkerThread "GC Thread#6"                     [id=4092, stack(0x000000dbd9200000,0x000000dbd9300000) (1024K)]
  0x00000299598f8870 WorkerThread "GC Thread#7"                     [id=21716, stack(0x000000dbd9500000,0x000000dbd9600000) (1024K)]
  0x0000029959765d60 WorkerThread "GC Thread#8"                     [id=22460, stack(0x000000dbd8a00000,0x000000dbd8b00000) (1024K)]
  0x000002997f23fa50 WorkerThread "GC Thread#9"                     [id=22464, stack(0x000000dbd9700000,0x000000dbd9800000) (1024K)]
  0x000002997f4bfae0 WorkerThread "GC Thread#10"                    [id=22468, stack(0x000000dbd9800000,0x000000dbd9900000) (1024K)]
  0x0000029959b95670 WorkerThread "GC Thread#11"                    [id=21656, stack(0x000000dbd9c00000,0x000000dbd9d00000) (1024K)]
  0x000002997f4b9e40 WorkerThread "GC Thread#12"                    [id=21652, stack(0x000000dbd9d00000,0x000000dbd9e00000) (1024K)]
Total: 15

Threads with active compile tasks:
Total: 0

VM state: not at safepoint (normal execution)

VM Mutex/Monitor currently owned by a thread: None

Heap address: 0x0000000080000000, size: 2048 MB, Compressed Oops mode: 32-bit

CDS archive(s) mapped at: [0x0000029913000000-0x0000029913ba0000-0x0000029913ba0000), size 12189696, SharedBaseAddress: 0x0000029913000000, ArchiveRelocationMode: 1.
Compressed class space mapped at: 0x0000029914000000-0x0000029954000000, reserved size: 1073741824
Narrow klass base: 0x0000029913000000, Narrow klass shift: 0, Narrow klass range: 0x100000000

GC Precious Log:
 CardTable entry size: 512
 CPUs: 16 total, 16 available
 Memory: 32454M
 Large Page Support: Disabled
 NUMA Support: Disabled
 Compressed Oops: Enabled (32-bit)
 Alignments: Space 512K, Generation 512K, Heap 2M
 Heap Min Capacity: 100M
 Heap Initial Capacity: 100M
 Heap Max Capacity: 2G
 Pre-touch: Disabled
 Parallel Workers: 13

Heap:
 PSYoungGen      total 4096K, used 1466K [0x00000000d5580000, 0x00000000d5a80000, 0x0000000100000000)
  eden space 3584K, 31% used [0x00000000d5580000,0x00000000d5696930,0x00000000d5900000)
  from space 512K, 68% used [0x00000000d5a00000,0x00000000d5a58000,0x00000000d5a80000)
  to   space 512K, 0% used [0x00000000d5980000,0x00000000d5980000,0x00000000d5a00000)
 ParOldGen       total 1003008K, used 1002726K [0x0000000080000000, 0x00000000bd380000, 0x00000000d5580000)
  object space 1003008K, 99% used [0x0000000080000000,0x00000000bd339b88,0x00000000bd380000)
 Metaspace       used 89509K, committed 91392K, reserved 1179648K
  class space    used 8797K, committed 9664K, reserved 1048576K

Card table byte_map: [0x000002997d090000,0x000002997d4a0000] _byte_map_base: 0x000002997cc90000

Marking Bits: (ParMarkBitMap*) 0x00007ffcf3b13450
 Begin Bits: [0x000002990f000000, 0x0000029911000000)
 End Bits:   [0x0000029911000000, 0x0000029913000000)

Polling page: 0x00000299783b0000

Metaspace:

Usage:
  Non-class:     78.82 MB used.
      Class:      8.59 MB used.
       Both:     87.41 MB used.

Virtual space:
  Non-class space:      128.00 MB reserved,      79.81 MB ( 62%) committed,  2 nodes.
      Class space:        1.00 GB reserved,       9.44 MB ( <1%) committed,  1 nodes.
             Both:        1.12 GB reserved,      89.25 MB (  8%) committed. 

Chunk freelists:
   Non-Class:  166.00 KB
       Class:  6.46 MB
        Both:  6.62 MB

MaxMetaspaceSize: unlimited
CompressedClassSpaceSize: 1.00 GB
Initial GC threshold: 21.00 MB
Current GC threshold: 138.88 MB
CDS: on
 - commit_granule_bytes: 65536.
 - commit_granule_words: 8192.
 - virtual_space_node_default_size: 8388608.
 - enlarge_chunks_in_place: 1.
 - use_allocation_guard: 0.


Internal statistics:

num_allocs_failed_limit: 11.
num_arena_births: 1756.
num_arena_deaths: 14.
num_vsnodes_births: 3.
num_vsnodes_deaths: 0.
num_space_committed: 1428.
num_space_uncommitted: 0.
num_chunks_returned_to_freelist: 25.
num_chunks_taken_from_freelist: 6117.
num_chunk_merges: 16.
num_chunk_splits: 3699.
num_chunks_enlarged: 2036.
num_inconsistent_stats: 0.

CodeHeap 'non-profiled nmethods': size=119168Kb used=35407Kb max_used=35492Kb free=83760Kb
 bounds [0x0000029907ba0000, 0x0000029909e50000, 0x000002990f000000]
CodeHeap 'profiled nmethods': size=119104Kb used=47570Kb max_used=52643Kb free=71533Kb
 bounds [0x0000029900000000, 0x0000029903370000, 0x0000029907450000]
CodeHeap 'non-nmethods': size=7488Kb used=1520Kb max_used=3268Kb free=5967Kb
 bounds [0x0000029907450000, 0x00000299077c0000, 0x0000029907ba0000]
CodeCache: size=245760Kb, used=84497Kb, max_used=91403Kb, free=161260Kb
 total_blobs=20861, nmethods=20021, adapters=740, full_count=0
Compilation: enabled, stopped_count=0, restarted_count=0

Compilation events (20 events):
Event: 91354.330 Thread 0x000002997f25a210 nmethod 28480 0x0000029909395590 code [0x0000029909395720, 0x00000299093957e8]
Event: 91354.450 Thread 0x000002997f25a210 28481       3       java.util.Formatter$Flags::parse (63 bytes)
Event: 91354.451 Thread 0x000002997f25a210 nmethod 28481 0x0000029902924790 code [0x00000299029249e0, 0x0000029902925278]
Event: 91354.507 Thread 0x000002997f25a210 28482       3       java.lang.Object::wait (6 bytes)
Event: 91354.507 Thread 0x000002997f25a210 nmethod 28482 0x00000299010dae10 code [0x00000299010dafc0, 0x00000299010db108]
Event: 91354.537 Thread 0x000002997f25a210 28483       3       org.eclipse.core.internal.resources.WorkspacePreferences::getBuildOrder (33 bytes)
Event: 91354.538 Thread 0x000002997f25a210 nmethod 28483 0x0000029902924110 code [0x0000029902924300, 0x0000029902924668]
Event: 91354.563 Thread 0x0000029979c88560 28484       4       com.sun.org.apache.xerces.internal.util.AugmentationsImpl$SmallContainer::getItem (43 bytes)
Event: 91354.563 Thread 0x0000029979c88560 nmethod 28484 0x0000029908bac090 code [0x0000029908bac220, 0x0000029908bac2d8]
Event: 91354.564 Thread 0x000002997f25a210 28485       3       org.eclipse.jdt.internal.core.JavaElement::equals (57 bytes)
Event: 91354.565 Thread 0x000002997f25a210 nmethod 28485 0x00000299011fbb90 code [0x00000299011fbda0, 0x00000299011fc4f0]
Event: 91354.565 Thread 0x000002997f25a210 28486       3       org.eclipse.jdt.internal.core.SourceType::closing (54 bytes)
Event: 91354.565 Thread 0x000002997f25a210 nmethod 28486 0x00000299011fb110 code [0x00000299011fb300, 0x00000299011fb8c0]
Event: 91354.565 Thread 0x000002997f25a210 28487       3       org.eclipse.jdt.internal.core.CompilationUnit::close (13 bytes)
Event: 91354.565 Thread 0x0000029979c88560 28488  s!   4       org.eclipse.jdt.internal.core.JavaModelManager::removeInfoAndChildren (115 bytes)
Event: 91354.565 Thread 0x000002997f25a210 nmethod 28487 0x0000029902923990 code [0x0000029902923b60, 0x0000029902923ea0]
Event: 91354.567 Thread 0x000002997f25a210 28490       3       org.eclipse.jdt.internal.core.Openable::closeBuffer (35 bytes)
Event: 91354.567 Thread 0x000002997f25a210 nmethod 28490 0x00000299011f9d10 code [0x00000299011f9f80, 0x00000299011face0]
Event: 91354.567 Thread 0x000002997f25a210 28491       3       org.eclipse.jdt.internal.core.Openable::closing (5 bytes)
Event: 91354.568 Thread 0x000002997f25a210 nmethod 28491 0x00000299012a7290 code [0x00000299012a74e0, 0x00000299012a7ff0]

GC Heap History (20 events):
Event: 91353.864 GC heap before
{Heap before GC invocations=4517 (full 6):
 PSYoungGen      total 4096K, used 3840K [0x00000000d5580000, 0x00000000d5a80000, 0x0000000100000000)
  eden space 3584K, 100% used [0x00000000d5580000,0x00000000d5900000,0x00000000d5900000)
  from space 512K, 50% used [0x00000000d5a00000,0x00000000d5a40000,0x00000000d5a80000)
  to   space 512K, 0% used [0x00000000d5980000,0x00000000d5980000,0x00000000d5a00000)
 ParOldGen       total 998912K, used 998654K [0x0000000080000000, 0x00000000bcf80000, 0x00000000d5580000)
  object space 998912K, 99% used [0x0000000080000000,0x00000000bcf3fb88,0x00000000bcf80000)
 Metaspace       used 89492K, committed 91392K, reserved 1179648K
  class space    used 8797K, committed 9664K, reserved 1048576K
}
Event: 91353.866 GC heap after
{Heap after GC invocations=4517 (full 6):
 PSYoungGen      total 4096K, used 512K [0x00000000d5580000, 0x00000000d5b00000, 0x0000000100000000)
  eden space 3584K, 0% used [0x00000000d5580000,0x00000000d5580000,0x00000000d5900000)
  from space 512K, 100% used [0x00000000d5980000,0x00000000d5a00000,0x00000000d5a00000)
  to   space 1024K, 0% used [0x00000000d5a00000,0x00000000d5a00000,0x00000000d5b00000)
 ParOldGen       total 998912K, used 998758K [0x0000000080000000, 0x00000000bcf80000, 0x00000000d5580000)
  object space 998912K, 99% used [0x0000000080000000,0x00000000bcf59b88,0x00000000bcf80000)
 Metaspace       used 89492K, committed 91392K, reserved 1179648K
  class space    used 8797K, committed 9664K, reserved 1048576K
}
Event: 91353.870 GC heap before
{Heap before GC invocations=4518 (full 6):
 PSYoungGen      total 4096K, used 4095K [0x00000000d5580000, 0x00000000d5b00000, 0x0000000100000000)
  eden space 3584K, 99% used [0x00000000d5580000,0x00000000d58ffff0,0x00000000d5900000)
  from space 512K, 100% used [0x00000000d5980000,0x00000000d5a00000,0x00000000d5a00000)
  to   space 1024K, 0% used [0x00000000d5a00000,0x00000000d5a00000,0x00000000d5b00000)
 ParOldGen       total 998912K, used 998758K [0x0000000080000000, 0x00000000bcf80000, 0x00000000d5580000)
  object space 998912K, 99% used [0x0000000080000000,0x00000000bcf59b88,0x00000000bcf80000)
 Metaspace       used 89492K, committed 91392K, reserved 1179648K
  class space    used 8797K, committed 9664K, reserved 1048576K
}
Event: 91353.873 GC heap after
{Heap after GC invocations=4518 (full 6):
 PSYoungGen      total 4608K, used 672K [0x00000000d5580000, 0x00000000d5b00000, 0x0000000100000000)
  eden space 3584K, 0% used [0x00000000d5580000,0x00000000d5580000,0x00000000d5900000)
  from space 1024K, 65% used [0x00000000d5a00000,0x00000000d5aa8000,0x00000000d5b00000)
  to   space 1024K, 0% used [0x00000000d5900000,0x00000000d5900000,0x00000000d5a00000)
 ParOldGen       total 999424K, used 999278K [0x0000000080000000, 0x00000000bd000000, 0x00000000d5580000)
  object space 999424K, 99% used [0x0000000080000000,0x00000000bcfdbb88,0x00000000bd000000)
 Metaspace       used 89492K, committed 91392K, reserved 1179648K
  class space    used 8797K, committed 9664K, reserved 1048576K
}
Event: 91353.881 GC heap before
{Heap before GC invocations=4519 (full 6):
 PSYoungGen      total 4608K, used 4256K [0x00000000d5580000, 0x00000000d5b00000, 0x0000000100000000)
  eden space 3584K, 100% used [0x00000000d5580000,0x00000000d5900000,0x00000000d5900000)
  from space 1024K, 65% used [0x00000000d5a00000,0x00000000d5aa8000,0x00000000d5b00000)
  to   space 1024K, 0% used [0x00000000d5900000,0x00000000d5900000,0x00000000d5a00000)
 ParOldGen       total 999424K, used 999278K [0x0000000080000000, 0x00000000bd000000, 0x00000000d5580000)
  object space 999424K, 99% used [0x0000000080000000,0x00000000bcfdbb88,0x00000000bd000000)
 Metaspace       used 89492K, committed 91392K, reserved 1179648K
  class space    used 8797K, committed 9664K, reserved 1048576K
}
Event: 91353.884 GC heap after
{Heap after GC invocations=4519 (full 6):
 PSYoungGen      total 4608K, used 864K [0x00000000d5580000, 0x00000000d5b00000, 0x0000000100000000)
  eden space 3584K, 0% used [0x00000000d5580000,0x00000000d5580000,0x00000000d5900000)
  from space 1024K, 84% used [0x00000000d5900000,0x00000000d59d8000,0x00000000d5a00000)
  to   space 1024K, 0% used [0x00000000d5a00000,0x00000000d5a00000,0x00000000d5b00000)
 ParOldGen       total 1000448K, used 999950K [0x0000000080000000, 0x00000000bd100000, 0x00000000d5580000)
  object space 1000448K, 99% used [0x0000000080000000,0x00000000bd083b88,0x00000000bd100000)
 Metaspace       used 89492K, committed 91392K, reserved 1179648K
  class space    used 8797K, committed 9664K, reserved 1048576K
}
Event: 91353.951 GC heap before
{Heap before GC invocations=4520 (full 6):
 PSYoungGen      total 4608K, used 4448K [0x00000000d5580000, 0x00000000d5b00000, 0x0000000100000000)
  eden space 3584K, 100% used [0x00000000d5580000,0x00000000d5900000,0x00000000d5900000)
  from space 1024K, 84% used [0x00000000d5900000,0x00000000d59d8000,0x00000000d5a00000)
  to   space 1024K, 0% used [0x00000000d5a00000,0x00000000d5a00000,0x00000000d5b00000)
 ParOldGen       total 1000448K, used 999950K [0x0000000080000000, 0x00000000bd100000, 0x00000000d5580000)
  object space 1000448K, 99% used [0x0000000080000000,0x00000000bd083b88,0x00000000bd100000)
 Metaspace       used 89492K, committed 91392K, reserved 1179648K
  class space    used 8797K, committed 9664K, reserved 1048576K
}
Event: 91353.953 GC heap after
{Heap after GC invocations=4520 (full 6):
 PSYoungGen      total 4608K, used 592K [0x00000000d5580000, 0x00000000d5b00000, 0x0000000100000000)
  eden space 3584K, 0% used [0x00000000d5580000,0x00000000d5580000,0x00000000d5900000)
  from space 1024K, 57% used [0x00000000d5a00000,0x00000000d5a94010,0x00000000d5b00000)
  to   space 1024K, 0% used [0x00000000d5900000,0x00000000d5900000,0x00000000d5a00000)
 ParOldGen       total 1000960K, used 1000606K [0x0000000080000000, 0x00000000bd180000, 0x00000000d5580000)
  object space 1000960K, 99% used [0x0000000080000000,0x00000000bd127b88,0x00000000bd180000)
 Metaspace       used 89492K, committed 91392K, reserved 1179648K
  class space    used 8797K, committed 9664K, reserved 1048576K
}
Event: 91354.132 GC heap before
{Heap before GC invocations=4521 (full 6):
 PSYoungGen      total 4608K, used 4176K [0x00000000d5580000, 0x00000000d5b00000, 0x0000000100000000)
  eden space 3584K, 99% used [0x00000000d5580000,0x00000000d58ffff0,0x00000000d5900000)
  from space 1024K, 57% used [0x00000000d5a00000,0x00000000d5a94010,0x00000000d5b00000)
  to   space 1024K, 0% used [0x00000000d5900000,0x00000000d5900000,0x00000000d5a00000)
 ParOldGen       total 1000960K, used 1000606K [0x0000000080000000, 0x00000000bd180000, 0x00000000d5580000)
  object space 1000960K, 99% used [0x0000000080000000,0x00000000bd127b88,0x00000000bd180000)
 Metaspace       used 89502K, committed 91392K, reserved 1179648K
  class space    used 8797K, committed 9664K, reserved 1048576K
}
Event: 91354.134 GC heap after
{Heap after GC invocations=4521 (full 6):
 PSYoungGen      total 4608K, used 352K [0x00000000d5580000, 0x00000000d5a80000, 0x0000000100000000)
  eden space 3584K, 0% used [0x00000000d5580000,0x00000000d5580000,0x00000000d5900000)
  from space 1024K, 34% used [0x00000000d5900000,0x00000000d5958000,0x00000000d5a00000)
  to   space 512K, 0% used [0x00000000d5a00000,0x00000000d5a00000,0x00000000d5a80000)
 ParOldGen       total 1000960K, used 1000694K [0x0000000080000000, 0x00000000bd180000, 0x00000000d5580000)
  object space 1000960K, 99% used [0x0000000080000000,0x00000000bd13db88,0x00000000bd180000)
 Metaspace       used 89502K, committed 91392K, reserved 1179648K
  class space    used 8797K, committed 9664K, reserved 1048576K
}
Event: 91354.212 GC heap before
{Heap before GC invocations=4522 (full 6):
 PSYoungGen      total 4608K, used 3936K [0x00000000d5580000, 0x00000000d5a80000, 0x0000000100000000)
  eden space 3584K, 100% used [0x00000000d5580000,0x00000000d5900000,0x00000000d5900000)
  from space 1024K, 34% used [0x00000000d5900000,0x00000000d5958000,0x00000000d5a00000)
  to   space 512K, 0% used [0x00000000d5a00000,0x00000000d5a00000,0x00000000d5a80000)
 ParOldGen       total 1000960K, used 1000694K [0x0000000080000000, 0x00000000bd180000, 0x00000000d5580000)
  object space 1000960K, 99% used [0x0000000080000000,0x00000000bd13db88,0x00000000bd180000)
 Metaspace       used 89502K, committed 91392K, reserved 1179648K
  class space    used 8797K, committed 9664K, reserved 1048576K
}
Event: 91354.214 GC heap after
{Heap after GC invocations=4522 (full 6):
 PSYoungGen      total 4096K, used 512K [0x00000000d5580000, 0x00000000d5b00000, 0x0000000100000000)
  eden space 3584K, 0% used [0x00000000d5580000,0x00000000d5580000,0x00000000d5900000)
  from space 512K, 100% used [0x00000000d5a00000,0x00000000d5a80000,0x00000000d5a80000)
  to   space 1024K, 0% used [0x00000000d5900000,0x00000000d5900000,0x00000000d5a00000)
 ParOldGen       total 1000960K, used 1000814K [0x0000000080000000, 0x00000000bd180000, 0x00000000d5580000)
  object space 1000960K, 99% used [0x0000000080000000,0x00000000bd15bb88,0x00000000bd180000)
 Metaspace       used 89502K, committed 91392K, reserved 1179648K
  class space    used 8797K, committed 9664K, reserved 1048576K
}
Event: 91354.218 GC heap before
{Heap before GC invocations=4523 (full 6):
 PSYoungGen      total 4096K, used 4096K [0x00000000d5580000, 0x00000000d5b00000, 0x0000000100000000)
  eden space 3584K, 100% used [0x00000000d5580000,0x00000000d5900000,0x00000000d5900000)
  from space 512K, 100% used [0x00000000d5a00000,0x00000000d5a80000,0x00000000d5a80000)
  to   space 1024K, 0% used [0x00000000d5900000,0x00000000d5900000,0x00000000d5a00000)
 ParOldGen       total 1000960K, used 1000814K [0x0000000080000000, 0x00000000bd180000, 0x00000000d5580000)
  object space 1000960K, 99% used [0x0000000080000000,0x00000000bd15bb88,0x00000000bd180000)
 Metaspace       used 89502K, committed 91392K, reserved 1179648K
  class space    used 8797K, committed 9664K, reserved 1048576K
}
Event: 91354.221 GC heap after
{Heap after GC invocations=4523 (full 6):
 PSYoungGen      total 4608K, used 704K [0x00000000d5580000, 0x00000000d5b00000, 0x0000000100000000)
  eden space 3584K, 0% used [0x00000000d5580000,0x00000000d5580000,0x00000000d5900000)
  from space 1024K, 68% used [0x00000000d5900000,0x00000000d59b0000,0x00000000d5a00000)
  to   space 1024K, 0% used [0x00000000d5a00000,0x00000000d5a00000,0x00000000d5b00000)
 ParOldGen       total 1001472K, used 1001318K [0x0000000080000000, 0x00000000bd200000, 0x00000000d5580000)
  object space 1001472K, 99% used [0x0000000080000000,0x00000000bd1d9b88,0x00000000bd200000)
 Metaspace       used 89502K, committed 91392K, reserved 1179648K
  class space    used 8797K, committed 9664K, reserved 1048576K
}
Event: 91354.228 GC heap before
{Heap before GC invocations=4524 (full 6):
 PSYoungGen      total 4608K, used 4287K [0x00000000d5580000, 0x00000000d5b00000, 0x0000000100000000)
  eden space 3584K, 99% used [0x00000000d5580000,0x00000000d58fffc8,0x00000000d5900000)
  from space 1024K, 68% used [0x00000000d5900000,0x00000000d59b0000,0x00000000d5a00000)
  to   space 1024K, 0% used [0x00000000d5a00000,0x00000000d5a00000,0x00000000d5b00000)
 ParOldGen       total 1001472K, used 1001318K [0x0000000080000000, 0x00000000bd200000, 0x00000000d5580000)
  object space 1001472K, 99% used [0x0000000080000000,0x00000000bd1d9b88,0x00000000bd200000)
 Metaspace       used 89503K, committed 91392K, reserved 1179648K
  class space    used 8797K, committed 9664K, reserved 1048576K
}
Event: 91354.230 GC heap after
{Heap after GC invocations=4524 (full 6):
 PSYoungGen      total 4608K, used 864K [0x00000000d5580000, 0x00000000d5b00000, 0x0000000100000000)
  eden space 3584K, 0% used [0x00000000d5580000,0x00000000d5580000,0x00000000d5900000)
  from space 1024K, 84% used [0x00000000d5a00000,0x00000000d5ad8000,0x00000000d5b00000)
  to   space 1024K, 0% used [0x00000000d5900000,0x00000000d5900000,0x00000000d5a00000)
 ParOldGen       total 1002496K, used 1002006K [0x0000000080000000, 0x00000000bd300000, 0x00000000d5580000)
  object space 1002496K, 99% used [0x0000000080000000,0x00000000bd285b88,0x00000000bd300000)
 Metaspace       used 89503K, committed 91392K, reserved 1179648K
  class space    used 8797K, committed 9664K, reserved 1048576K
}
Event: 91354.290 GC heap before
{Heap before GC invocations=4525 (full 6):
 PSYoungGen      total 4608K, used 4448K [0x00000000d5580000, 0x00000000d5b00000, 0x0000000100000000)
  eden space 3584K, 100% used [0x00000000d5580000,0x00000000d5900000,0x00000000d5900000)
  from space 1024K, 84% used [0x00000000d5a00000,0x00000000d5ad8000,0x00000000d5b00000)
  to   space 1024K, 0% used [0x00000000d5900000,0x00000000d5900000,0x00000000d5a00000)
 ParOldGen       total 1002496K, used 1002006K [0x0000000080000000, 0x00000000bd300000, 0x00000000d5580000)
  object space 1002496K, 99% used [0x0000000080000000,0x00000000bd285b88,0x00000000bd300000)
 Metaspace       used 89503K, committed 91392K, reserved 1179648K
  class space    used 8797K, committed 9664K, reserved 1048576K
}
Event: 91354.292 GC heap after
{Heap after GC invocations=4525 (full 6):
 PSYoungGen      total 4608K, used 416K [0x00000000d5580000, 0x00000000d5b00000, 0x0000000100000000)
  eden space 3584K, 0% used [0x00000000d5580000,0x00000000d5580000,0x00000000d5900000)
  from space 1024K, 40% used [0x00000000d5900000,0x00000000d5968000,0x00000000d5a00000)
  to   space 1024K, 0% used [0x00000000d5a00000,0x00000000d5a00000,0x00000000d5b00000)
 ParOldGen       total 1003008K, used 1002654K [0x0000000080000000, 0x00000000bd380000, 0x00000000d5580000)
  object space 1003008K, 99% used [0x0000000080000000,0x00000000bd327b88,0x00000000bd380000)
 Metaspace       used 89503K, committed 91392K, reserved 1179648K
  class space    used 8797K, committed 9664K, reserved 1048576K
}
Event: 91354.530 GC heap before
{Heap before GC invocations=4526 (full 6):
 PSYoungGen      total 4608K, used 4000K [0x00000000d5580000, 0x00000000d5b00000, 0x0000000100000000)
  eden space 3584K, 100% used [0x00000000d5580000,0x00000000d5900000,0x00000000d5900000)
  from space 1024K, 40% used [0x00000000d5900000,0x00000000d5968000,0x00000000d5a00000)
  to   space 1024K, 0% used [0x00000000d5a00000,0x00000000d5a00000,0x00000000d5b00000)
 ParOldGen       total 1003008K, used 1002654K [0x0000000080000000, 0x00000000bd380000, 0x00000000d5580000)
  object space 1003008K, 99% used [0x0000000080000000,0x00000000bd327b88,0x00000000bd380000)
 Metaspace       used 89507K, committed 91392K, reserved 1179648K
  class space    used 8797K, committed 9664K, reserved 1048576K
}
Event: 91354.532 GC heap after
{Heap after GC invocations=4526 (full 6):
 PSYoungGen      total 4096K, used 352K [0x00000000d5580000, 0x00000000d5a80000, 0x0000000100000000)
  eden space 3584K, 0% used [0x00000000d5580000,0x00000000d5580000,0x00000000d5900000)
  from space 512K, 68% used [0x00000000d5a00000,0x00000000d5a58000,0x00000000d5a80000)
  to   space 512K, 0% used [0x00000000d5980000,0x00000000d5980000,0x00000000d5a00000)
 ParOldGen       total 1003008K, used 1002726K [0x0000000080000000, 0x00000000bd380000, 0x00000000d5580000)
  object space 1003008K, 99% used [0x0000000080000000,0x00000000bd339b88,0x00000000bd380000)
 Metaspace       used 89507K, committed 91392K, reserved 1179648K
  class space    used 8797K, committed 9664K, reserved 1048576K
}

Dll operation events (12 events):
Event: 0.060 Loaded shared library c:\Users\Akanksha.Surve\.antigravity\extensions\redhat.java-1.54.0-win32-x64\jre\21.0.10-win32-x86_64\bin\java.dll
Event: 0.266 Loaded shared library c:\Users\Akanksha.Surve\.antigravity\extensions\redhat.java-1.54.0-win32-x64\jre\21.0.10-win32-x86_64\bin\zip.dll
Event: 0.387 Loaded shared library C:\Users\Akanksha.Surve\.antigravity\extensions\redhat.java-1.54.0-win32-x64\jre\21.0.10-win32-x86_64\bin\instrument.dll
Event: 0.408 Loaded shared library C:\Users\Akanksha.Surve\.antigravity\extensions\redhat.java-1.54.0-win32-x64\jre\21.0.10-win32-x86_64\bin\net.dll
Event: 0.431 Loaded shared library C:\Users\Akanksha.Surve\.antigravity\extensions\redhat.java-1.54.0-win32-x64\jre\21.0.10-win32-x86_64\bin\nio.dll
Event: 0.454 Loaded shared library C:\Users\Akanksha.Surve\.antigravity\extensions\redhat.java-1.54.0-win32-x64\jre\21.0.10-win32-x86_64\bin\zip.dll
Event: 0.523 Loaded shared library C:\Users\Akanksha.Surve\.antigravity\extensions\redhat.java-1.54.0-win32-x64\jre\21.0.10-win32-x86_64\bin\jimage.dll
Event: 0.817 Loaded shared library c:\Users\Akanksha.Surve\.antigravity\extensions\redhat.java-1.54.0-win32-x64\jre\21.0.10-win32-x86_64\bin\verify.dll
Event: 5.617 Loaded shared library C:\Users\Akanksha.Surve\AppData\Roaming\Antigravity\User\globalStorage\redhat.java\1.54.0\config_win\org.eclipse.equinox.launcher\org.eclipse.equinox.launcher.win32.win32.x86_64_1.3.0.v20260203-2149\eclipse_11919.dll
Event: 10.823 Loaded shared library C:\Users\Akanksha.Surve\AppData\Local\Temp\jna-907455049\jna10036322783879831797.dll
Event: 15.674 Loaded shared library C:\Users\Akanksha.Surve\.antigravity\extensions\redhat.java-1.54.0-win32-x64\jre\21.0.10-win32-x86_64\bin\sunmscapi.dll
Event: 16.006 Loaded shared library C:\Users\Akanksha.Surve\.antigravity\extensions\redhat.java-1.54.0-win32-x64\jre\21.0.10-win32-x86_64\bin\extnet.dll

Deoptimization events (20 events):
Event: 91346.898 Thread 0x000002995e6b7240 Uncommon trap: trap_request=0xffffff45 fr.pc=0x0000029908c51e80 relative=0x0000000000000060
Event: 91346.898 Thread 0x000002995e6b7240 Uncommon trap: reason=unstable_if action=reinterpret pc=0x0000029908c51e80 method=org.eclipse.jdt.internal.core.ClasspathEntry.equalPatterns([Lorg/eclipse/core/runtime/IPath;[Lorg/eclipse/core/runtime/IPath;)Z @ 60 c2
Event: 91346.898 Thread 0x000002995e6b7240 DEOPT PACKING pc=0x0000029908c51e80 sp=0x000000dbdc5fe6a0
Event: 91346.898 Thread 0x000002995e6b7240 DEOPT UNPACKING pc=0x00000299074a3aa2 sp=0x000000dbdc5fe628 mode 2
Event: 91348.187 Thread 0x000002995bdeeaf0 DEOPT PACKING pc=0x0000029902433b50 sp=0x000000dbd87fea10
Event: 91348.187 Thread 0x000002995bdeeaf0 DEOPT UNPACKING pc=0x00000299074a4242 sp=0x000000dbd87fde20 mode 0
Event: 91351.130 Thread 0x000002995e6b7240 DEOPT PACKING pc=0x00000299020647ca sp=0x000000dbdc5fe7a0
Event: 91351.130 Thread 0x000002995e6b7240 DEOPT UNPACKING pc=0x00000299074a4242 sp=0x000000dbdc5fdd28 mode 0
Event: 91352.673 Thread 0x000002995bdefea0 DEOPT PACKING pc=0x0000029902619237 sp=0x000000dbd9bfe770
Event: 91352.673 Thread 0x000002995bdefea0 DEOPT UNPACKING pc=0x00000299074a4242 sp=0x000000dbd9bfdfb8 mode 0
Event: 91352.733 Thread 0x000002995bdefea0 DEOPT PACKING pc=0x0000029902619237 sp=0x000000dbd9bfe770
Event: 91352.733 Thread 0x000002995bdefea0 DEOPT UNPACKING pc=0x00000299074a4242 sp=0x000000dbd9bfdfb8 mode 0
Event: 91354.564 Thread 0x000002995e6b7240 Uncommon trap: trap_request=0xffffff45 fr.pc=0x0000029908c525d8 relative=0x00000000000003f8
Event: 91354.564 Thread 0x000002995e6b7240 Uncommon trap: reason=unstable_if action=reinterpret pc=0x0000029908c525d8 method=org.eclipse.jdt.internal.core.ClasspathEntry.equalAttributes([Lorg/eclipse/jdt/core/IClasspathAttribute;[Lorg/eclipse/jdt/core/IClasspathAttribute;)Z @ 21 c2
Event: 91354.564 Thread 0x000002995e6b7240 DEOPT PACKING pc=0x0000029908c525d8 sp=0x000000dbdc5fe6e0
Event: 91354.564 Thread 0x000002995e6b7240 DEOPT UNPACKING pc=0x00000299074a3aa2 sp=0x000000dbdc5fe678 mode 2
Event: 91354.568 Thread 0x000002995e6b7240 Uncommon trap: trap_request=0xffffffde fr.pc=0x00000299089c1bd4 relative=0x0000000000000d14
Event: 91354.568 Thread 0x000002995e6b7240 Uncommon trap: reason=class_check action=maybe_recompile pc=0x00000299089c1bd4 method=org.eclipse.jdt.internal.core.JavaModelManager.closeChildren(Ljava/lang/Object;)V @ 31 c2
Event: 91354.568 Thread 0x000002995e6b7240 DEOPT PACKING pc=0x00000299089c1bd4 sp=0x000000dbdc5fe030
Event: 91354.568 Thread 0x000002995e6b7240 DEOPT UNPACKING pc=0x00000299074a3aa2 sp=0x000000dbdc5fe018 mode 2

Classes loaded (20 events):
Event: 90368.656 Loading class java/util/function/IntPredicate
Event: 90368.656 Loading class java/util/function/IntPredicate done
Event: 90368.676 Loading class java/util/regex/Pattern$Bound
Event: 90368.676 Loading class java/util/regex/Pattern$Bound done
Event: 90694.325 Loading class jdk/internal/module/IllegalAccessLogger
Event: 90694.325 Loading class jdk/internal/module/IllegalAccessLogger done
Event: 90695.610 Loading class jdk/internal/module/IllegalAccessLogger
Event: 90695.610 Loading class jdk/internal/module/IllegalAccessLogger done
Event: 90697.327 Loading class jdk/internal/module/IllegalAccessLogger
Event: 90697.327 Loading class jdk/internal/module/IllegalAccessLogger done
Event: 90701.877 Loading class jdk/internal/module/IllegalAccessLogger
Event: 90701.877 Loading class jdk/internal/module/IllegalAccessLogger done
Event: 90707.268 Loading class jdk/internal/module/IllegalAccessLogger
Event: 90707.268 Loading class jdk/internal/module/IllegalAccessLogger done
Event: 90707.315 Loading class java/nio/BufferMismatch
Event: 90707.315 Loading class java/nio/BufferMismatch done
Event: 90720.850 Loading class jdk/internal/module/IllegalAccessLogger
Event: 90720.850 Loading class jdk/internal/module/IllegalAccessLogger done
Event: 90722.976 Loading class jdk/internal/module/IllegalAccessLogger
Event: 90722.976 Loading class jdk/internal/module/IllegalAccessLogger done

Classes unloaded (7 events):
Event: 11.645 Thread 0x0000029979c7e7c0 Unloading class 0x00000299141a4000 'java/lang/invoke/LambdaForm$MH+0x00000299141a4000'
Event: 11.645 Thread 0x0000029979c7e7c0 Unloading class 0x00000299141a3c00 'java/lang/invoke/LambdaForm$MH+0x00000299141a3c00'
Event: 11.645 Thread 0x0000029979c7e7c0 Unloading class 0x00000299141a3800 'java/lang/invoke/LambdaForm$MH+0x00000299141a3800'
Event: 11.645 Thread 0x0000029979c7e7c0 Unloading class 0x00000299141a3400 'java/lang/invoke/LambdaForm$MH+0x00000299141a3400'
Event: 11.645 Thread 0x0000029979c7e7c0 Unloading class 0x00000299141a3000 'java/lang/invoke/LambdaForm$BMH+0x00000299141a3000'
Event: 11.645 Thread 0x0000029979c7e7c0 Unloading class 0x00000299141a2c00 'java/lang/invoke/LambdaForm$DMH+0x00000299141a2c00'
Event: 11.645 Thread 0x0000029979c7e7c0 Unloading class 0x00000299141a1800 'java/lang/invoke/LambdaForm$DMH+0x00000299141a1800'

Classes redefined (0 events):
No events

Internal exceptions (20 events):
Event: 91354.237 Thread 0x000002995bdf0530 Exception <a 'sun/nio/fs/WindowsException'{0x00000000d561dc08}> (0x00000000d561dc08) 
thrown [s\src\hotspot\share\prims\jni.cpp, line 520]
Event: 91354.238 Thread 0x000002995bdf0530 Exception <a 'sun/nio/fs/WindowsException'{0x00000000d561e2d8}> (0x00000000d561e2d8) 
thrown [s\src\hotspot\share\prims\jni.cpp, line 520]
Event: 91354.258 Thread 0x000002995bded0b0 Exception <a 'sun/nio/fs/WindowsException'{0x00000000d57c0740}> (0x00000000d57c0740) 
thrown [s\src\hotspot\share\prims\jni.cpp, line 520]
Event: 91354.258 Thread 0x000002995bded0b0 Exception <a 'sun/nio/fs/WindowsException'{0x00000000d57c0bd0}> (0x00000000d57c0bd0) 
thrown [s\src\hotspot\share\prims\jni.cpp, line 520]
Event: 91354.270 Thread 0x000002995bded0b0 Exception <a 'sun/nio/fs/WindowsException'{0x00000000d5850fd0}> (0x00000000d5850fd0) 
thrown [s\src\hotspot\share\prims\jni.cpp, line 520]
Event: 91354.270 Thread 0x000002995bded0b0 Exception <a 'sun/nio/fs/WindowsException'{0x00000000d5851460}> (0x00000000d5851460) 
thrown [s\src\hotspot\share\prims\jni.cpp, line 520]
Event: 91354.277 Thread 0x000002995bdf0530 Exception <a 'sun/nio/fs/WindowsException'{0x00000000d5874528}> (0x00000000d5874528) 
thrown [s\src\hotspot\share\prims\jni.cpp, line 520]
Event: 91354.277 Thread 0x000002995bdf0530 Exception <a 'sun/nio/fs/WindowsException'{0x00000000d5874c08}> (0x00000000d5874c08) 
thrown [s\src\hotspot\share\prims\jni.cpp, line 520]
Event: 91354.295 Thread 0x000002995bdf0530 Exception <a 'sun/nio/fs/WindowsException'{0x00000000d563af40}> (0x00000000d563af40) 
thrown [s\src\hotspot\share\prims\jni.cpp, line 520]
Event: 91354.295 Thread 0x000002995bdf0530 Exception <a 'sun/nio/fs/WindowsException'{0x00000000d563b3d0}> (0x00000000d563b3d0) 
thrown [s\src\hotspot\share\prims\jni.cpp, line 520]
Event: 91354.465 Thread 0x000002995bdefea0 Exception <a 'sun/nio/fs/WindowsException'{0x00000000d578dc90}> (0x00000000d578dc90) 
thrown [s\src\hotspot\share\prims\jni.cpp, line 520]
Event: 91354.465 Thread 0x000002995bdefea0 Exception <a 'sun/nio/fs/WindowsException'{0x00000000d578e120}> (0x00000000d578e120) 
thrown [s\src\hotspot\share\prims\jni.cpp, line 520]
Event: 91354.509 Thread 0x000002995bdefea0 Exception <a 'sun/nio/fs/WindowsException'{0x00000000d5819320}> (0x00000000d5819320) 
thrown [s\src\hotspot\share\prims\jni.cpp, line 520]
Event: 91354.509 Thread 0x000002995bdefea0 Exception <a 'sun/nio/fs/WindowsException'{0x00000000d5819ce0}> (0x00000000d5819ce0) 
thrown [s\src\hotspot\share\prims\jni.cpp, line 520]
Event: 91354.510 Thread 0x000002995bdefea0 Exception <a 'sun/nio/fs/WindowsException'{0x00000000d58aa160}> (0x00000000d58aa160) 
thrown [s\src\hotspot\share\prims\jni.cpp, line 520]
Event: 91354.510 Thread 0x000002995bdefea0 Exception <a 'sun/nio/fs/WindowsException'{0x00000000d58aa5f0}> (0x00000000d58aa5f0) 
thrown [s\src\hotspot\share\prims\jni.cpp, line 520]
Event: 91354.534 Thread 0x000002995bdefea0 Exception <a 'sun/nio/fs/WindowsException'{0x00000000d5592100}> (0x00000000d5592100) 
thrown [s\src\hotspot\share\prims\jni.cpp, line 520]
Event: 91354.534 Thread 0x000002995bdefea0 Exception <a 'sun/nio/fs/WindowsException'{0x00000000d5592840}> (0x00000000d5592840) 
thrown [s\src\hotspot\share\prims\jni.cpp, line 520]
Event: 91354.563 Thread 0x000002995e6b7240 Exception <a 'sun/nio/fs/WindowsException'{0x00000000d56828d0}> (0x00000000d56828d0) 
thrown [s\src\hotspot\share\prims\jni.cpp, line 520]
Event: 91354.563 Thread 0x000002995e6b7240 Exception <a 'sun/nio/fs/WindowsException'{0x00000000d5683010}> (0x00000000d5683010) 
thrown [s\src\hotspot\share\prims\jni.cpp, line 520]

ZGC Phase Switch (0 events):
No events

VM Operations (20 events):
Event: 91353.864 Executing safepoint VM operation: ParallelGCFailedAllocation (Allocation Failure)
Event: 91353.866 Executing safepoint VM operation: ParallelGCFailedAllocation (Allocation Failure) done
Event: 91353.870 Executing safepoint VM operation: ParallelGCFailedAllocation (Allocation Failure)
Event: 91353.873 Executing safepoint VM operation: ParallelGCFailedAllocation (Allocation Failure) done
Event: 91353.881 Executing safepoint VM operation: ParallelGCFailedAllocation (Allocation Failure)
Event: 91353.884 Executing safepoint VM operation: ParallelGCFailedAllocation (Allocation Failure) done
Event: 91353.951 Executing safepoint VM operation: ParallelGCFailedAllocation (Allocation Failure)
Event: 91353.953 Executing safepoint VM operation: ParallelGCFailedAllocation (Allocation Failure) done
Event: 91354.132 Executing safepoint VM operation: ParallelGCFailedAllocation (Allocation Failure)
Event: 91354.134 Executing safepoint VM operation: ParallelGCFailedAllocation (Allocation Failure) done
Event: 91354.212 Executing safepoint VM operation: ParallelGCFailedAllocation (Allocation Failure)
Event: 91354.214 Executing safepoint VM operation: ParallelGCFailedAllocation (Allocation Failure) done
Event: 91354.218 Executing safepoint VM operation: ParallelGCFailedAllocation (Allocation Failure)
Event: 91354.221 Executing safepoint VM operation: ParallelGCFailedAllocation (Allocation Failure) done
Event: 91354.228 Executing safepoint VM operation: ParallelGCFailedAllocation (Allocation Failure)
Event: 91354.230 Executing safepoint VM operation: ParallelGCFailedAllocation (Allocation Failure) done
Event: 91354.290 Executing safepoint VM operation: ParallelGCFailedAllocation (Allocation Failure)
Event: 91354.292 Executing safepoint VM operation: ParallelGCFailedAllocation (Allocation Failure) done
Event: 91354.530 Executing safepoint VM operation: ParallelGCFailedAllocation (Allocation Failure)
Event: 91354.532 Executing safepoint VM operation: ParallelGCFailedAllocation (Allocation Failure) done

Memory protections (0 events):
No events

Nmethod flushes (20 events):
Event: 147.499 Thread 0x0000029979c7e7c0 flushing  nmethod 0x0000029902e7fd90
Event: 147.499 Thread 0x0000029979c7e7c0 flushing  nmethod 0x0000029902e87090
Event: 147.499 Thread 0x0000029979c7e7c0 flushing  nmethod 0x0000029902e9ee10
Event: 147.499 Thread 0x0000029979c7e7c0 flushing osr nmethod 0x0000029902ee6d90
Event: 147.499 Thread 0x0000029979c7e7c0 flushing  nmethod 0x0000029902efed90
Event: 147.499 Thread 0x0000029979c7e7c0 flushing  nmethod 0x0000029902f11610
Event: 147.499 Thread 0x0000029979c7e7c0 flushing  nmethod 0x0000029902f32410
Event: 147.499 Thread 0x0000029979c7e7c0 flushing  nmethod 0x0000029902f39610
Event: 147.499 Thread 0x0000029979c7e7c0 flushing  nmethod 0x0000029902f3a410
Event: 147.499 Thread 0x0000029979c7e7c0 flushing  nmethod 0x0000029902f43410
Event: 147.499 Thread 0x0000029979c7e7c0 flushing  nmethod 0x0000029902f49f90
Event: 147.499 Thread 0x0000029979c7e7c0 flushing  nmethod 0x0000029902f4a610
Event: 147.499 Thread 0x0000029979c7e7c0 flushing  nmethod 0x0000029902f57410
Event: 147.499 Thread 0x0000029979c7e7c0 flushing  nmethod 0x0000029902f5c990
Event: 147.499 Thread 0x0000029979c7e7c0 flushing  nmethod 0x0000029902f5e910
Event: 147.499 Thread 0x0000029979c7e7c0 flushing  nmethod 0x0000029902f5fb90
Event: 147.499 Thread 0x0000029979c7e7c0 flushing  nmethod 0x0000029902f6c090
Event: 147.499 Thread 0x0000029979c7e7c0 flushing  nmethod 0x0000029902f81f90
Event: 147.499 Thread 0x0000029979c7e7c0 flushing  nmethod 0x0000029902fb2990
Event: 147.499 Thread 0x0000029979c7e7c0 flushing  nmethod 0x0000029902fbe390

Events (20 events):
Event: 91007.236 Thread 0x000002995ea47b80 Thread exited: 0x000002995ea47b80
Event: 91008.354 Thread 0x000002995ea29850 Thread exited: 0x000002995ea29850
Event: 91011.704 Thread 0x000002995caf3560 Thread exited: 0x000002995caf3560
Event: 91020.819 Thread 0x000002995ea49c50 Thread exited: 0x000002995ea49c50
Event: 91022.954 Thread 0x000002995ea4a970 Thread exited: 0x000002995ea4a970
Event: 91071.720 Thread 0x000002995caf6350 Thread exited: 0x000002995caf6350
Event: 91131.721 Thread 0x000002995caf4280 Thread exited: 0x000002995caf4280
Event: 91191.729 Thread 0x000002995caf7700 Thread exited: 0x000002995caf7700
Event: 91251.737 Thread 0x000002995caf2ed0 Thread exited: 0x000002995caf2ed0
Event: 91311.741 Thread 0x000002995caf69e0 Thread exited: 0x000002995caf69e0
Event: 91346.899 Thread 0x000002997f25a210 Thread added: 0x00000299595f9c00
Event: 91346.926 Thread 0x000002995ea44d90 Thread added: 0x000002995bdeeaf0
Event: 91346.946 Thread 0x000002997f25a210 Thread added: 0x00000299595fe020
Event: 91347.072 Thread 0x000002995bdeeaf0 Thread added: 0x000002995bdefea0
Event: 91347.304 Thread 0x00000299595fe020 Thread exited: 0x00000299595fe020
Event: 91348.041 Thread 0x0000029979c88560 Thread added: 0x00000299595fb070
Event: 91348.185 Thread 0x00000299595fb070 Thread exited: 0x00000299595fb070
Event: 91348.444 Thread 0x000002995ea4b000 Thread added: 0x000002995bdf0530
Event: 91350.415 Thread 0x000002995ea4b000 Thread added: 0x000002995bded0b0
Event: 91350.803 Thread 0x00000299595f9c00 Thread exited: 0x00000299595f9c00


Dynamic libraries:
0x00007ff7aa430000 - 0x00007ff7aa43e000 	c:\Users\Akanksha.Surve\.antigravity\extensions\redhat.java-1.54.0-win32-x64\jre\21.0.10-win32-x86_64\bin\java.exe
0x00007ffd89f60000 - 0x00007ffd8a1c8000 	C:\WINDOWS\SYSTEM32\ntdll.dll
0x00007ffd888d0000 - 0x00007ffd88999000 	C:\WINDOWS\System32\KERNEL32.DLL
0x00007ffd87720000 - 0x00007ffd87b18000 	C:\WINDOWS\System32\KERNELBASE.dll
0x00007ffd870b0000 - 0x00007ffd871fb000 	C:\WINDOWS\System32\ucrtbase.dll
0x00007ffd54650000 - 0x00007ffd54668000 	c:\Users\Akanksha.Surve\.antigravity\extensions\redhat.java-1.54.0-win32-x64\jre\21.0.10-win32-x86_64\bin\jli.dll
0x00007ffd88ef0000 - 0x00007ffd890b7000 	C:\WINDOWS\System32\USER32.dll
0x00007ffd87340000 - 0x00007ffd87367000 	C:\WINDOWS\System32\win32u.dll
0x00007ffd88410000 - 0x00007ffd8843b000 	C:\WINDOWS\System32\GDI32.dll
0x00007ffd87b20000 - 0x00007ffd87c4c000 	C:\WINDOWS\System32\gdi32full.dll
0x00007ffd87290000 - 0x00007ffd87333000 	C:\WINDOWS\System32\msvcp_win.dll
0x00007ffd50c80000 - 0x00007ffd50c9e000 	c:\Users\Akanksha.Surve\.antigravity\extensions\redhat.java-1.54.0-win32-x64\jre\21.0.10-win32-x86_64\bin\VCRUNTIME140.dll
0x00007ffd864c0000 - 0x00007ffd86754000 	C:\WINDOWS\WinSxS\amd64_microsoft.windows.common-controls_6595b64144ccf1df_6.0.26100.7019_none_3e06ffa0e335b8a8\COMCTL32.dll
0x00007ffd89e60000 - 0x00007ffd89f09000 	C:\WINDOWS\System32\msvcrt.dll
0x00007ffd87ee0000 - 0x00007ffd87f11000 	C:\WINDOWS\System32\IMM32.DLL
0x00007ffd67040000 - 0x00007ffd6704c000 	c:\Users\Akanksha.Surve\.antigravity\extensions\redhat.java-1.54.0-win32-x64\jre\21.0.10-win32-x86_64\bin\vcruntime140_1.dll
0x00007ffd26b00000 - 0x00007ffd26b8d000 	c:\Users\Akanksha.Surve\.antigravity\extensions\redhat.java-1.54.0-win32-x64\jre\21.0.10-win32-x86_64\bin\msvcp140.dll
0x00007ffcf2e50000 - 0x00007ffcf3bf1000 	c:\Users\Akanksha.Surve\.antigravity\extensions\redhat.java-1.54.0-win32-x64\jre\21.0.10-win32-x86_64\bin\server\jvm.dll
0x00007ffd898c0000 - 0x00007ffd89974000 	C:\WINDOWS\System32\ADVAPI32.dll
0x00007ffd87e00000 - 0x00007ffd87ea6000 	C:\WINDOWS\System32\sechost.dll
0x00007ffd87f20000 - 0x00007ffd88038000 	C:\WINDOWS\System32\RPCRT4.dll
0x00007ffd89c00000 - 0x00007ffd89c74000 	C:\WINDOWS\System32\WS2_32.dll
0x00007ffd86f10000 - 0x00007ffd86f6e000 	C:\WINDOWS\SYSTEM32\POWRPROF.dll
0x00007ffd80440000 - 0x00007ffd80475000 	C:\WINDOWS\SYSTEM32\WINMM.dll
0x00007ffd7b5b0000 - 0x00007ffd7b5bb000 	C:\WINDOWS\SYSTEM32\VERSION.dll
0x00007ffd86ef0000 - 0x00007ffd86f04000 	C:\WINDOWS\SYSTEM32\UMPDC.dll
0x00007ffd854a0000 - 0x00007ffd854bb000 	C:\WINDOWS\SYSTEM32\kernel.appcore.dll
0x00007ffd64700000 - 0x00007ffd6470a000 	c:\Users\Akanksha.Surve\.antigravity\extensions\redhat.java-1.54.0-win32-x64\jre\21.0.10-win32-x86_64\bin\jimage.dll
0x00007ffd86870000 - 0x00007ffd86ab2000 	C:\WINDOWS\SYSTEM32\DBGHELP.DLL
0x00007ffd88aa0000 - 0x00007ffd88e2b000 	C:\WINDOWS\System32\combase.dll
0x00007ffd89b20000 - 0x00007ffd89bf7000 	C:\WINDOWS\System32\OLEAUT32.dll
0x00007ffd86760000 - 0x00007ffd8679c000 	C:\WINDOWS\SYSTEM32\dbgcore.DLL
0x00007ffd87c50000 - 0x00007ffd87cf5000 	C:\WINDOWS\System32\bcryptPrimitives.dll
0x00007ffd5fd10000 - 0x00007ffd5fd1f000 	c:\Users\Akanksha.Surve\.antigravity\extensions\redhat.java-1.54.0-win32-x64\jre\21.0.10-win32-x86_64\bin\instrument.dll
0x00007ffd50810000 - 0x00007ffd50830000 	c:\Users\Akanksha.Surve\.antigravity\extensions\redhat.java-1.54.0-win32-x64\jre\21.0.10-win32-x86_64\bin\java.dll
0x00007ffd890c0000 - 0x00007ffd8980f000 	C:\WINDOWS\System32\SHELL32.dll
0x00007ffd87370000 - 0x00007ffd874db000 	C:\WINDOWS\System32\wintypes.dll
0x00007ffd84180000 - 0x00007ffd849dd000 	C:\WINDOWS\SYSTEM32\windows.storage.dll
0x00007ffd889a0000 - 0x00007ffd88a92000 	C:\WINDOWS\System32\SHCORE.dll
0x00007ffd88250000 - 0x00007ffd882b7000 	C:\WINDOWS\System32\shlwapi.dll
0x00007ffd86fd0000 - 0x00007ffd86ff9000 	C:\WINDOWS\SYSTEM32\profapi.dll
0x00007ffd4cf30000 - 0x00007ffd4cf48000 	c:\Users\Akanksha.Surve\.antigravity\extensions\redhat.java-1.54.0-win32-x64\jre\21.0.10-win32-x86_64\bin\zip.dll
0x00007ffd5c060000 - 0x00007ffd5c070000 	C:\Users\Akanksha.Surve\.antigravity\extensions\redhat.java-1.54.0-win32-x64\jre\21.0.10-win32-x86_64\bin\net.dll
0x00007ffd7eac0000 - 0x00007ffd7ebe8000 	C:\WINDOWS\SYSTEM32\WINHTTP.dll
0x00007ffd85a10000 - 0x00007ffd85a7b000 	C:\WINDOWS\system32\mswsock.dll
0x00007ffd4cca0000 - 0x00007ffd4ccb6000 	C:\Users\Akanksha.Surve\.antigravity\extensions\redhat.java-1.54.0-win32-x64\jre\21.0.10-win32-x86_64\bin\nio.dll
0x00007ffd5ba10000 - 0x00007ffd5ba20000 	c:\Users\Akanksha.Surve\.antigravity\extensions\redhat.java-1.54.0-win32-x64\jre\21.0.10-win32-x86_64\bin\verify.dll
0x00007ffd33350000 - 0x00007ffd33395000 	C:\Users\Akanksha.Surve\AppData\Roaming\Antigravity\User\globalStorage\redhat.java\1.54.0\config_win\org.eclipse.equinox.launcher\org.eclipse.equinox.launcher.win32.win32.x86_64_1.3.0.v20260203-2149\eclipse_11919.dll
0x00007ffd89980000 - 0x00007ffd89b17000 	C:\WINDOWS\System32\ole32.dll
0x00007ffd86be0000 - 0x00007ffd86bfb000 	C:\WINDOWS\SYSTEM32\CRYPTSP.dll
0x00007ffd85eb0000 - 0x00007ffd85eea000 	C:\WINDOWS\system32\rsaenh.dll
0x00007ffd85a80000 - 0x00007ffd85aab000 	C:\WINDOWS\SYSTEM32\USERENV.dll
0x00007ffd86fa0000 - 0x00007ffd86fca000 	C:\WINDOWS\SYSTEM32\bcrypt.dll
0x00007ffd86100000 - 0x00007ffd8610c000 	C:\WINDOWS\SYSTEM32\CRYPTBASE.dll
0x00007ffd84cf0000 - 0x00007ffd84d24000 	C:\WINDOWS\SYSTEM32\IPHLPAPI.DLL
0x00007ffd89820000 - 0x00007ffd8982a000 	C:\WINDOWS\System32\NSI.dll
0x00007ffd4bf40000 - 0x00007ffd4bf89000 	C:\Users\Akanksha.Surve\AppData\Local\Temp\jna-907455049\jna10036322783879831797.dll
0x00007ffd89f10000 - 0x00007ffd89f18000 	C:\WINDOWS\System32\PSAPI.DLL
0x00007ffd80290000 - 0x00007ffd802ae000 	C:\WINDOWS\SYSTEM32\dhcpcsvc6.DLL
0x00007ffd80210000 - 0x00007ffd80233000 	C:\WINDOWS\SYSTEM32\dhcpcsvc.DLL
0x00007ffd5b020000 - 0x00007ffd5b02e000 	C:\Users\Akanksha.Surve\.antigravity\extensions\redhat.java-1.54.0-win32-x64\jre\21.0.10-win32-x86_64\bin\sunmscapi.dll
0x00007ffd875a0000 - 0x00007ffd87717000 	C:\WINDOWS\System32\CRYPT32.dll
0x00007ffd860c0000 - 0x00007ffd860f0000 	C:\WINDOWS\SYSTEM32\ncrypt.dll
0x00007ffd86130000 - 0x00007ffd8616f000 	C:\WINDOWS\SYSTEM32\NTASN1.dll
0x00007ffd84d80000 - 0x00007ffd84eac000 	C:\WINDOWS\SYSTEM32\DNSAPI.dll
0x00007ffd7cf70000 - 0x00007ffd7cf7b000 	C:\Windows\System32\rasadhlp.dll
0x00007ffd7f810000 - 0x00007ffd7f896000 	C:\WINDOWS\System32\fwpuclnt.dll
0x00007ffd5af80000 - 0x00007ffd5af89000 	C:\Users\Akanksha.Surve\.antigravity\extensions\redhat.java-1.54.0-win32-x64\jre\21.0.10-win32-x86_64\bin\extnet.dll
0x00007ffd86830000 - 0x00007ffd86866000 	C:\WINDOWS\SYSTEM32\ntmarta.dll

JVMTI agents:
c:\Users\Akanksha.Surve\.antigravity\extensions\redhat.java-1.54.0-win32-x64\lombok\lombok-1.18.39-4050.jar path:c:\Users\Akanksha.Surve\.antigravity\extensions\redhat.java-1.54.0-win32-x64\jre\21.0.10-win32-x86_64\bin\instrument.dll, loaded, initialized, instrumentlib options:none

dbghelp: loaded successfully - version: 4.0.5 - missing functions: none
symbol engine: initialized successfully - sym options: 0x614 - pdb path: .;c:\Users\Akanksha.Surve\.antigravity\extensions\redhat.java-1.54.0-win32-x64\jre\21.0.10-win32-x86_64\bin;C:\WINDOWS\SYSTEM32;C:\WINDOWS\WinSxS\amd64_microsoft.windows.common-controls_6595b64144ccf1df_6.0.26100.7019_none_3e06ffa0e335b8a8;c:\Users\Akanksha.Surve\.antigravity\extensions\redhat.java-1.54.0-win32-x64\jre\21.0.10-win32-x86_64\bin\server;C:\Users\Akanksha.Surve\AppData\Roaming\Antigravity\User\globalStorage\redhat.java\1.54.0\config_win\org.eclipse.equinox.launcher\org.eclipse.equinox.launcher.win32.win32.x86_64_1.3.0.v20260203-2149;C:\Users\Akanksha.Surve\AppData\Local\Temp\jna-907455049

VM Arguments:
jvm_args: --add-modules=ALL-SYSTEM --add-opens=java.base/java.util=ALL-UNNAMED --add-opens=java.base/java.lang=ALL-UNNAMED --add-opens=java.base/sun.nio.fs=ALL-UNNAMED -Declipse.application=org.eclipse.jdt.ls.core.id1 -Dosgi.bundles.defaultStartLevel=4 -Declipse.product=org.eclipse.jdt.ls.core.product -Djava.import.generatesMetadataFilesAtProjectRoot=false -DDetectVMInstallationsJob.disabled=true -Dfile.encoding=utf8 -XX:+UseParallelGC -XX:GCTimeRatio=4 -XX:AdaptiveSizePolicyWeight=90 -Dsun.zip.disableMemoryMapping=true -Xmx2G -Xms100m -Xlog:disable -javaagent:c:\Users\Akanksha.Surve\.antigravity\extensions\redhat.java-1.54.0-win32-x64\lombok\lombok-1.18.39-4050.jar -XX:+HeapDumpOnOutOfMemoryError -XX:HeapDumpPath=c:\Users\Akanksha.Surve\AppData\Roaming\Antigravity\User\workspaceStorage\c3684e1d2115715f3b0a0c14ab701b21\redhat.java -Daether.dependencyCollector.impl=bf 
java_command: c:\Users\Akanksha.Surve\.antigravity\extensions\redhat.java-1.54.0-win32-x64\server\plugins\org.eclipse.equinox.launcher_1.7.100.v20251111-0406.jar -configuration c:\Users\Akanksha.Surve\AppData\Roaming\Antigravity\User\globalStorage\redhat.java\1.54.0\config_win -data c:\Users\Akanksha.Surve\AppData\Roaming\Antigravity\User\workspaceStorage\c3684e1d2115715f3b0a0c14ab701b21\redhat.java\jdt_ws --pipe=\\.\pipe\lsp-7c7240ba212db9461aed816c92fceb7f-sock
java_class_path (initial): c:\Users\Akanksha.Surve\.antigravity\extensions\redhat.java-1.54.0-win32-x64\server\plugins\org.eclipse.equinox.launcher_1.7.100.v20251111-0406.jar
Launcher Type: SUN_STANDARD

[Global flags]
    uintx AdaptiveSizePolicyWeight                 = 90                                        {product} {command line}
     intx CICompilerCount                          = 12                                        {product} {ergonomic}
    uintx GCTimeRatio                              = 4                                         {product} {command line}
     bool HeapDumpOnOutOfMemoryError               = true                                   {manageable} {command line}
    ccstr HeapDumpPath                             = c:\Users\Akanksha.Surve\AppData\Roaming\Antigravity\User\workspaceStorage\c3684e1d2115715f3b0a0c14ab701b21\redhat.java         {manageable} {command line}
   size_t InitialHeapSize                          = 104857600                                 {product} {command line}
   size_t MaxHeapSize                              = 2147483648                                {product} {command line}
   size_t MaxNewSize                               = 715653120                                 {product} {ergonomic}
   size_t MinHeapDeltaBytes                        = 524288                                    {product} {ergonomic}
   size_t MinHeapSize                              = 104857600                                 {product} {command line}
   size_t NewSize                                  = 34603008                                  {product} {ergonomic}
    uintx NonNMethodCodeHeapSize                   = 7602480                                {pd product} {ergonomic}
    uintx NonProfiledCodeHeapSize                  = 122027880                              {pd product} {ergonomic}
   size_t OldSize                                  = 70254592                                  {product} {ergonomic}
    uintx ProfiledCodeHeapSize                     = 122027880                              {pd product} {ergonomic}
    uintx ReservedCodeCacheSize                    = 251658240                              {pd product} {ergonomic}
     bool SegmentedCodeCache                       = true                                      {product} {ergonomic}
   size_t SoftMaxHeapSize                          = 2147483648                             {manageable} {ergonomic}
     bool UseCompressedOops                        = true                           {product lp64_product} {ergonomic}
     bool UseLargePagesIndividualAllocation        = false                                  {pd product} {ergonomic}
     bool UseParallelGC                            = true                                      {product} {command line}

Logging:
Log output configuration:
 #0: stdout all=off uptime,level,tags foldmultilines=false
 #1: stderr all=off uptime,level,tags foldmultilines=false

Release file:
JAVA_VERSION="21.0.10" 
MODULES="java.base java.compiler java.datatransfer java.xml java.prefs java.desktop java.instrument java.logging java.management java.security.sasl java.naming java.rmi java.management.rmi java.net.http java.scripting java.security.jgss java.transaction.xa java.sql java.sql.rowset java.xml.crypto java.se java.smartcardio jdk.accessibility jdk.internal.jvmstat jdk.attach jdk.charsets jdk.internal.opt jdk.zipfs jdk.compiler jdk.crypto.ec jdk.crypto.cryptoki jdk.crypto.mscapi jdk.dynalink jdk.internal.ed jdk.editpad jdk.hotspot.agent jdk.httpserver jdk.internal.le jdk.internal.vm.ci jdk.internal.vm.compiler jdk.internal.vm.compiler.management jdk.jartool jdk.javadoc jdk.jcmd jdk.management jdk.management.agent jdk.jconsole jdk.jdeps jdk.jdwp.agent jdk.jdi jdk.jfr jdk.jshell jdk.jsobject jdk.jstatd jdk.localedata jdk.management.jfr jdk.naming.dns jdk.naming.rmi jdk.net jdk.nio.mapmode jdk.random jdk.sctp jdk.security.auth jdk.security.jgss jdk.unsupported jdk.unsupported.desktop jdk.xml.dom" 

Environment Variables:
PATH=C:\Program Files\Common Files\Oracle\Java\javapath;C:\Program Files (x86)\Common Files\Oracle\Java\javapath;C:\WINDOWS\system32;C:\WINDOWS;C:\WINDOWS\System32\Wbem;C:\WINDOWS\System32\WindowsPowerShell\v1.0\;C:\WINDOWS\System32\OpenSSH\;C:\Program Files\PuTTY\;C:\Program Files\nodejs\;C:\Users\Akanksha.Surve\AppData\Local\Microsoft\WindowsApps;C:\Users\Akanksha.Surve\AppData\Roaming\npm;C:\Users\Akanksha.Surve\AppData\Local\Programs\Git\cmd;C:\Users\Akanksha.Surve\AppData\Local\Programs\Antigravity\bin
USERNAME=Akanksha.Surve
OS=Windows_NT
PROCESSOR_IDENTIFIER=Intel64 Family 6 Model 191 Stepping 2, GenuineIntel
TMP=C:\Users\AKANKS~1.SUR\AppData\Local\Temp
TEMP=C:\Users\AKANKS~1.SUR\AppData\Local\Temp




Periodic native trim disabled

---------------  S Y S T E M  ---------------

OS:
 Windows 11 , 64 bit Build 26100 (10.0.26100.7019)
OS uptime: 1 days 7:00 hours
Hyper-V role detected

CPU: total 16 (initial active 16) (8 cores per cpu, 2 threads per core) family 6 model 191 stepping 2 microcode 0x3a, cx8, cmov, fxsr, ht, mmx, 3dnowpref, sse, sse2, sse3, ssse3, sse4.1, sse4.2, popcnt, lzcnt, tsc, tscinvbit, avx, avx2, aes, erms, clmul, bmi1, bmi2, adx, sha, fma, vzeroupper, clflush, clflushopt, clwb, hv, serialize, rdtscp, rdpid, fsrm, f16c, cet_ibt, cet_ss
Processor Information for the first 16 processors :
  Max Mhz: 2500, Current Mhz: 2500, Mhz Limit: 2500

Memory: 4k page, system-wide physical 32454M (13036M free)
TotalPageFile size 34502M (AvailPageFile size 6017M)
current process WorkingSet (physical memory assigned to process): 1108M, peak: 1108M
current process commit charge ("private bytes"): 1431M, peak: 1431M

vm_info: OpenJDK 64-Bit Server VM (21.0.10+7-LTS) for windows-amd64 JRE (21.0.10+7-LTS), built on 2026-01-20T00:00:00Z by "admin" with MS VC++ 17.12 (VS2022)

END.
